-- MySQL dump 10.13  Distrib 5.5.38, for debian-linux-gnu (x86_64)
--
-- Host: localhost    Database: vahed_production
-- ------------------------------------------------------
-- Server version	5.5.38-0ubuntu0.14.04.1

/*!40101 SET @OLD_CHARACTER_SET_CLIENT=@@CHARACTER_SET_CLIENT */;
/*!40101 SET @OLD_CHARACTER_SET_RESULTS=@@CHARACTER_SET_RESULTS */;
/*!40101 SET @OLD_COLLATION_CONNECTION=@@COLLATION_CONNECTION */;
/*!40101 SET NAMES utf8 */;
/*!40103 SET @OLD_TIME_ZONE=@@TIME_ZONE */;
/*!40103 SET TIME_ZONE='+00:00' */;
/*!40014 SET @OLD_UNIQUE_CHECKS=@@UNIQUE_CHECKS, UNIQUE_CHECKS=0 */;
/*!40014 SET @OLD_FOREIGN_KEY_CHECKS=@@FOREIGN_KEY_CHECKS, FOREIGN_KEY_CHECKS=0 */;
/*!40101 SET @OLD_SQL_MODE=@@SQL_MODE, SQL_MODE='NO_AUTO_VALUE_ON_ZERO' */;
/*!40111 SET @OLD_SQL_NOTES=@@SQL_NOTES, SQL_NOTES=0 */;

--
-- Current Database: `vahed_production`
--

CREATE DATABASE /*!32312 IF NOT EXISTS*/ `vahed_production` /*!40100 DEFAULT CHARACTER SET utf8 */;

USE `vahed_production`;

--
-- Table structure for table `admins`
--

DROP TABLE IF EXISTS `admins`;
/*!40101 SET @saved_cs_client     = @@character_set_client */;
/*!40101 SET character_set_client = utf8 */;
CREATE TABLE `admins` (
  `id` int(11) NOT NULL AUTO_INCREMENT,
  `email` varchar(255) NOT NULL DEFAULT '',
  `encrypted_password` varchar(255) NOT NULL DEFAULT '',
  `reset_password_token` varchar(255) DEFAULT NULL,
  `reset_password_sent_at` datetime DEFAULT NULL,
  `remember_created_at` datetime DEFAULT NULL,
  `sign_in_count` int(11) NOT NULL DEFAULT '0',
  `current_sign_in_at` datetime DEFAULT NULL,
  `last_sign_in_at` datetime DEFAULT NULL,
  `current_sign_in_ip` varchar(255) DEFAULT NULL,
  `last_sign_in_ip` varchar(255) DEFAULT NULL,
  `failed_attempts` int(11) NOT NULL DEFAULT '0',
  `unlock_token` varchar(255) DEFAULT NULL,
  `locked_at` datetime DEFAULT NULL,
  `created_at` datetime DEFAULT NULL,
  `updated_at` datetime DEFAULT NULL,
  PRIMARY KEY (`id`),
  UNIQUE KEY `index_admins_on_email` (`email`),
  UNIQUE KEY `index_admins_on_reset_password_token` (`reset_password_token`),
  UNIQUE KEY `index_admins_on_unlock_token` (`unlock_token`)
) ENGINE=InnoDB AUTO_INCREMENT=2 DEFAULT CHARSET=utf8;
/*!40101 SET character_set_client = @saved_cs_client */;

--
-- Dumping data for table `admins`
--

LOCK TABLES `admins` WRITE;
/*!40000 ALTER TABLE `admins` DISABLE KEYS */;
INSERT INTO `admins` VALUES (1,'admin@acm.ut.ac.ir','$2a$10$LqJpfny03ltAYF6ipIDRM.Qm2D9sqEioVy3sHf1ccmHs.Qip08DVy',NULL,NULL,NULL,25,'2014-08-26 08:25:39','2014-08-26 07:42:13','172.16.32.80','172.16.32.40',1,NULL,NULL,'2014-08-21 04:42:00','2014-08-26 10:43:09');
/*!40000 ALTER TABLE `admins` ENABLE KEYS */;
UNLOCK TABLES;

--
-- Table structure for table `courses`
--

DROP TABLE IF EXISTS `courses`;
/*!40101 SET @saved_cs_client     = @@character_set_client */;
/*!40101 SET character_set_client = utf8 */;
CREATE TABLE `courses` (
  `id` int(11) NOT NULL AUTO_INCREMENT,
  `title` varchar(255) DEFAULT NULL,
  `content` text,
  `unit_num` int(11) DEFAULT NULL,
  `code` varchar(255) DEFAULT NULL,
  `major_id` int(11) DEFAULT NULL,
  `created_at` datetime DEFAULT NULL,
  `updated_at` datetime DEFAULT NULL,
  PRIMARY KEY (`id`)
) ENGINE=InnoDB AUTO_INCREMENT=155 DEFAULT CHARSET=utf8;
/*!40101 SET character_set_client = @saved_cs_client */;

--
-- Dumping data for table `courses`
--

LOCK TABLES `courses` WRITE;
/*!40000 ALTER TABLE `courses` DISABLE KEYS */;
INSERT INTO `courses` VALUES (1,'آزمایشگاه سیستم های کنترل خطی','',1,'8101012',8,'2014-08-21 04:44:00','2014-08-21 09:41:19'),(2,'آزمایشگاه ماشین های الکتریکی (1)','',1,'8101016',8,'2014-08-21 04:44:02','2014-08-21 09:41:27'),(3,'آزمایشگاه ماشین های الکتریکی (2) ','',1,'8101017',8,'2014-08-21 04:44:03','2014-08-21 09:41:34'),(4,'آزمایشگاه الکترونیک صنعتی','',1,'8101021',8,'2014-08-21 04:44:03','2014-08-21 09:41:46'),(5,'آزمایشگاه الکترونیک (1)','',1,'8101022',7,'2014-08-21 04:44:04','2014-08-21 09:42:38'),(6,'آزمایشگاه الکترونیک (2)','',1,'8101024',8,'2014-08-21 04:44:05','2014-08-21 09:42:49'),(7,'آزمایشگاه الکترونیک (3)','',1,'8101026',8,'2014-08-21 04:44:05','2014-08-21 09:43:16'),(8,'آز عایق و فشار قوی','',1,'8101036',8,'2014-08-21 04:44:05','2014-08-21 09:43:20'),(9,'آزمایشگاه مدارهای مخابراتی','',1,'8101044',8,'2014-08-21 04:44:06','2014-08-21 09:43:34'),(10,'آزمایشگاه مدارهای منطقی','',1,'8101045',7,'2014-08-21 04:44:07','2014-08-21 09:43:39'),(11,'آزمایشگاه مدارهای منطقی','',1,'8101045',7,'2014-08-21 04:44:07','2014-08-21 22:06:31'),(12,'آزمایشگاه میکروپروسسور یا ریزپردازنده','',1,'8101046',7,'2014-08-21 04:44:08','2014-08-21 09:44:00'),(13,'آزمایشگاه مدار و اندازه گیری (1)','',1,'8101047',7,'2014-08-21 04:44:08','2014-08-21 09:44:04'),(14,'آزمایشگاه بررسی سیستم های قدرت','',1,'8101485',8,'2014-08-21 04:44:09','2014-08-21 09:44:15'),(15,'آزمایشگاه رادیو نرم‌افزار','',1,'8101705',8,'2014-08-21 04:44:10','2014-08-21 09:44:36'),(16,'آزمایشگاه معماری کامپیوتر','',1,'8101469',9,'2014-08-21 04:44:10','2014-08-21 09:47:04'),(17,'آزمایشگاه پایگاه داده ها','',1,'8101470',9,'2014-08-21 04:44:11','2014-08-21 10:09:17'),(18,'آزمایشگاه سیستم عامل','',1,'8101473',9,'2014-08-21 04:44:11','2014-08-21 09:47:17'),(19,'آزمایشگاه فناوری اطلاعات','',1,'8101700',9,'2014-08-21 04:44:11','2014-08-21 10:07:24'),(20,'آزمایشگاه روشنائی ','',1,'8101401',8,'2014-08-21 04:44:12','2014-08-21 09:47:29'),(21,'آزمایشگاه مولتی مدیا','',1,'8101711',9,'2014-08-21 04:44:12','2014-08-21 10:07:28'),(22,'کارگاه برق','',1,'8101303',8,'2014-08-21 04:44:12','2014-08-21 09:50:38'),(23,'آزمایشگاه تجهیزات پزشکی ','',1,'8101986',8,'2014-08-21 04:44:13','2014-08-21 09:50:47'),(24,'آزمایشگاه شبکه کامپیوتری','',1,'8101721',9,'2014-08-21 04:44:14','2014-08-21 09:48:27'),(25,'آزمایشگاه مایکروویو','',1,'8101041',8,'2014-08-21 04:44:14','2014-08-21 09:48:32'),(26,'کارگاه عمومی','',1,'8101304',7,'2014-08-21 04:44:14','2014-08-21 09:48:45'),(27,'کارگاه عمومی','',1,'8101304',7,'2014-08-21 04:44:15','2014-08-21 09:48:58'),(28,'کارگاه کامپیوتر','',1,'8101305',9,'2014-08-21 04:44:16','2014-08-21 09:49:18'),(29,'الکترومغناطیس','',3,'8101072',8,'2014-08-21 04:44:16','2014-08-21 09:49:23'),(30,'الکترونیک صنعتی','',3,'8101078',8,'2014-08-21 04:44:17','2014-08-21 09:49:30'),(31,'الکترونیک (1)','',3,'8101087',7,'2014-08-21 04:44:17','2014-08-21 09:49:45'),(32,'الکترونیک (2)','',3,'8101088',8,'2014-08-21 04:44:18','2014-08-21 09:49:50'),(33,'الکترونیک (3)','',3,'8101089',8,'2014-08-21 04:44:19','2014-08-21 09:49:57'),(34,'آمار و احتمالات','',3,'8101092',2,'2014-08-21 04:44:19','2014-08-21 09:50:18'),(35,'بررسی سیستم های قدرت (1)','',3,'8101109',8,'2014-08-21 04:44:20','2014-08-21 09:50:25'),(36,'بررسی سیستمهای قدرت (2)','',3,'8101111',8,'2014-08-21 04:44:21','2014-08-21 09:50:32'),(37,'برنامه سازی پیشرفته','',3,'8101119',9,'2014-08-21 04:44:21','2014-08-21 09:51:12'),(38,'پروژه کارشناسی',NULL,3,'8101138',1,'2014-08-21 04:44:21','2014-08-21 04:44:21'),(39,'تأسیسات الکتریکی','',3,'8101142',8,'2014-08-21 04:44:22','2014-08-21 09:51:30'),(40,'تجزیه و تحلیل سیستم ها','',3,'8101144',7,'2014-08-21 04:44:22','2014-08-21 09:51:35'),(41,'تحقیق در عملیات ','',3,'8101145',7,'2014-08-21 04:44:23','2014-08-21 10:14:43'),(42,'تولید و نیروگاه','',3,'8101162',8,'2014-08-21 04:44:23','2014-08-21 09:51:48'),(43,'ریاضی مهندسی','',3,'8101206',7,'2014-08-21 04:44:23','2014-08-21 09:52:21'),(44,'رله و حفاظت','',3,'8101200',8,'2014-08-21 04:44:24','2014-08-21 09:52:40'),(45,'زبان تخصصی','',2,'8101209',7,'2014-08-21 04:44:24','2014-08-21 09:55:05'),(46,'سیستم های کنترل خطی','',3,'8101224',8,'2014-08-21 04:44:25','2014-08-21 09:57:36'),(47,'شیوه ارائه مطالب علمی و فنی','',2,'8101246',9,'2014-08-21 04:44:26','2014-08-21 09:57:46'),(48,'ریزپردازنده (میکروپروسسور)','',3,'8101207',7,'2014-08-21 04:44:27','2014-08-21 09:57:52'),(49,'عایق ها و فشار قوی','',3,'8101268',8,'2014-08-21 04:44:27','2014-08-21 09:58:04'),(50,'فیزیک الکترونیک','',3,'8101277',8,'2014-08-21 04:44:27','2014-08-21 09:58:18'),(51,'فیزیک مدرن','',3,'8101285',8,'2014-08-21 04:44:27','2014-08-21 09:58:35'),(52,'کنترل صنعتی','',3,'8101309',8,'2014-08-21 04:44:28','2014-08-21 09:58:40'),(53,'ماشین های الکتریکی (2)','',3,'8101322',8,'2014-08-21 04:44:28','2014-08-21 09:58:48'),(54,'ماشین های الکتریکی (3)','',3,'8101458',8,'2014-08-21 04:44:29','2014-08-21 09:58:54'),(55,'مایکروویو (1)','',3,'8101328',8,'2014-08-21 04:44:29','2014-08-21 09:58:59'),(56,'مبانی کامپیوتر و برنامه سازی','',4,'8101347',7,'2014-08-21 04:44:29','2014-08-21 09:59:06'),(57,'مخابرات (1)','',3,'8101354',8,'2014-08-21 04:44:30','2014-08-21 09:59:21'),(58,'میدان ها و امواج','',3,'8101389',8,'2014-08-21 04:44:30','2014-08-21 09:59:27'),(59,'مدارهای الکتریکی (1)','',3,'8101359',7,'2014-08-21 04:44:30','2014-08-21 09:59:34'),(60,'مخابرات (2)','',3,'8101355',8,'2014-08-21 04:44:31','2014-08-21 09:59:37'),(61,'مدارهای الکتریکی (2)','',3,'8101360',8,'2014-08-21 04:44:32','2014-08-21 09:59:44'),(62,'مدارهای مخابراتی','',3,'8101366',8,'2014-08-21 04:44:32','2014-08-21 10:00:16'),(63,'مدارهای منطقی','',3,'8101367',7,'2014-08-21 04:44:32','2014-08-21 10:00:22'),(64,'موضوعات پیشرفته در سخت افزار','',3,'8101381',9,'2014-08-21 04:44:32','2014-08-21 10:09:51'),(65,'هوش مصنوعی','',3,'8101397',9,'2014-08-21 04:44:33','2014-08-21 10:07:52'),(66,'شبکه های کامپیوتری','',3,'8101412',9,'2014-08-21 04:44:33','2014-08-21 10:00:43'),(67,'معماری کامپیوتر ','',3,'8101423',7,'2014-08-21 04:44:34','2014-08-21 10:00:55'),(68,'طراحی و ساخت کامپایلر','',3,'8101420',9,'2014-08-21 04:44:34','2014-08-21 10:01:08'),(69,'طراحی الگوریتم','',3,'8101424',9,'2014-08-21 04:44:34','2014-08-21 10:01:13'),(70,'ماشین های الکتریکی (1)','',3,'8101425',8,'2014-08-21 04:44:35','2014-08-21 10:01:24'),(71,'ساختمان داده ها و الگوریتم','',3,'8101437',9,'2014-08-21 04:44:35','2014-08-21 10:01:35'),(72,'ماشین مخصوص ','',3,'8101326',8,'2014-08-21 04:44:36','2014-08-21 10:01:40'),(73,'طراحی خطوط و انتقال انرژی','',3,'8101260',8,'2014-08-21 04:44:36','2014-08-21 10:01:55'),(74,'سیستم های عامل (1)','',3,'8101443',9,'2014-08-21 04:44:36','2014-08-21 10:02:00'),(75,'نظریه زبان ها و ماشین ها','',3,'8101444',9,'2014-08-21 04:44:37','2014-08-21 10:02:40'),(76,'طراحی سیستمهای خیلی فشرده','',3,'8101446',9,'2014-08-21 04:44:37','2014-08-21 10:03:14'),(77,'سیستم های کنترل پیشرفته','',3,'8101447',8,'2014-08-21 04:44:37','2014-08-21 10:03:40'),(78,'پایگاه داده ها ','',3,'8101459',9,'2014-08-21 04:44:38','2014-08-21 10:03:48'),(79,'طراحی زبانهای برنامه سازی','',3,'8101460',9,'2014-08-21 04:44:38','2014-08-21 10:03:53'),(80,'مهندسی نرم افزار (2)','',3,'8101461',9,'2014-08-21 04:44:38','2014-08-21 10:03:58'),(81,'ساختمان گسسته','',3,'8101480',9,'2014-08-21 04:44:39','2014-08-21 10:04:03'),(82,'اصول و مبانی مدیریت','',3,'8101674',9,'2014-08-21 04:44:39','2014-08-21 10:04:09'),(83,'مبانی کار آفرینی','',2,'8101703',9,'2014-08-21 04:44:39','2014-08-21 10:04:13'),(84,'مبانی سیستم های حرارتی','',3,'8101706',8,'2014-08-21 04:44:39','2014-08-21 10:04:18'),(85,'مبانی فناوری اطلاعات','',3,'8101673',9,'2014-08-21 04:44:40','2014-08-21 10:04:39'),(86,'تجهیزات عمومی بیمارستان ها','',3,'8101709',8,'2014-08-21 04:44:40','2014-08-21 10:04:43'),(87,'مدیریت اطلاعات پزشکی','',3,'8101984',8,'2014-08-21 04:44:40','2014-08-21 10:04:52'),(88,'فیزیولوژی (2)','',3,'8101982',8,'2014-08-21 04:44:41','2014-08-21 10:04:56'),(89,'سیستمهای نهفته مبتنی بر مدارات قابل برنامه ریزی','',4,'8101804',9,'2014-08-21 04:44:41','2014-08-21 10:05:04'),(90,'نمونه سازی سریع','',3,'8101228',8,'2014-08-21 04:44:42','2014-08-21 10:05:08'),(91,'شبیه سازی شیءگرای سیستمهای الکترونیکی','',3,'8101342',8,'2014-08-21 04:44:42','2014-08-21 10:05:13'),(92,'مدیریت استراتژیک فناوری اطلاعات','',3,'8101701',9,'2014-08-21 04:44:42','2014-08-21 10:05:53'),(93,'طراحی واسط کاربر','',3,'8101503',9,'2014-08-21 04:44:43','2014-08-21 10:05:59'),(94,'اصول سیستمهای رادیولوژی','',3,'8101707',8,'2014-08-21 04:44:43','2014-08-21 10:06:19'),(95,'اندازه گیری الکتریکی','',3,'8101105',8,'2014-08-21 04:44:43','2014-08-21 10:06:25'),(96,'ساختمان داده در مهندسی برق','',3,'8101139',8,'2014-08-21 04:44:44','2014-08-21 10:06:30'),(97,'شبیه سازی کامپیوتری','',3,'8101426',9,'2014-08-21 04:44:44','2014-08-21 10:06:35'),(98,'آنتن (1)','',3,'8101103',8,'2014-08-21 04:44:44','2014-08-21 10:06:52'),(99,'امنیت شبکه','',3,'8101608',9,'2014-08-21 05:28:12','2014-08-21 10:06:56'),(100,'آمار و احتمالات',NULL,3,'8120017',2,'2014-08-21 08:40:24','2014-08-21 08:40:24'),(101,'برنامه نویسی کامپیوترc++',NULL,3,'8120025',2,'2014-08-21 08:40:24','2014-08-21 08:40:24'),(102,'برنامه نویسی کامپیوتر Fortranعمران ',NULL,3,'8120025',2,'2014-08-21 08:40:25','2014-08-21 08:40:25'),(103,'روشهای محاسبات عددی',NULL,3,'8120041',2,'2014-08-21 08:40:25','2014-08-21 08:40:25'),(104,'ریاضیات مهندسی ',NULL,3,'8120047',2,'2014-08-21 08:40:25','2014-08-21 08:40:25'),(105,'شیمی عمومی 1',NULL,3,'8120063',2,'2014-08-21 08:40:26','2014-08-21 08:40:26'),(106,'مبانی  کامپیوتر و برنامه  سازی',NULL,4,'8101347',2,'2014-08-21 08:40:28','2014-08-21 08:40:28'),(107,'محاسبات عددی ',NULL,2,'8120096',2,'2014-08-21 08:40:28','2014-08-21 08:40:28'),(108,'معادلات دیفرانسیل',NULL,3,'8120097',2,'2014-08-21 08:40:29','2014-08-21 08:40:29'),(109,'نقشه کشی صنعتی برق',NULL,1,'8120105',2,'2014-08-21 08:40:30','2014-08-21 08:40:30'),(110,'نقشه کشی صنعتی برق ',NULL,1,'8120105',2,'2014-08-21 08:40:31','2014-08-21 08:40:31'),(111,'نقشه کشی صنعتی 1 ',NULL,2,'8120106',2,'2014-08-21 08:40:31','2014-08-21 08:40:31'),(112,'نقشه کشی صنعتی 1 (عمران)',NULL,2,'8120106',2,'2014-08-21 08:40:32','2014-08-21 08:40:32'),(113,'نقشه کشی صنعتی1 (مکانیک)',NULL,2,'8120106',2,'2014-08-21 08:40:32','2014-08-21 08:40:32'),(114,'نقشه کشی صنعتی 1 (مکانیک)',NULL,2,'8120106',2,'2014-08-21 08:40:32','2014-08-21 08:40:32'),(115,'شیمی عمومی',NULL,3,'8120113',2,'2014-08-21 08:40:33','2014-08-21 08:40:33'),(116,'شیمی عمومی ',NULL,3,'8120113',2,'2014-08-21 08:40:34','2014-08-21 08:40:34'),(117,'فیزیک 1',NULL,3,'8120115',2,'2014-08-21 08:40:34','2014-08-21 08:40:34'),(118,'فیزیک 1 ',NULL,3,'8120115',2,'2014-08-21 08:40:36','2014-08-21 08:40:36'),(119,'فیزیک 2 ',NULL,3,'8120116',2,'2014-08-21 08:40:37','2014-08-21 08:40:37'),(120,'ریاضی 1',NULL,3,'8120121',2,'2014-08-21 08:40:38','2014-08-21 08:40:38'),(121,'ریاضی 1',NULL,3,'8120122',2,'2014-08-21 08:40:40','2014-08-21 08:40:40'),(122,'ریاضی 2',NULL,3,'8120122',2,'2014-08-21 08:40:41','2014-08-21 08:40:41'),(123,'آز شیمی عمومی 1 ',NULL,1,'8120007',2,'2014-08-21 08:40:41','2014-08-21 08:40:41'),(124,'آز شیمی عمومی  1',NULL,1,'8120007',2,'2014-08-21 08:40:42','2014-08-21 08:40:42'),(125,'آز شیمی عمومی 1',NULL,1,'8120007',2,'2014-08-21 08:40:42','2014-08-21 08:40:42'),(126,'آز شیمی عمومی1',NULL,1,'8120007',2,'2014-08-21 08:40:42','2014-08-21 08:40:42'),(127,'آز فیزیک 1',NULL,1,'8120012',2,'2014-08-21 08:40:43','2014-08-21 08:40:43'),(128,'آز فیزیک 2',NULL,1,'8120013',2,'2014-08-21 08:40:48','2014-08-21 08:40:48'),(129,'زبان انگلیسی ',NULL,3,'8120053',3,'2014-08-21 08:41:01','2014-08-21 08:41:01'),(130,'زبان انگلیسی',NULL,3,'8120053',3,'2014-08-21 08:41:02','2014-08-21 08:41:02'),(131,'فارسی ',NULL,3,'8120071',3,'2014-08-21 08:41:03','2014-08-21 08:41:03'),(132,'فارسی',NULL,3,'8120071',3,'2014-08-21 08:41:04','2014-08-21 08:41:04'),(133,'اندیشه اسلامی 2 ',NULL,2,'8120118',3,'2014-08-21 08:41:04','2014-08-21 08:41:04'),(134,'اندیشه اسلامی 2',NULL,2,'8120118',3,'2014-08-21 08:41:06','2014-08-21 08:41:06'),(135,'اندیشه اسلامی2',NULL,2,'8120118',3,'2014-08-21 08:41:06','2014-08-21 08:41:06'),(136,'اخلاق اسلامی ',NULL,2,'8120119',3,'2014-08-21 08:41:06','2014-08-21 08:41:06'),(137,'اخلاق اسلامی',NULL,2,'8120119',3,'2014-08-21 08:41:07','2014-08-21 08:41:07'),(138,'جمعیت و دانش خانواده',NULL,2,'8120136',3,'2014-08-21 08:41:08','2014-08-21 08:41:08'),(139,'جمعیت و دانش  خانواده ',NULL,2,'8120136',3,'2014-08-21 08:41:08','2014-08-21 08:41:08'),(140,'جمعیت و دانش خانواده ',NULL,2,'8120136',3,'2014-08-21 08:41:08','2014-08-21 08:41:08'),(141,'جمعیت ودانش خانواده',NULL,2,'8120136',3,'2014-08-21 08:41:09','2014-08-21 08:41:09'),(142,'انقلاب اسلامی ',NULL,2,'8120126',3,'2014-08-21 08:41:09','2014-08-21 08:41:09'),(143,'انقلاب اسلامی',NULL,2,'8120126',3,'2014-08-21 08:41:10','2014-08-21 08:41:10'),(144,'انقلاب اسلامی',NULL,0,'8120126',3,'2014-08-21 08:41:10','2014-08-21 08:41:10'),(145,'اندیشه اسلامی 1',NULL,2,'8120133',3,'2014-08-21 08:41:10','2014-08-21 08:41:10'),(146,'اندیشه اسلامی1',NULL,2,'8120133',3,'2014-08-21 08:41:11','2014-08-21 08:41:11'),(147,'تاریخ تحلیلی صدر اسلام',NULL,2,'8120134',3,'2014-08-21 08:41:12','2014-08-21 08:41:12'),(148,'تاریخ تحلیلی صدر اسلام ',NULL,2,'8120134',3,'2014-08-21 08:41:12','2014-08-21 08:41:12'),(149,'تاریخ تحلیلی صدر اسلام',NULL,0,'8120134',3,'2014-08-21 08:41:13','2014-08-21 08:41:13'),(150,'تفسیر موضوعی قرآن',NULL,2,'8120135',3,'2014-08-21 08:41:13','2014-08-21 08:41:13'),(151,'تفسیر موضوعی قرآن ',NULL,2,'8120135',3,'2014-08-21 08:41:14','2014-08-21 08:41:14'),(152,'مديريت استراتژيک فناوری اطلاعات','',3,'8101701',9,'2014-08-21 18:34:26','2014-08-21 18:34:26'),(153,'مدارهای الکتریکی (۱) مخصوص کامپیوتر','',3,'8101359',9,'2014-08-23 06:29:31','2014-08-23 06:29:31'),(154,'تربیت بدنی 2','',1,'8120029',2,'2014-08-26 08:29:28','2014-08-26 08:29:28');
/*!40000 ALTER TABLE `courses` ENABLE KEYS */;
UNLOCK TABLES;

--
-- Table structure for table `data_files`
--

DROP TABLE IF EXISTS `data_files`;
/*!40101 SET @saved_cs_client     = @@character_set_client */;
/*!40101 SET character_set_client = utf8 */;
CREATE TABLE `data_files` (
  `id` int(11) NOT NULL AUTO_INCREMENT,
  `upload` varchar(255) DEFAULT NULL,
  `created_at` datetime DEFAULT NULL,
  `updated_at` datetime DEFAULT NULL,
  PRIMARY KEY (`id`)
) ENGINE=InnoDB DEFAULT CHARSET=utf8;
/*!40101 SET character_set_client = @saved_cs_client */;

--
-- Dumping data for table `data_files`
--

LOCK TABLES `data_files` WRITE;
/*!40000 ALTER TABLE `data_files` DISABLE KEYS */;
/*!40000 ALTER TABLE `data_files` ENABLE KEYS */;
UNLOCK TABLES;

--
-- Table structure for table `fields`
--

DROP TABLE IF EXISTS `fields`;
/*!40101 SET @saved_cs_client     = @@character_set_client */;
/*!40101 SET character_set_client = utf8 */;
CREATE TABLE `fields` (
  `id` int(11) NOT NULL AUTO_INCREMENT,
  `title` varchar(255) DEFAULT NULL,
  `created_at` datetime DEFAULT NULL,
  `updated_at` datetime DEFAULT NULL,
  PRIMARY KEY (`id`)
) ENGINE=InnoDB AUTO_INCREMENT=5 DEFAULT CHARSET=utf8;
/*!40101 SET character_set_client = @saved_cs_client */;

--
-- Dumping data for table `fields`
--

LOCK TABLES `fields` WRITE;
/*!40000 ALTER TABLE `fields` DISABLE KEYS */;
INSERT INTO `fields` VALUES (1,'نرم‌افزار','2014-08-21 04:43:27','2014-08-21 04:43:27'),(2,'سخت‌افزار','2014-08-21 04:43:32','2014-08-21 04:43:32'),(3,'فن‌آوری اطلاعات','2014-08-21 04:43:37','2014-08-21 04:43:37'),(4,'برق','2014-08-21 18:54:55','2014-08-21 18:54:55');
/*!40000 ALTER TABLE `fields` ENABLE KEYS */;
UNLOCK TABLES;

--
-- Table structure for table `majors`
--

DROP TABLE IF EXISTS `majors`;
/*!40101 SET @saved_cs_client     = @@character_set_client */;
/*!40101 SET character_set_client = utf8 */;
CREATE TABLE `majors` (
  `id` int(11) NOT NULL AUTO_INCREMENT,
  `title` varchar(255) DEFAULT NULL,
  `code` varchar(255) DEFAULT NULL,
  `created_at` datetime DEFAULT NULL,
  `updated_at` datetime DEFAULT NULL,
  PRIMARY KEY (`id`)
) ENGINE=InnoDB AUTO_INCREMENT=10 DEFAULT CHARSET=utf8;
/*!40101 SET character_set_client = @saved_cs_client */;

--
-- Dumping data for table `majors`
--

LOCK TABLES `majors` WRITE;
/*!40000 ALTER TABLE `majors` DISABLE KEYS */;
INSERT INTO `majors` VALUES (2,'علوم پایه','1236','2014-08-21 08:27:26','2014-08-21 08:27:26'),(3,'عمومی','1235','2014-08-21 08:27:36','2014-08-21 08:27:36'),(7,'برق-کامپیوتر','1246','2014-08-21 09:40:27','2014-08-21 09:40:27'),(8,'برق','1243','2014-08-21 09:40:38','2014-08-21 09:40:38'),(9,'کامپیوتر','1244','2014-08-21 09:46:41','2014-08-21 09:46:41');
/*!40000 ALTER TABLE `majors` ENABLE KEYS */;
UNLOCK TABLES;

--
-- Table structure for table `plans`
--

DROP TABLE IF EXISTS `plans`;
/*!40101 SET @saved_cs_client     = @@character_set_client */;
/*!40101 SET character_set_client = utf8 */;
CREATE TABLE `plans` (
  `id` int(11) NOT NULL AUTO_INCREMENT,
  `title` varchar(255) DEFAULT NULL,
  `content` text,
  `shared` tinyint(1) DEFAULT NULL,
  `score` int(11) DEFAULT NULL,
  `term_id` int(11) DEFAULT NULL,
  `user_id` int(11) DEFAULT NULL,
  `field_id` int(11) DEFAULT NULL,
  `created_at` datetime DEFAULT NULL,
  `updated_at` datetime DEFAULT NULL,
  PRIMARY KEY (`id`)
) ENGINE=InnoDB AUTO_INCREMENT=319 DEFAULT CHARSET=utf8;
/*!40101 SET character_set_client = @saved_cs_client */;

--
-- Dumping data for table `plans`
--

LOCK TABLES `plans` WRITE;
/*!40000 ALTER TABLE `plans` DISABLE KEYS */;
INSERT INTO `plans` VALUES (1,'اولین برنامه','برنامه‌ی خوبی است',0,NULL,1,1,1,'2014-08-21 04:47:15','2014-08-21 04:47:15'),(2,'برنامه‌ی پژمان','pejmoon',0,NULL,1,2,3,'2014-08-21 04:59:14','2014-08-21 04:59:14'),(3,'برنامه۱','',0,NULL,1,3,1,'2014-08-21 05:07:21','2014-08-21 05:07:21'),(4,'انتخاب واحد','',0,NULL,1,4,1,'2014-08-21 05:22:50','2014-08-21 05:22:50'),(5,'۱','',0,NULL,1,5,1,'2014-08-21 05:31:43','2014-08-21 05:31:43'),(6,'۲','',0,NULL,1,5,1,'2014-08-21 05:33:27','2014-08-21 05:33:27'),(7,'برنامه‌ی جدید','123456',1,NULL,1,6,1,'2014-08-21 05:45:12','2014-08-21 05:45:12'),(8,'دومین برنامه','این برنامه‌ی دوم است',0,NULL,1,1,1,'2014-08-21 06:03:40','2014-08-21 06:03:40'),(9,'یاسمن ۱','',0,NULL,1,1,1,'2014-08-21 06:26:51','2014-08-21 06:26:51'),(10,'پژمان','',0,NULL,1,1,3,'2014-08-21 07:34:20','2014-08-21 07:34:20'),(11,'دشوار','',0,NULL,1,8,1,'2014-08-21 07:58:29','2014-08-21 07:58:29'),(12,'انتخاب واحد','',0,NULL,1,7,1,'2014-08-21 08:03:11','2014-08-21 08:03:11'),(13,'ترم ۷','',0,NULL,1,9,3,'2014-08-21 08:51:39','2014-08-21 08:51:39'),(14,'تست','ستس',0,NULL,1,1,1,'2014-08-21 08:57:20','2014-08-21 08:57:20'),(15,'sda','sdadasda',1,NULL,1,10,1,'2014-08-21 08:59:11','2014-08-21 08:59:11'),(16,'d','',0,NULL,1,12,1,'2014-08-21 09:07:48','2014-08-21 09:07:48'),(17,'پلن شماره یک ','برای خودم ',1,NULL,1,12,1,'2014-08-21 09:20:40','2014-08-21 09:20:40'),(18,'برنامه ی خفن','برنامه ی من',0,NULL,1,6,3,'2014-08-21 09:35:26','2014-08-21 14:04:19'),(19,'سس','سس',0,NULL,1,6,1,'2014-08-21 09:42:20','2014-08-21 09:42:20'),(21,'ترم 7','',0,NULL,1,13,3,'2014-08-21 09:52:23','2014-08-21 09:52:23'),(22,'یاسمن۲','',0,NULL,1,1,1,'2014-08-21 09:55:15','2014-08-21 09:55:15'),(23,'new plan','',0,NULL,1,14,1,'2014-08-21 10:19:38','2014-08-21 10:19:38'),(24,'اولین','',1,NULL,1,15,3,'2014-08-21 10:27:03','2014-08-21 10:27:03'),(25,'انتخاب واحد 2','',0,NULL,1,7,1,'2014-08-21 11:35:47','2014-08-21 11:35:47'),(26,'93-1','',0,NULL,1,16,2,'2014-08-21 13:57:04','2014-08-21 13:57:04'),(27,'اسون','تست برنامه',0,NULL,1,8,1,'2014-08-21 15:20:35','2014-08-21 15:20:35'),(28,'plan 1','',0,NULL,1,17,1,'2014-08-21 18:16:03','2014-08-21 18:16:03'),(29,'plan 2 ','',0,NULL,1,17,1,'2014-08-21 18:30:18','2014-08-21 18:30:18'),(30,'ترم هفت','',0,NULL,1,18,1,'2014-08-21 18:32:03','2014-08-21 18:32:03'),(31,'دوباره تست','سfdsd',0,NULL,1,1,1,'2014-08-21 18:53:57','2014-08-21 18:53:57'),(32,'۳','',0,NULL,1,5,1,'2014-08-21 19:16:28','2014-08-21 19:16:28'),(33,'خر','خر',0,NULL,1,19,2,'2014-08-21 19:28:59','2014-08-21 19:28:59'),(34,'afas','',0,NULL,1,17,1,'2014-08-21 19:34:27','2014-08-21 19:34:27'),(35,'۹۳','',0,NULL,1,20,2,'2014-08-21 19:47:36','2014-08-21 19:47:36'),(36,'1','',0,NULL,1,21,1,'2014-08-21 20:22:00','2014-08-21 20:22:00'),(37,'hgg','',0,NULL,1,22,3,'2014-08-22 02:15:28','2014-08-22 02:15:28'),(38,'sakht','',0,NULL,1,24,2,'2014-08-22 03:50:15','2014-08-22 03:50:15'),(39,'test','',1,NULL,1,25,4,'2014-08-22 04:03:24','2014-08-22 04:03:24'),(40,'ترم 3 نیم سال اول سال 93-94','',0,NULL,1,28,2,'2014-08-22 04:52:10','2014-08-22 04:52:10'),(41,'test2','',0,NULL,1,25,4,'2014-08-22 05:13:17','2014-08-22 05:13:17'),(42,'تست ۱','',0,NULL,1,30,1,'2014-08-22 05:51:27','2014-08-22 05:51:27'),(43,'ترم5','',0,NULL,1,29,3,'2014-08-22 05:53:11','2014-08-22 05:53:11'),(44,'نوید','',0,NULL,1,11,1,'2014-08-22 05:54:54','2014-08-22 05:54:54'),(45,'','',0,NULL,1,32,2,'2014-08-22 06:00:49','2014-08-22 06:00:49'),(46,'ترم پاییز 93','در صورت ارائه \"اقتصاد مهندسی\" و \"مدار الکتریکی\" با دکتر راشد محصل',0,NULL,1,31,3,'2014-08-22 06:02:28','2014-08-22 06:02:28'),(47,'برنامه 1','ببینیم چی میشه',0,NULL,1,33,4,'2014-08-22 06:06:53','2014-08-22 06:06:53'),(48,'MySchedule','Courses',0,NULL,1,34,1,'2014-08-22 06:14:32','2014-08-22 06:14:32'),(49,'تست','تست',0,NULL,1,35,1,'2014-08-22 06:15:32','2014-08-22 06:15:32'),(50,'ترم','',0,NULL,1,36,4,'2014-08-22 06:17:06','2014-08-22 06:17:06'),(51,'','',0,NULL,1,37,1,'2014-08-22 06:25:09','2014-08-22 06:25:09'),(52,'','',0,NULL,1,38,4,'2014-08-22 06:30:15','2014-08-22 06:30:15'),(53,'9','',0,NULL,1,39,2,'2014-08-22 06:30:19','2014-08-22 06:30:19'),(54,'تست۲','',0,NULL,1,30,1,'2014-08-22 06:31:53','2014-08-22 06:31:53'),(55,'تست','تست',0,NULL,1,41,1,'2014-08-22 06:37:21','2014-08-22 06:37:21'),(56,'term 4','',0,NULL,1,42,4,'2014-08-22 06:37:51','2014-08-22 06:37:51'),(57,'اولی','',0,NULL,1,43,1,'2014-08-22 06:39:38','2014-08-22 06:39:38'),(58,'','',0,NULL,1,47,4,'2014-08-22 06:51:28','2014-08-22 06:51:28'),(59,'برنامه','',0,NULL,1,48,4,'2014-08-22 06:52:52','2014-08-22 06:52:52'),(60,'','',1,NULL,1,47,3,'2014-08-22 06:53:41','2014-08-22 06:53:41'),(61,'','',1,NULL,1,47,3,'2014-08-22 06:53:42','2014-08-22 06:53:42'),(62,'','',1,NULL,1,47,3,'2014-08-22 06:53:43','2014-08-22 06:53:43'),(63,'mine','',0,NULL,1,45,1,'2014-08-22 06:54:10','2014-08-22 06:54:10'),(64,'برنامه دیگه!!!','',0,NULL,1,49,3,'2014-08-22 06:59:15','2014-08-22 06:59:15'),(65,'','',1,NULL,1,50,4,'2014-08-22 07:01:40','2014-08-22 07:01:40'),(66,'ترم5','',0,NULL,1,51,4,'2014-08-22 07:07:10','2014-08-22 07:07:10'),(67,'تست','',0,NULL,1,53,1,'2014-08-22 07:14:46','2014-08-22 07:14:46'),(68,'','',0,NULL,1,55,4,'2014-08-22 07:17:32','2014-08-22 07:17:32'),(69,'','',0,NULL,1,56,3,'2014-08-22 07:23:55','2014-08-22 07:23:55'),(70,'!','',0,NULL,1,57,3,'2014-08-22 07:25:13','2014-08-22 07:25:13'),(71,'jvl','',0,NULL,1,58,1,'2014-08-22 07:26:54','2014-08-22 07:26:54'),(72,'pariya\'s','',0,NULL,1,52,3,'2014-08-22 07:30:55','2014-08-22 07:30:55'),(73,'','',0,NULL,1,59,2,'2014-08-22 07:32:06','2014-08-22 07:32:06'),(74,'','',0,NULL,1,61,4,'2014-08-22 07:35:45','2014-08-22 07:35:45'),(75,'ترم 5','',0,NULL,1,62,1,'2014-08-22 07:36:43','2014-08-22 07:36:43'),(76,'پاییز 93','',0,NULL,1,60,1,'2014-08-22 07:38:14','2014-08-22 07:38:14'),(77,'','',0,NULL,1,23,1,'2014-08-22 07:40:39','2014-08-22 07:40:39'),(78,'Term X','',1,NULL,1,63,4,'2014-08-22 07:46:35','2014-08-22 07:46:35'),(79,'ترم 7','',0,NULL,1,64,1,'2014-08-22 07:58:05','2014-08-22 07:58:05'),(80,'ترم5-1','به توچه',0,NULL,1,65,4,'2014-08-22 08:00:44','2014-08-22 08:00:44'),(81,'برنامه 1 ','',0,NULL,1,66,4,'2014-08-22 08:04:53','2014-08-22 08:04:53'),(82,'1','',0,NULL,1,68,1,'2014-08-22 08:10:18','2014-08-22 08:10:18'),(83,'test','test',0,NULL,1,69,3,'2014-08-22 08:19:12','2014-08-22 08:19:12'),(84,'','',0,NULL,1,70,4,'2014-08-22 08:20:57','2014-08-22 08:20:57'),(85,'term e 5','',0,NULL,1,71,2,'2014-08-22 08:23:18','2014-08-22 08:23:18'),(86,'','',0,NULL,1,72,1,'2014-08-22 08:25:29','2014-08-22 08:25:29'),(87,'انتخاب واحد','',0,NULL,1,73,1,'2014-08-22 08:33:05','2014-08-22 08:33:05'),(88,'مهر','',0,NULL,1,67,3,'2014-08-22 08:42:48','2014-08-22 08:42:48'),(89,'test','',0,NULL,1,74,1,'2014-08-22 08:43:08','2014-08-22 08:43:08'),(90,'asd','',0,NULL,1,75,4,'2014-08-22 08:44:18','2014-08-22 08:44:18'),(91,'folan','',0,NULL,1,76,1,'2014-08-22 08:45:07','2014-08-22 08:45:07'),(92,'ترم5','...',1,NULL,1,77,3,'2014-08-22 08:48:55','2014-08-22 08:48:55'),(93,'ترم 93-94','',0,NULL,1,79,2,'2014-08-22 09:09:30','2014-08-22 09:09:30'),(94,'neo_program','',0,NULL,1,80,1,'2014-08-22 09:14:16','2014-08-22 09:14:16'),(95,'','',0,NULL,1,78,2,'2014-08-22 09:16:32','2014-08-22 09:16:32'),(96,'sample','',0,NULL,1,82,2,'2014-08-22 09:17:38','2014-08-22 09:17:38'),(97,'الکی','بیسَیبس',0,NULL,1,81,4,'2014-08-22 09:18:04','2014-08-22 09:18:04'),(98,'','',0,NULL,1,84,3,'2014-08-22 09:26:02','2014-08-22 09:26:02'),(99,'الکی 2','',0,NULL,1,81,4,'2014-08-22 09:38:14','2014-08-22 09:38:14'),(100,'--','',0,NULL,1,85,2,'2014-08-22 09:39:38','2014-08-22 09:39:38'),(101,'یک','',0,NULL,1,86,4,'2014-08-22 09:41:30','2014-08-22 09:41:30'),(102,'یک','',0,NULL,1,89,1,'2014-08-22 09:57:46','2014-08-22 09:57:46'),(103,'ترم 7','چی بگم؟!',0,NULL,1,87,3,'2014-08-22 10:11:19','2014-08-22 10:11:19'),(104,'1','',0,NULL,1,38,4,'2014-08-22 10:21:12','2014-08-22 10:21:12'),(105,'test','',0,NULL,1,91,3,'2014-08-22 10:21:14','2014-08-22 10:21:14'),(106,'واحد','',0,NULL,1,92,1,'2014-08-22 10:43:02','2014-08-22 10:43:02'),(107,'واحد یک','',0,NULL,1,92,1,'2014-08-22 10:44:44','2014-08-22 10:44:44'),(108,'asdf','',0,NULL,1,17,1,'2014-08-22 11:17:30','2014-08-22 11:17:30'),(109,'','',1,NULL,1,94,1,'2014-08-22 11:22:37','2014-08-22 11:22:37'),(110,'Plan 1','',0,NULL,1,95,3,'2014-08-22 11:33:27','2014-08-22 11:33:27'),(111,'تست دوم ','ازمایش ظاهر سایت !',0,NULL,1,8,1,'2014-08-22 11:39:19','2014-08-22 11:39:19'),(112,'','',0,NULL,1,96,4,'2014-08-22 11:58:40','2014-08-22 11:58:40'),(113,'برنامه','',0,NULL,1,97,3,'2014-08-22 12:01:10','2014-08-22 12:01:10'),(114,'ذث فخ زاث','ذث فخ زاث',0,NULL,1,98,4,'2014-08-22 12:03:03','2014-08-22 12:03:03'),(115,'برنامه ترم ۷','',1,NULL,1,100,3,'2014-08-22 12:17:55','2014-08-22 12:17:55'),(116,'2','nadarad',0,NULL,1,21,4,'2014-08-22 12:36:44','2014-08-22 12:36:44'),(117,'جدید!','',1,NULL,1,102,2,'2014-08-22 13:04:55','2014-08-22 13:04:55'),(118,'','',0,NULL,1,103,3,'2014-08-22 13:11:45','2014-08-22 13:11:45'),(119,'ترم5','',0,NULL,1,104,2,'2014-08-22 13:14:39','2014-08-22 13:14:39'),(120,'','',1,NULL,1,105,1,'2014-08-22 13:18:32','2014-08-22 13:18:32'),(121,'برنامه ي يك','برنامه ي معتدل',0,NULL,1,105,1,'2014-08-22 13:19:14','2014-08-22 13:19:14'),(122,'اویس','',0,NULL,1,11,2,'2014-08-22 13:25:29','2014-08-22 13:25:29'),(123,'ترم7','',0,NULL,1,106,4,'2014-08-22 13:30:13','2014-08-22 13:30:13'),(124,'پاییز 93','',1,NULL,1,108,4,'2014-08-22 13:47:25','2014-08-22 13:47:25'),(125,':|','',0,NULL,1,109,3,'2014-08-22 14:05:34','2014-08-22 14:05:34'),(126,'تست','',0,NULL,1,110,4,'2014-08-22 14:12:56','2014-08-22 14:12:56'),(127,'ترم بعد','',0,NULL,1,111,2,'2014-08-22 14:17:45','2014-08-22 14:17:45'),(128,'','',0,NULL,1,112,4,'2014-08-22 14:21:31','2014-08-22 14:21:31'),(129,'test','',0,NULL,1,113,2,'2014-08-22 14:29:16','2014-08-22 14:29:16'),(130,'1','',0,NULL,1,114,4,'2014-08-22 14:33:27','2014-08-22 14:33:27'),(131,'','',0,NULL,1,115,4,'2014-08-22 14:39:57','2014-08-22 14:39:57'),(132,'منطفی-الکمغ','',0,NULL,1,116,4,'2014-08-22 14:47:28','2014-08-22 14:47:28'),(133,'برنامه','',0,NULL,1,117,4,'2014-08-22 14:55:16','2014-08-22 14:55:16'),(134,'test','tst',0,NULL,1,118,4,'2014-08-22 14:57:57','2014-08-22 14:57:57'),(135,'fall 93','',0,NULL,1,119,4,'2014-08-22 15:21:11','2014-08-22 15:21:11'),(136,'ترم 7','',0,NULL,1,120,1,'2014-08-22 15:27:02','2014-08-22 15:27:02'),(137,'?!','!?',1,NULL,1,122,2,'2014-08-22 16:08:26','2014-08-22 16:08:26'),(138,'ترم 7','',0,NULL,1,123,1,'2014-08-22 16:30:56','2014-08-22 16:30:56'),(139,'ترم7','',0,NULL,1,125,2,'2014-08-22 16:31:05','2014-08-22 16:31:05'),(140,'ترم 5','',0,NULL,1,126,4,'2014-08-22 16:34:50','2014-08-22 16:34:50'),(141,'b','',0,NULL,1,127,1,'2014-08-22 16:45:48','2014-08-22 16:45:48'),(142,'ترم ۳ مدل اول','',0,NULL,1,8,1,'2014-08-22 16:46:21','2014-08-22 16:46:21'),(143,'برنامه','',0,NULL,1,128,4,'2014-08-22 16:48:43','2014-08-22 16:48:43'),(144,'ترم7','',0,NULL,1,129,1,'2014-08-22 17:31:56','2014-08-22 17:31:56'),(145,'مای برنامه','',1,NULL,1,130,2,'2014-08-22 17:34:38','2014-08-22 17:34:38'),(146,'هیز برنامه','',0,NULL,1,130,2,'2014-08-22 17:38:59','2014-08-22 17:38:59'),(147,'ترم8','',0,NULL,1,129,1,'2014-08-22 17:45:29','2014-08-22 17:45:29'),(148,'عنه؟','عنه حتما خوب!',1,NULL,1,132,1,'2014-08-22 17:53:26','2014-08-22 17:53:26'),(149,'یک','اولی',0,NULL,1,133,3,'2014-08-22 17:58:15','2014-08-22 17:58:15'),(150,'برنامه پاییز 93','',0,NULL,1,134,1,'2014-08-22 18:00:00','2014-08-22 18:00:00'),(151,'تست','تست',0,NULL,1,26,4,'2014-08-22 18:04:48','2014-08-22 18:04:48'),(152,'ترم ۷','',1,NULL,1,135,4,'2014-08-22 18:04:55','2014-08-22 18:04:55'),(153,'1','',0,NULL,1,136,4,'2014-08-22 18:09:41','2014-08-22 18:09:41'),(154,'برنامه','',0,NULL,1,137,1,'2014-08-22 18:37:43','2014-08-22 18:37:43'),(155,'برنامه 1','',0,NULL,1,139,1,'2014-08-22 18:48:53','2014-08-22 18:48:53'),(156,'','',1,NULL,1,140,4,'2014-08-22 18:52:47','2014-08-22 18:52:47'),(157,'','',0,NULL,1,141,3,'2014-08-22 19:00:18','2014-08-22 19:00:18'),(158,'انتخاب واحد 2','',0,NULL,1,141,3,'2014-08-22 19:06:48','2014-08-22 19:06:48'),(159,'','',0,NULL,1,142,4,'2014-08-22 19:35:39','2014-08-22 19:35:39'),(160,'1','توزیع مناسب',0,NULL,1,140,4,'2014-08-22 19:37:03','2014-08-22 19:37:03'),(161,'1','',0,NULL,1,143,4,'2014-08-22 19:50:12','2014-08-22 19:50:12'),(162,'fall93','',1,NULL,1,144,4,'2014-08-22 19:56:41','2014-08-22 19:56:41'),(163,'1','1',0,NULL,1,138,4,'2014-08-22 20:07:06','2014-08-22 20:07:06'),(164,'ترم 5','',0,NULL,1,145,4,'2014-08-22 20:18:03','2014-08-22 20:18:03'),(165,'برنامه ترم ۵','',0,NULL,1,146,4,'2014-08-22 20:19:30','2014-08-22 20:19:30'),(166,'','',0,NULL,1,147,4,'2014-08-22 20:31:35','2014-08-22 20:31:35'),(167,'barname 1','',0,NULL,1,148,2,'2014-08-22 20:52:38','2014-08-22 20:52:38'),(168,'2','',0,NULL,1,148,2,'2014-08-22 21:00:57','2014-08-22 21:00:57'),(169,'برنامه','',0,NULL,1,149,2,'2014-08-22 21:45:58','2014-08-22 21:45:58'),(170,'ترم ۷','',0,NULL,1,150,2,'2014-08-22 21:57:38','2014-08-22 21:57:38'),(171,'برنامه','',0,NULL,1,151,1,'2014-08-23 02:53:19','2014-08-23 02:53:19'),(172,'','',1,NULL,1,153,4,'2014-08-23 04:39:14','2014-08-23 04:39:14'),(173,'','',0,NULL,1,153,4,'2014-08-23 04:46:23','2014-08-23 04:46:23'),(174,'مای برنامه','',0,NULL,1,154,2,'2014-08-23 05:03:51','2014-08-23 05:03:51'),(175,'p1','',0,NULL,1,155,4,'2014-08-23 05:13:29','2014-08-23 05:13:29'),(176,'ترم5','',0,NULL,1,156,4,'2014-08-23 05:33:56','2014-08-23 05:33:56'),(177,'93-94پاییز','',0,NULL,1,157,1,'2014-08-23 05:45:48','2014-08-23 05:45:48'),(178,'تست','',0,NULL,1,2,2,'2014-08-23 05:49:51','2014-08-23 05:49:51'),(179,'همینجوری','هم می‌خوای؟',0,NULL,1,158,4,'2014-08-23 05:55:35','2014-08-23 05:55:35'),(180,'My schedule','',0,NULL,1,159,4,'2014-08-23 06:04:24','2014-08-23 06:04:24'),(181,'','',0,NULL,1,160,3,'2014-08-23 06:18:24','2014-08-23 06:18:24'),(182,'','',0,NULL,1,162,4,'2014-08-23 06:32:03','2014-08-23 06:32:03'),(183,'','',0,NULL,1,163,4,'2014-08-23 06:39:02','2014-08-23 06:39:02'),(184,'برنامه','',0,NULL,1,163,4,'2014-08-23 06:40:42','2014-08-23 06:40:42'),(185,'Test','',0,NULL,1,164,1,'2014-08-23 06:50:26','2014-08-23 06:50:26'),(186,' term 93','',0,NULL,1,165,4,'2014-08-23 07:16:06','2014-08-23 07:16:06'),(187,'term 93','',0,NULL,1,165,4,'2014-08-23 07:18:30','2014-08-23 07:18:30'),(188,'term 5','',0,NULL,1,166,1,'2014-08-23 07:49:51','2014-08-23 07:49:51'),(189,'ترم 5','',0,NULL,1,167,4,'2014-08-23 08:00:30','2014-08-23 08:00:30'),(190,'ترم 5','',1,NULL,1,167,4,'2014-08-23 08:00:35','2014-08-23 08:00:35'),(191,'سینا','',0,NULL,1,77,3,'2014-08-23 08:12:19','2014-08-23 08:12:19'),(192,'term7','',0,NULL,1,161,1,'2014-08-23 08:14:07','2014-08-23 08:14:07'),(193,'h','',1,NULL,1,168,4,'2014-08-23 08:15:29','2014-08-23 08:15:29'),(194,'asd','',0,NULL,1,75,4,'2014-08-23 08:43:47','2014-08-23 08:43:47'),(195,'احسان ','',0,NULL,1,77,1,'2014-08-23 10:18:29','2014-08-23 10:18:29'),(196,'fall93','',0,NULL,1,169,4,'2014-08-23 10:20:58','2014-08-23 10:20:58'),(197,'برنامه ترم ۳','',0,NULL,1,171,1,'2014-08-23 10:46:42','2014-08-23 10:46:42'),(198,'ترم ۷','',0,NULL,1,93,1,'2014-08-23 10:57:42','2014-08-23 10:57:42'),(199,'Term5','',0,NULL,1,172,3,'2014-08-23 11:02:09','2014-08-23 11:02:09'),(200,'','',0,NULL,1,173,3,'2014-08-23 11:05:52','2014-08-23 11:05:52'),(201,'barname','',0,NULL,1,173,3,'2014-08-23 11:43:26','2014-08-23 11:43:26'),(202,'ترم 7','',0,NULL,1,174,3,'2014-08-23 11:51:09','2014-08-23 11:51:09'),(203,'پیشنهادی 1','',0,NULL,1,170,1,'2014-08-23 12:57:34','2014-08-23 12:57:34'),(204,'ترم 7','',0,NULL,1,175,4,'2014-08-23 13:03:28','2014-08-23 13:03:28'),(205,'2','2',0,NULL,1,138,4,'2014-08-23 13:20:27','2014-08-23 13:20:27'),(206,'term7','',0,NULL,1,161,1,'2014-08-23 13:27:59','2014-08-23 13:27:59'),(207,'پیشنهادی 2','',0,NULL,1,170,1,'2014-08-23 13:46:20','2014-08-23 13:46:20'),(208,'','',0,NULL,1,170,1,'2014-08-23 13:50:29','2014-08-23 13:50:29'),(209,'Test1','',0,NULL,1,177,1,'2014-08-23 14:49:31','2014-08-23 14:49:31'),(210,'برنامه','',0,NULL,1,178,3,'2014-08-23 14:56:46','2014-08-23 14:56:46'),(211,'ترم 3','',0,NULL,1,179,3,'2014-08-23 16:35:33','2014-08-23 16:35:33'),(212,'','',0,NULL,1,124,3,'2014-08-23 16:45:06','2014-08-23 16:45:06'),(213,'','',0,NULL,1,124,3,'2014-08-23 16:46:00','2014-08-23 16:46:00'),(214,'','',1,NULL,1,180,1,'2014-08-23 16:51:34','2014-08-23 16:51:34'),(215,'ترم ۵','',0,NULL,1,181,1,'2014-08-23 17:45:36','2014-08-23 17:45:36'),(216,'','',0,NULL,1,182,1,'2014-08-23 18:02:59','2014-08-23 18:02:59'),(217,'اولیش','',0,NULL,1,183,4,'2014-08-23 18:46:44','2014-08-23 18:46:44'),(218,'دومیش','عمومیها صرفا جابجا شدن',0,NULL,1,183,4,'2014-08-23 19:05:11','2014-08-23 19:05:11'),(219,'ترم ۹۳-۱','',0,NULL,1,184,2,'2014-08-23 19:52:58','2014-08-23 19:52:58'),(220,'نتتد','تذذتن',0,NULL,1,185,2,'2014-08-23 21:01:07','2014-08-23 21:01:07'),(221,'p1','',0,NULL,1,186,1,'2014-08-24 05:02:04','2014-08-24 05:02:04'),(222,'ترم8','',0,NULL,1,187,2,'2014-08-24 05:03:42','2014-08-24 05:03:42'),(223,'barnameh','',0,NULL,1,188,4,'2014-08-24 05:50:00','2014-08-24 05:50:00'),(224,'jvl 7','',0,NULL,1,189,1,'2014-08-24 06:11:59','2014-08-24 06:11:59'),(225,'test','',0,NULL,1,190,3,'2014-08-24 06:28:57','2014-08-24 06:28:57'),(226,'اینو برمیدارم','',0,NULL,1,4,1,'2014-08-24 07:46:47','2014-08-24 07:46:47'),(227,'شسیبشسیب','',0,NULL,1,191,1,'2014-08-24 07:49:50','2014-08-24 07:49:50'),(228,'برنامه ۲ ','شدید',0,NULL,1,105,2,'2014-08-24 07:50:21','2014-08-24 07:50:21'),(229,'نیلوفر بانو','',0,NULL,1,4,1,'2014-08-24 07:58:36','2014-08-24 07:58:36'),(230,'شقایق','',0,NULL,1,4,1,'2014-08-24 08:20:56','2014-08-24 08:20:56'),(231,'test','salam',1,NULL,1,82,2,'2014-08-24 08:21:27','2014-08-24 08:21:27'),(232,'سومیش','همچنان عمومی',0,NULL,1,183,4,'2014-08-24 08:24:56','2014-08-24 08:24:56'),(233,'صبا خانوم','',0,NULL,1,4,1,'2014-08-24 08:31:01','2014-08-24 08:31:01'),(234,'نخس','',0,NULL,1,167,4,'2014-08-24 08:53:18','2014-08-24 08:53:18'),(235,'new','',0,NULL,1,130,2,'2014-08-24 08:56:07','2014-08-24 08:56:07'),(236,'برنامه ترم ۵','',0,NULL,1,192,1,'2014-08-24 09:12:30','2014-08-24 09:12:30'),(237,'بهار','',0,NULL,1,1,1,'2014-08-24 09:43:50','2014-08-24 09:43:50'),(238,'دو','',0,NULL,1,89,1,'2014-08-24 10:06:20','2014-08-24 10:06:20'),(239,'1','',0,NULL,1,193,1,'2014-08-24 10:17:47','2014-08-24 10:17:47'),(240,'2','',0,NULL,1,114,4,'2014-08-24 10:21:48','2014-08-24 10:21:48'),(241,'برنامه ترم7','',1,NULL,1,195,1,'2014-08-24 11:14:28','2014-08-24 11:14:28'),(242,'T7','',1,NULL,1,196,4,'2014-08-24 11:19:00','2014-08-24 11:19:00'),(243,'...','...',0,NULL,1,197,4,'2014-08-24 11:46:27','2014-08-24 11:46:27'),(244,'temp','',0,NULL,1,198,4,'2014-08-24 11:52:03','2014-08-24 11:52:03'),(245,'مهسا','',0,NULL,1,4,1,'2014-08-24 12:04:09','2014-08-24 12:04:09'),(246,'یاسمن','',0,NULL,1,4,1,'2014-08-24 12:30:22','2014-08-24 12:30:22'),(247,'بهار','',0,NULL,1,4,1,'2014-08-24 12:32:36','2014-08-24 12:32:36'),(248,'۲','',0,NULL,1,16,2,'2014-08-24 12:56:02','2014-08-24 12:56:02'),(249,'برنامه نعیم','',0,NULL,1,199,4,'2014-08-24 13:30:25','2014-08-24 13:30:25'),(250,'test2','',0,NULL,1,164,4,'2014-08-24 13:44:38','2014-08-24 13:44:38'),(251,'برنامه‌ی پشتیبانی','',0,NULL,1,2,3,'2014-08-24 14:51:54','2014-08-24 14:51:54'),(252,'plan B','',0,NULL,1,184,2,'2014-08-24 17:41:29','2014-08-24 17:41:29'),(253,'','',0,NULL,1,200,4,'2014-08-24 18:10:21','2014-08-24 18:10:21'),(254,'برنامه‌ی من','',0,NULL,1,201,2,'2014-08-24 18:46:54','2014-08-24 18:46:54'),(255,'PLAN -A','معادلات افتاده ها',1,NULL,1,184,2,'2014-08-24 18:51:53','2014-08-24 18:51:53'),(256,'5','',0,NULL,1,202,2,'2014-08-24 18:57:59','2014-08-24 18:57:59'),(257,'A','',0,NULL,1,203,1,'2014-08-24 20:38:54','2014-08-24 20:38:54'),(258,'','',0,NULL,1,204,4,'2014-08-24 21:40:50','2014-08-24 21:40:50'),(259,'1','',1,NULL,1,122,1,'2014-08-25 02:42:14','2014-08-25 02:42:14'),(260,'برنامه نیما','',0,NULL,1,199,4,'2014-08-25 05:34:52','2014-08-25 05:34:52'),(261,'برنامه کلاسی','',0,NULL,1,206,1,'2014-08-25 06:04:11','2014-08-25 06:04:11'),(262,'اولین برنامه','',0,NULL,1,207,3,'2014-08-25 06:32:14','2014-08-25 06:32:14'),(263,'جدید ساعت ۱۱','',0,NULL,1,2,3,'2014-08-25 06:47:29','2014-08-25 06:47:29'),(264,'','',0,NULL,1,208,1,'2014-08-25 07:23:21','2014-08-25 07:23:21'),(265,'ترم 5','nOTHING',0,NULL,1,194,1,'2014-08-25 07:30:47','2014-08-25 07:30:47'),(266,'test1','',1,NULL,1,209,1,'2014-08-25 07:32:53','2014-08-25 07:32:53'),(267,'test2','',0,NULL,1,209,1,'2014-08-25 08:00:57','2014-08-25 08:00:57'),(268,'ترم 3','',0,NULL,1,210,4,'2014-08-25 08:03:43','2014-08-25 08:03:43'),(269,'ترم 3 پیشنهادی دوم','',0,NULL,1,210,4,'2014-08-25 08:20:39','2014-08-25 08:20:39'),(270,'اولین برنامه','',0,NULL,1,211,3,'2014-08-25 08:32:30','2014-08-25 08:32:30'),(271,'','',0,NULL,1,212,1,'2014-08-25 08:44:15','2014-08-25 08:44:15'),(272,'TERM5','',0,NULL,1,194,1,'2014-08-25 08:46:02','2014-08-25 08:46:02'),(273,'پاییز ۹۳','',0,NULL,1,213,1,'2014-08-25 10:18:41','2014-08-25 10:18:41'),(274,'','',0,NULL,1,214,1,'2014-08-25 10:19:39','2014-08-25 10:19:39'),(275,'term5','',0,NULL,1,215,2,'2014-08-25 10:31:14','2014-08-25 10:31:14'),(276,'یاسمن ۳','',0,NULL,1,1,1,'2014-08-25 10:59:09','2014-08-25 10:59:09'),(277,'ترم 5','',0,NULL,1,216,2,'2014-08-25 11:47:58','2014-08-25 11:47:58'),(278,'','',0,NULL,1,47,4,'2014-08-25 12:38:51','2014-08-25 12:38:51'),(279,'روزب','',0,NULL,1,47,4,'2014-08-25 12:47:51','2014-08-25 12:47:51'),(280,'برق','یلابی',0,NULL,1,217,4,'2014-08-25 13:40:23','2014-08-25 13:40:23'),(281,'1','',0,NULL,1,27,4,'2014-08-25 15:09:33','2014-08-25 15:09:33'),(282,'کادگاه','تنثسلتط',0,NULL,1,218,1,'2014-08-25 15:53:41','2014-08-25 15:53:41'),(283,'','',0,NULL,1,219,4,'2014-08-25 16:00:29','2014-08-25 16:00:29'),(284,'ترم 3 برق','',0,NULL,1,219,4,'2014-08-25 16:04:12','2014-08-25 16:04:12'),(285,'برنامه ی ترم 3 برق','',0,NULL,1,219,4,'2014-08-25 16:13:08','2014-08-25 16:13:08'),(286,'ترم 3','',0,NULL,1,219,4,'2014-08-25 16:15:51','2014-08-25 16:15:51'),(287,'برنامه1','',0,NULL,1,68,1,'2014-08-25 18:19:01','2014-08-25 18:19:01'),(288,'111','',0,NULL,1,68,1,'2014-08-25 18:24:41','2014-08-25 18:24:41'),(289,'','',1,NULL,1,220,4,'2014-08-25 18:39:08','2014-08-25 18:39:08'),(290,'تست جدید','برای نمایش',0,NULL,1,1,1,'2014-08-25 19:00:27','2014-08-25 19:00:27'),(291,'','',0,NULL,1,32,2,'2014-08-25 20:25:29','2014-08-25 20:25:29'),(292,'salam','',0,NULL,1,222,1,'2014-08-25 20:26:29','2014-08-25 20:26:29'),(293,'ترم من','همین دیگه',0,NULL,1,223,3,'2014-08-25 20:46:40','2014-08-25 20:46:40'),(294,'برنامه من','برنامه من',0,NULL,1,224,1,'2014-08-26 04:28:24','2014-08-26 04:28:24'),(295,'','',0,NULL,1,103,2,'2014-08-26 06:19:18','2014-08-26 06:19:18'),(296,'برنامه ی اول','',0,NULL,1,225,1,'2014-08-26 06:38:48','2014-08-26 06:38:48'),(297,'','',0,NULL,1,226,1,'2014-08-26 06:39:29','2014-08-26 06:39:29'),(298,'111','111',0,NULL,1,204,4,'2014-08-26 06:48:15','2014-08-26 06:48:15'),(299,'برنامه ی دوم ','',0,NULL,1,225,1,'2014-08-26 06:49:46','2014-08-26 06:49:46'),(300,'برنامه ی سوم','',0,NULL,1,225,1,'2014-08-26 07:04:19','2014-08-26 07:04:19'),(301,'111111','',0,NULL,1,68,1,'2014-08-26 09:15:08','2014-08-26 09:15:08'),(302,'ترم سه','',0,NULL,1,227,1,'2014-08-26 09:16:21','2014-08-26 09:16:21'),(303,'','',0,NULL,1,32,2,'2014-08-26 10:29:26','2014-08-26 10:29:26'),(304,'','',0,NULL,1,32,2,'2014-08-26 10:30:16','2014-08-26 10:30:16'),(305,'1','',0,NULL,1,229,2,'2014-08-26 10:50:24','2014-08-26 10:50:24'),(306,'3','',0,NULL,1,21,3,'2014-08-26 10:57:14','2014-08-26 10:57:14'),(307,'temp 2','',0,NULL,1,198,4,'2014-08-26 12:29:46','2014-08-26 12:29:46'),(308,'temp 3','',0,NULL,1,198,4,'2014-08-26 12:43:36','2014-08-26 12:43:36'),(309,'مم','',1,NULL,1,230,1,'2014-08-26 13:35:22','2014-08-26 13:35:22'),(310,'برنامه','',0,NULL,1,22,3,'2014-08-26 14:04:20','2014-08-26 14:04:20'),(311,'','',0,NULL,1,231,1,'2014-08-26 16:37:52','2014-08-26 16:37:52'),(312,'compiler','',0,NULL,1,68,1,'2014-08-26 18:06:21','2014-08-26 18:06:21'),(313,'2','',0,NULL,1,207,3,'2014-08-26 18:47:58','2014-08-26 18:47:58'),(314,'من','من',0,NULL,1,228,2,'2014-08-26 19:39:02','2014-08-26 19:39:02'),(315,'نهایی','',0,NULL,1,68,1,'2014-08-26 20:28:27','2014-08-26 20:28:27'),(316,'','',0,NULL,1,232,4,'2014-08-26 21:11:50','2014-08-26 21:11:50'),(317,'پایگاه داده','',0,NULL,1,181,1,'2014-08-27 06:37:28','2014-08-27 06:37:28'),(318,'ترم 5','',0,NULL,1,181,1,'2014-08-27 06:42:42','2014-08-27 06:42:42');
/*!40000 ALTER TABLE `plans` ENABLE KEYS */;
UNLOCK TABLES;

--
-- Table structure for table `plans_units`
--

DROP TABLE IF EXISTS `plans_units`;
/*!40101 SET @saved_cs_client     = @@character_set_client */;
/*!40101 SET character_set_client = utf8 */;
CREATE TABLE `plans_units` (
  `plan_id` int(11) DEFAULT NULL,
  `unit_id` int(11) DEFAULT NULL
) ENGINE=InnoDB DEFAULT CHARSET=utf8;
/*!40101 SET character_set_client = @saved_cs_client */;

--
-- Dumping data for table `plans_units`
--

LOCK TABLES `plans_units` WRITE;
/*!40000 ALTER TABLE `plans_units` DISABLE KEYS */;
INSERT INTO `plans_units` VALUES (1,125),(1,124),(1,78),(1,52),(1,61),(1,60),(2,45),(2,41),(2,101),(2,61),(2,86),(2,141),(5,113),(4,124),(5,110),(4,125),(8,125),(8,124),(4,41),(9,125),(9,124),(9,52),(9,89),(9,60),(8,60),(5,34),(9,143),(10,141),(10,41),(10,45),(10,86),(10,143),(10,61),(10,101),(2,143),(11,25),(11,139),(11,125),(11,123),(11,103),(11,85),(12,41),(12,90),(12,124),(12,125),(12,135),(12,40),(12,55),(12,89),(9,263),(13,64),(14,81),(15,81),(14,64),(13,81),(13,141),(13,41),(13,111),(13,26),(4,252),(4,327),(18,116),(18,108),(18,71),(21,45),(21,86),(21,89),(21,101),(22,125),(21,52),(22,265),(22,52),(22,141),(22,124),(22,60),(22,89),(22,41),(23,176),(23,138),(24,104),(19,99),(19,127),(17,70),(26,113),(26,90),(26,114),(26,106),(5,61),(5,65),(5,123),(27,304),(27,126),(27,71),(31,39),(31,43),(31,52),(6,146),(6,202),(6,196),(6,108),(32,70),(32,149),(32,10),(32,17),(32,98),(33,61),(34,70),(34,163),(34,169),(34,229),(34,240),(34,36),(34,394),(35,172),(35,205),(35,223),(36,71),(36,335),(38,114),(38,112),(38,146),(38,66),(38,326),(39,67),(39,88),(39,95),(39,101),(39,13),(39,57),(39,7),(40,116),(5,114),(40,103),(40,147),(40,108),(40,85),(40,329),(41,13),(41,57),(41,90),(41,7),(41,67),(41,88),(41,95),(41,101),(41,75),(41,330),(41,348),(41,376),(43,65),(43,142),(42,110),(42,113),(43,77),(42,123),(44,125),(44,124),(44,89),(43,85),(44,60),(44,85),(44,52),(42,77),(42,66),(42,61),(45,108),(45,168),(46,114),(46,119),(46,142),(47,62),(47,108),(46,43),(47,106),(47,65),(47,165),(48,135),(48,125),(48,124),(48,110),(42,34),(49,89),(48,61),(49,110),(48,41),(49,77),(50,101),(48,55),(47,77),(49,125),(49,38),(50,95),(47,365),(50,67),(50,90),(49,81),(50,55),(42,274),(42,375),(50,9),(50,33),(50,88),(53,121),(53,55),(54,123),(54,113),(54,110),(54,61),(54,77),(54,36),(53,87),(54,66),(56,112),(47,300),(56,67),(56,75),(47,347),(57,77),(54,280),(40,299),(59,101),(64,116),(63,115),(63,66),(64,108),(64,70),(63,106),(63,35),(63,278),(66,101),(66,95),(63,342),(64,171),(66,67),(67,123),(63,375),(68,115),(63,77),(68,24),(68,34),(68,85),(68,90),(69,43),(69,143),(69,26),(69,77),(69,86),(69,111),(69,61),(70,143),(70,89),(70,43),(69,104),(71,205),(71,223),(70,86),(71,126),(71,75),(72,45),(72,89),(72,395),(72,141),(73,108),(73,116),(70,24),(73,147),(74,64),(73,85),(75,123),(74,115),(74,106),(75,65),(73,329),(74,101),(74,24),(76,108),(75,114),(75,113),(75,61),(75,110),(73,299),(77,113),(77,114),(77,119),(77,120),(77,112),(77,343),(76,70),(76,116),(72,139),(76,84),(79,141),(79,124),(79,125),(79,41),(80,115),(79,135),(80,48),(80,87),(80,67),(80,101),(80,90),(81,46),(81,54),(81,62),(81,67),(81,87),(81,101),(81,98),(82,112),(59,151),(59,288),(83,388),(83,26),(83,53),(83,89),(83,135),(85,34),(83,101),(85,55),(85,66),(85,77),(85,77),(85,109),(85,113),(85,344),(87,123),(87,124),(87,90),(87,66),(87,61),(87,58),(87,141),(87,52),(87,35),(88,111),(89,42),(89,113),(88,82),(90,68),(89,90),(88,110),(90,88),(90,101),(90,102),(89,123),(90,166),(92,112),(92,66),(90,271),(90,58),(92,119),(92,142),(89,70),(79,31),(94,42),(94,113),(95,90),(96,108),(97,101),(95,125),(95,123),(96,116),(96,85),(96,339),(94,82),(95,70),(97,65),(97,10),(97,95),(94,27),(93,40),(98,128),(98,43),(98,42),(93,32),(93,1),(93,57),(93,62),(93,133),(94,123),(94,90),(94,71),(99,68),(99,101),(99,95),(101,67),(101,95),(100,121),(100,106),(101,75),(100,59),(101,343),(100,31),(101,375),(101,25),(101,90),(103,123),(103,110),(104,95),(104,101),(104,67),(104,87),(104,343),(104,349),(104,36),(104,55),(107,320),(107,165),(106,267),(106,205),(108,71),(108,148),(109,113),(109,119),(109,114),(109,71),(108,159),(110,41),(109,90),(110,141),(109,120),(111,104),(111,146),(110,61),(111,108),(110,52),(110,143),(110,66),(111,292),(110,77),(110,335),(113,65),(114,112),(113,84),(114,10),(113,142),(93,394),(114,323),(115,143),(115,65),(115,123),(115,89),(77,55),(103,43),(103,66),(36,40),(36,41),(36,42),(117,111),(119,66),(119,77),(119,34),(119,237),(121,124),(119,113),(119,109),(119,348),(122,85),(122,121),(123,112),(123,90),(122,106),(122,39),(122,71),(122,135),(122,78),(124,112),(124,141),(124,139),(124,126),(124,123),(124,110),(125,86),(125,143),(125,52),(125,45),(125,135),(126,64),(126,82),(126,77),(126,24),(127,119),(127,65),(127,90),(128,101),(127,114),(128,67),(127,253),(128,95),(127,34),(126,35),(70,77),(127,388),(129,121),(130,59),(130,31),(130,39),(130,89),(130,72),(130,92),(131,75),(131,67),(130,79),(131,101),(131,90),(131,87),(131,375),(131,36),(131,95),(132,108),(132,62),(132,82),(132,103),(133,15),(133,67),(133,87),(133,95),(133,101),(133,56),(133,9),(134,101),(134,90),(133,287),(133,349),(135,131),(135,130),(136,110),(136,124),(134,68),(136,111),(136,61),(137,39),(137,121),(137,123),(137,308),(137,330),(134,115),(138,125),(138,124),(138,61),(138,41),(138,55),(140,115),(142,146),(143,106),(143,115),(143,67),(143,62),(143,87),(139,61),(139,143),(143,101),(139,141),(139,121),(144,124),(144,125),(144,90),(145,119),(145,77),(145,66),(144,141),(146,64),(146,82),(146,77),(146,119),(146,106),(147,89),(147,32),(147,41),(147,52),(147,78),(148,42),(149,123),(149,110),(149,42),(146,358),(150,123),(146,273),(151,95),(151,101),(151,67),(152,38),(151,87),(152,140),(153,115),(152,98),(153,101),(152,54),(153,67),(153,90),(153,36),(153,369),(152,16),(152,69),(154,108),(28,116),(28,108),(28,104),(28,147),(28,172),(28,314),(155,110),(155,113),(155,123),(156,82),(156,62),(155,65),(156,77),(156,103),(157,66),(157,112),(157,114),(157,119),(157,142),(157,332),(157,61),(157,26),(155,24),(158,341),(158,28),(160,62),(160,103),(160,82),(160,77),(161,68),(161,101),(161,115),(161,1),(161,90),(161,36),(161,278),(162,67),(162,88),(160,47),(162,101),(162,95),(162,36),(160,58),(162,90),(162,10),(160,296),(160,327),(163,67),(163,88),(163,90),(163,101),(163,95),(163,27),(163,293),(164,101),(164,87),(164,90),(165,66),(164,67),(165,115),(164,95),(165,87),(165,90),(165,106),(164,56),(164,34),(166,131),(167,39),(167,42),(167,109),(167,121),(167,123),(167,13),(168,78),(168,42),(168,121),(168,106),(136,125),(170,121),(129,31),(129,66),(129,78),(171,108),(171,103),(171,123),(171,85),(140,90),(140,68),(140,87),(174,111),(175,64),(176,55),(176,67),(176,87),(176,95),(176,101),(176,34),(176,344),(176,353),(173,90),(177,42),(173,68),(177,113),(177,123),(177,77),(178,38),(178,125),(180,112),(180,90),(180,122),(173,286),(173,387),(181,65),(181,77),(173,115),(173,24),(173,105),(181,61),(181,119),(181,142),(173,106),(181,279),(182,66),(182,78),(182,86),(182,14),(184,90),(184,67),(184,115),(184,88),(184,35),(184,24),(184,48),(184,387),(184,347),(187,88),(187,96),(187,67),(187,13),(187,48),(187,10),(188,123),(190,87),(190,101),(190,95),(190,90),(190,67),(190,46),(190,343),(191,114),(191,119),(191,142),(191,396),(191,141),(192,125),(192,124),(191,135),(193,101),(193,95),(191,61),(191,143),(194,102),(194,67),(194,101),(194,271),(188,113),(188,70),(188,42),(188,61),(195,112),(195,119),(195,113),(196,115),(195,30),(195,356),(196,88),(196,101),(66,88),(188,378),(196,348),(66,90),(66,15),(66,30),(66,10),(195,114),(195,65),(198,125),(195,343),(197,126),(199,112),(198,124),(197,396),(198,61),(197,168),(197,222),(197,271),(201,77),(201,84),(201,65),(201,119),(201,142),(201,330),(202,61),(142,103),(203,123),(203,125),(203,124),(203,61),(204,57),(204,107),(203,85),(204,75),(203,13),(203,57),(205,68),(205,87),(205,95),(205,101),(205,29),(205,36),(205,294),(205,345),(206,110),(206,125),(206,124),(203,382),(203,26),(207,123),(207,125),(207,124),(207,13),(207,383),(207,85),(207,61),(209,116),(209,108),(209,396),(209,70),(209,84),(210,130),(210,135),(210,120),(210,41),(210,332),(209,280),(196,64),(211,116),(211,108),(211,71),(211,396),(212,78),(213,77),(213,86),(213,141),(213,143),(213,61),(213,43),(213,395),(213,111),(211,339),(130,156),(211,169),(192,110),(215,110),(137,31),(154,396),(18,396),(18,320),(154,116),(154,61),(154,167),(154,347),(216,108),(216,71),(216,116),(216,316),(154,280),(216,284),(216,104),(18,86),(217,68),(217,101),(217,95),(217,88),(217,90),(217,27),(217,14),(217,253),(217,386),(218,68),(218,101),(218,90),(218,88),(218,95),(137,266),(218,25),(218,13),(218,246),(218,330),(57,330),(220,90),(220,82),(220,77),(220,119),(220,384),(57,135),(135,129),(135,51),(222,111),(222,121),(4,27),(194,95),(194,57),(147,39),(223,67),(223,88),(223,101),(223,95),(223,14),(223,10),(202,45),(202,41),(202,79),(202,135),(202,130),(223,46),(223,57),(46,396),(224,125),(224,124),(46,86),(4,79),(224,41),(224,61),(224,55),(46,28),(46,61),(46,143),(224,79),(4,61),(121,125),(121,27),(121,263),(121,60),(226,124),(121,89),(226,125),(227,55),(227,61),(227,124),(227,125),(228,125),(228,124),(227,41),(228,27),(228,265),(226,328),(228,60),(228,89),(226,262),(228,52),(226,28),(228,41),(229,125),(229,124),(229,262),(229,41),(229,135),(229,89),(230,34),(230,52),(230,77),(230,42),(230,89),(230,331),(233,77),(233,89),(233,244),(233,353),(234,115),(234,112),(234,90),(234,68),(234,33),(234,46),(235,119),(235,65),(235,106),(235,90),(235,287),(235,113),(235,358),(236,110),(236,113),(236,66),(236,123),(236,331),(199,114),(237,263),(199,142),(199,143),(199,66),(199,78),(237,113),(237,6),(237,61),(237,55),(237,15),(102,125),(237,133),(237,109),(237,121),(102,61),(102,60),(102,52),(227,79),(102,40),(102,124),(102,135),(238,125),(238,124),(238,60),(238,61),(238,52),(238,262),(204,92),(239,110),(239,113),(239,66),(239,123),(204,79),(219,108),(219,396),(219,116),(219,71),(241,125),(241,124),(241,85),(242,79),(241,41),(241,89),(242,63),(242,94),(242,9),(242,6),(244,90),(244,68),(244,88),(244,95),(245,125),(245,124),(245,52),(245,60),(245,143),(245,262),(245,61),(245,41),(232,101),(232,68),(232,87),(232,95),(232,90),(232,27),(232,260),(232,324),(246,265),(246,125),(246,124),(246,60),(246,143),(246,52),(247,109),(247,133),(247,55),(247,61),(247,113),(247,6),(247,121),(247,263),(247,15),(248,90),(248,113),(248,119),(248,114),(248,120),(185,116),(185,396),(185,108),(185,82),(249,138),(185,77),(249,11),(185,71),(249,3),(185,279),(249,92),(185,84),(185,334),(185,347),(249,121),(249,266),(250,82),(250,279),(250,77),(250,103),(250,62),(250,35),(250,46),(250,325),(250,84),(251,139),(251,141),(251,85),(251,41),(251,143),(251,89),(219,84),(219,328),(219,337),(219,299),(252,108),(252,396),(252,116),(252,71),(252,86),(252,295),(252,327),(252,334),(253,115),(253,67),(253,87),(253,90),(7,108),(7,116),(7,396),(253,384),(253,28),(253,36),(7,70),(103,143),(103,344),(103,26),(254,123),(254,109),(255,108),(255,396),(255,116),(255,327),(255,171),(254,324),(255,86),(255,70),(254,239),(256,114),(254,66),(254,57),(256,113),(256,109),(254,125),(255,283),(257,116),(257,108),(257,396),(258,62),(258,34),(258,1),(258,65),(258,101),(258,106),(135,3),(135,143),(135,136),(137,141),(259,121),(259,141),(259,31),(259,304),(259,123),(259,238),(76,296),(76,377),(156,329),(156,346),(260,12),(260,16),(156,296),(261,113),(261,123),(261,66),(261,90),(261,77),(261,34),(261,55),(144,41),(261,348),(241,135),(262,108),(116,108),(116,396),(262,396),(116,116),(262,116),(262,70),(116,70),(2,79),(241,141),(263,139),(263,41),(263,141),(263,61),(263,143),(242,101),(256,66),(222,110),(264,113),(264,119),(264,90),(264,65),(265,71),(265,116),(264,246),(265,112),(266,113),(265,82),(266,77),(266,90),(264,324),(264,376),(266,123),(265,61),(204,121),(204,394),(70,135),(256,384),(267,111),(267,77),(267,113),(267,90),(118,141),(118,125),(118,143),(118,61),(118,77),(268,82),(268,62),(118,41),(268,104),(268,77),(268,373),(268,268),(268,48),(269,62),(269,104),(269,82),(270,108),(272,116),(272,112),(272,82),(272,64),(272,77),(118,130),(262,370),(262,341),(116,389),(116,341),(116,330),(8,89),(102,252),(102,355),(188,27),(92,86),(92,43),(196,46),(196,57),(196,288),(273,123),(273,65),(273,110),(273,113),(228,134),(273,61),(274,90),(228,79),(274,123),(273,34),(273,31),(274,113),(273,86),(273,348),(274,65),(273,77),(274,34),(274,55),(274,30),(115,79),(115,43),(275,27),(275,34),(275,78),(275,112),(92,356),(92,341),(274,359),(273,29),(276,40),(276,41),(115,26),(277,66),(277,113),(277,109),(277,111),(277,34),(277,106),(277,237),(277,353),(279,96),(279,73),(279,90),(279,88),(279,68),(279,347),(279,35),(279,28),(193,67),(280,77),(193,87),(193,90),(193,13),(193,57),(226,60),(226,41),(281,82),(281,104),(281,62),(281,163),(281,311),(281,331),(286,77),(286,62),(286,103),(286,81),(286,84),(18,277),(286,361),(7,86),(7,296),(7,314),(149,143),(257,312),(257,70),(257,377),(257,84),(115,130),(287,119),(287,112),(287,65),(287,113),(288,119),(288,120),(288,112),(288,85),(288,114),(290,125),(290,124),(198,269),(198,26),(79,89),(79,26),(79,78),(79,79),(79,143),(291,112),(291,113),(291,114),(292,113),(291,119),(292,114),(292,119),(292,112),(177,265),(177,28),(152,243),(135,142),(135,89),(229,60),(229,79),(144,58),(144,61),(226,61),(294,33),(294,41),(294,124),(294,125),(294,135),(294,141),(294,61),(294,58),(294,79),(115,125),(103,89),(103,125),(295,111),(295,193),(296,116),(296,126),(296,169),(296,362),(298,62),(298,65),(296,323),(298,101),(298,106),(298,34),(299,116),(299,126),(299,171),(298,1),(299,271),(174,109),(174,121),(174,30),(174,32),(174,322),(174,379),(115,77),(115,141),(174,106),(8,139),(8,53),(8,40),(8,78),(207,29),(207,79),(178,270),(301,119),(301,112),(301,64),(301,120),(301,114),(302,108),(302,116),(302,396),(302,295),(302,327),(302,86),(168,13),(101,112),(226,139),(226,135),(226,79),(168,39),(302,71),(149,112),(149,84),(63,90),(45,205),(45,396),(305,116),(305,108),(305,396),(305,70),(305,171),(45,279),(45,55),(270,70),(270,116),(270,396),(270,370),(270,169),(244,105),(244,34),(244,13),(244,85),(244,134),(307,13),(307,34),(307,85),(307,90),(307,68),(307,95),(307,87),(307,134),(307,9),(308,13),(308,90),(308,68),(308,88),(308,95),(308,134),(308,85),(308,34),(308,105),(309,108),(309,396),(309,116),(309,70),(309,86),(309,171),(310,123),(310,110),(310,66),(310,114),(310,85),(310,42),(186,88),(186,67),(186,96),(186,47),(186,14),(186,10),(186,324),(312,113),(312,64),(312,120),(312,112),(312,119),(313,108),(313,396),(313,116),(313,70),(313,61),(314,66),(314,106),(314,113),(314,123),(314,109),(315,112),(315,119),(315,113),(315,120),(316,68),(316,87),(316,95),(316,72),(316,36),(316,9),(316,59),(316,28),(316,324),(300,126),(300,116),(300,171),(300,375),(186,356),(154,70),(163,75),(163,34),(205,90),(236,85),(236,42),(75,36),(236,343),(236,89),(215,113),(215,123),(215,65),(236,77),(215,85);
/*!40000 ALTER TABLE `plans_units` ENABLE KEYS */;
UNLOCK TABLES;

--
-- Table structure for table `prerequisite_connections`
--

DROP TABLE IF EXISTS `prerequisite_connections`;
/*!40101 SET @saved_cs_client     = @@character_set_client */;
/*!40101 SET character_set_client = utf8 */;
CREATE TABLE `prerequisite_connections` (
  `course_a_id` int(11) DEFAULT NULL,
  `course_b_id` int(11) DEFAULT NULL
) ENGINE=InnoDB DEFAULT CHARSET=utf8;
/*!40101 SET character_set_client = @saved_cs_client */;

--
-- Dumping data for table `prerequisite_connections`
--

LOCK TABLES `prerequisite_connections` WRITE;
/*!40000 ALTER TABLE `prerequisite_connections` DISABLE KEYS */;
/*!40000 ALTER TABLE `prerequisite_connections` ENABLE KEYS */;
UNLOCK TABLES;

--
-- Table structure for table `professors`
--

DROP TABLE IF EXISTS `professors`;
/*!40101 SET @saved_cs_client     = @@character_set_client */;
/*!40101 SET character_set_client = utf8 */;
CREATE TABLE `professors` (
  `id` int(11) NOT NULL AUTO_INCREMENT,
  `name` varchar(255) DEFAULT NULL,
  `created_at` datetime DEFAULT NULL,
  `updated_at` datetime DEFAULT NULL,
  PRIMARY KEY (`id`)
) ENGINE=InnoDB AUTO_INCREMENT=164 DEFAULT CHARSET=utf8;
/*!40101 SET character_set_client = @saved_cs_client */;

--
-- Dumping data for table `professors`
--

LOCK TABLES `professors` WRITE;
/*!40000 ALTER TABLE `professors` DISABLE KEYS */;
INSERT INTO `professors` VALUES (1,'دكتر عباسيان','2014-08-21 04:44:01','2014-08-21 04:44:01'),(2,'دكتر لساني','2014-08-21 04:44:02','2014-08-21 04:44:02'),(3,'دكتر فرهنگي','2014-08-21 04:44:04','2014-08-21 04:44:04'),(4,'مهندس خودکاری','2014-08-21 04:44:04','2014-08-21 04:44:04'),(5,'مهندس رمضانی تبار','2014-08-21 04:44:04','2014-08-21 04:44:04'),(6,'دكتر آشتياني','2014-08-21 04:44:05','2014-08-21 04:44:05'),(7,'دکتر شیخایی','2014-08-21 04:44:05','2014-08-21 04:44:05'),(8,'دكتر محسني','2014-08-21 04:44:06','2014-08-21 04:44:06'),(9,'دكتر كمره‌اي','2014-08-21 04:44:06','2014-08-21 04:44:06'),(10,'دكتر نوابي','2014-08-21 04:44:07','2014-08-21 04:44:07'),(11,'دكتر فاطمي','2014-08-21 04:44:08','2014-08-21 04:44:08'),(12,'دكتر ایمان عینی','2014-08-21 04:44:08','2014-08-21 04:44:08'),(13,'مهندس رضایی','2014-08-21 04:44:09','2014-08-21 04:44:09'),(14,'مهندس رضايي','2014-08-21 04:44:09','2014-08-21 04:44:09'),(15,'دكتر افشارنيا','2014-08-21 04:44:10','2014-08-21 04:44:10'),(16,'دكتر لاهوتي','2014-08-21 04:44:10','2014-08-21 04:44:10'),(17,'دكتر صفري','2014-08-21 04:44:10','2014-08-21 04:44:10'),(18,'مهندس عمادی','2014-08-21 04:44:11','2014-08-21 04:44:11'),(19,'دكتر کارگهی+ مهندس ابراهيمیان','2014-08-21 04:44:11','2014-08-21 04:44:11'),(20,'دكتر تقي‌ياره','2014-08-21 04:44:11','2014-08-21 04:44:11'),(21,'دكتر شایگانی ','2014-08-21 04:44:12','2014-08-21 04:44:12'),(22,'دكتر هاشمي','2014-08-21 04:44:12','2014-08-21 04:44:12'),(23,'دكتر آسایی','2014-08-21 04:44:12','2014-08-21 04:44:12'),(24,'دكتر بهرامي','2014-08-21 04:44:13','2014-08-21 04:44:13'),(25,'دكتر خونساري','2014-08-21 04:44:14','2014-08-21 04:44:14'),(26,'دکتر راشدمحصل','2014-08-21 04:44:14','2014-08-21 04:44:14'),(27,'دكتر فخرايي','2014-08-21 04:44:15','2014-08-21 04:44:15'),(28,'مهندس حسینی','2014-08-21 04:44:16','2014-08-21 04:44:16'),(29,'دکتر شاه آبادی','2014-08-21 04:44:16','2014-08-21 04:44:16'),(30,'دكتر ايمان‌عيني','2014-08-21 04:44:17','2014-08-21 04:44:17'),(31,'دكتر مهاجرزاده','2014-08-21 04:44:17','2014-08-21 04:44:17'),(32,'دكتر سنائی','2014-08-21 04:44:17','2014-08-21 04:44:17'),(33,'دكتر كلاهدوز','2014-08-21 04:44:18','2014-08-21 04:44:18'),(34,'دكتر آشتیانی','2014-08-21 04:44:18','2014-08-21 04:44:18'),(35,'دكتر شیخایی','2014-08-21 04:44:18','2014-08-21 04:44:18'),(36,'دكتر شعاعی','2014-08-21 04:44:19','2014-08-21 04:44:19'),(37,'دكتر شاه منصوری','2014-08-21 04:44:19','2014-08-21 04:44:19'),(38,'دكتر منصف','2014-08-21 04:44:20','2014-08-21 04:44:20'),(39,'دكتر قاسمی','2014-08-21 04:44:20','2014-08-21 04:44:20'),(40,'دکتر افشارنیا','2014-08-21 04:44:21','2014-08-21 04:44:21'),(41,'دكتر خسروي','2014-08-21 04:44:21','2014-08-21 04:44:21'),(42,'اساتيد دانشكده','2014-08-21 04:44:21','2014-08-21 04:44:21'),(43,'دكتر آسائي','2014-08-21 04:44:22','2014-08-21 04:44:22'),(44,'دکتر صباغيان','2014-08-21 04:44:22','2014-08-21 04:44:22'),(45,'دکتر عباسفر','2014-08-21 04:44:22','2014-08-21 04:44:22'),(46,'دكتر رحيمي‌كيان','2014-08-21 04:44:23','2014-08-21 04:44:23'),(47,'دکتر منصف','2014-08-21 04:44:23','2014-08-21 04:44:23'),(48,'دكتر محمدطاهری','2014-08-21 04:44:24','2014-08-21 04:44:24'),(49,'دكتر راشدمحصل','2014-08-21 04:44:24','2014-08-21 04:44:24'),(50,'دكتر','2014-08-21 04:44:24','2014-08-21 04:44:24'),(51,'خانم فاطمي','2014-08-21 04:44:24','2014-08-21 04:44:24'),(52,'دکتر بهرامی','2014-08-21 04:44:25','2014-08-21 04:44:25'),(53,'دكتر تقی یاره','2014-08-21 04:44:26','2014-08-21 04:44:26'),(54,'دکتر فاطمی','2014-08-21 04:44:27','2014-08-21 04:44:27'),(55,'دكتر عبدالاحد','2014-08-21 04:44:27','2014-08-21 04:44:27'),(56,'دكتراصل سلیمانی','2014-08-21 04:44:28','2014-08-21 04:44:28'),(57,'دكتر آيتی','2014-08-21 04:44:28','2014-08-21 04:44:28'),(58,'دکتر داورپناه','2014-08-21 04:44:28','2014-08-21 04:44:28'),(59,'مهندس نبوی','2014-08-21 04:44:28','2014-08-21 04:44:28'),(60,'دكتر مرادي','2014-08-21 04:44:29','2014-08-21 04:44:29'),(61,'دكتر الفت','2014-08-21 04:44:30','2014-08-21 04:44:30'),(62,'دکتر محمدطاهری','2014-08-21 04:44:30','2014-08-21 04:44:30'),(63,'دكتر ايمان عينی','2014-08-21 04:44:30','2014-08-21 04:44:30'),(64,'دكتر امینی فر','2014-08-21 04:44:31','2014-08-21 04:44:31'),(65,'دكتر راشد محصل','2014-08-21 04:44:31','2014-08-21 04:44:31'),(66,'دكتر ربیعی','2014-08-21 04:44:31','2014-08-21 04:44:31'),(67,'دكتر شایگانی','2014-08-21 04:44:32','2014-08-21 04:44:32'),(68,'دكتر مدرسي','2014-08-21 04:44:32','2014-08-21 04:44:32'),(69,'دكتر مرادی','2014-08-21 04:44:33','2014-08-21 04:44:33'),(70,'دكتر يزدانی','2014-08-21 04:44:33','2014-08-21 04:44:33'),(71,'دکتر فولادی','2014-08-21 04:44:34','2014-08-21 04:44:34'),(72,'دكتر اسدپور','2014-08-21 04:44:35','2014-08-21 04:44:35'),(73,'دکتر لسانی','2014-08-21 04:44:35','2014-08-21 04:44:35'),(74,'دكتر فيلي','2014-08-21 04:44:35','2014-08-21 04:44:35'),(75,'دکتر فیض','2014-08-21 04:44:36','2014-08-21 04:44:36'),(76,'دكتر كارگهي','2014-08-21 04:44:36','2014-08-21 04:44:36'),(77,'مهندس محققی','2014-08-21 04:44:37','2014-08-21 04:44:37'),(78,'دكتر افضلی کوشا','2014-08-21 04:44:37','2014-08-21 04:44:37'),(79,'دکتر كبريايي','2014-08-21 04:44:37','2014-08-21 04:44:37'),(80,'دكتر شاکری','2014-08-21 04:44:38','2014-08-21 04:44:38'),(81,'دكتر صبوری','2014-08-21 04:44:38','2014-08-21 04:44:38'),(82,'دكتر رحیمی کلاهدوز','2014-08-21 04:44:38','2014-08-21 04:44:38'),(83,'دکتر محمدی','2014-08-21 04:44:39','2014-08-21 04:44:39'),(84,'دكتر شريفي','2014-08-21 04:44:40','2014-08-21 04:44:40'),(85,'مهندس خراط','2014-08-21 04:44:40','2014-08-21 04:44:40'),(86,'دكتر اربابی','2014-08-21 04:44:40','2014-08-21 04:44:40'),(87,'دكتر ظروفي','2014-08-21 04:44:41','2014-08-21 04:44:41'),(88,'دكتر رئوفی','2014-08-21 04:44:41','2014-08-21 04:44:41'),(89,'دکتر علیزاده','2014-08-21 04:44:41','2014-08-21 04:44:41'),(90,'دکتر ارسالی صالحی نسب','2014-08-21 04:44:42','2014-08-21 04:44:42'),(91,'دکتر نوابی','2014-08-21 04:44:42','2014-08-21 04:44:42'),(92,'دکتر رهگذر','2014-08-21 04:44:43','2014-08-21 04:44:43'),(93,'دکتر ','2014-08-21 04:44:43','2014-08-21 04:44:43'),(94,'مهندس ','2014-08-21 04:44:43','2014-08-21 04:44:43'),(95,'دکتر کمال','2014-08-21 04:44:44','2014-08-21 04:44:44'),(96,'دکتر خونساری','2014-08-21 04:44:44','2014-08-21 04:44:44'),(97,'دکتر يوسفی','2014-08-21 04:44:44','2014-08-21 04:44:44'),(98,'دکتر دری','2014-08-21 05:28:12','2014-08-21 05:28:12'),(99,'نامشخص','2014-08-21 07:07:17','2014-08-21 07:07:17'),(100,'دكتر طاهري ','2014-08-21 08:40:24','2014-08-21 08:40:24'),(101,'دكتر خزعلي ','2014-08-21 08:40:24','2014-08-21 08:40:24'),(102,'دكتر خزعلي  ','2014-08-21 08:40:25','2014-08-21 08:40:25'),(103,'دكتر وهداني ','2014-08-21 08:40:25','2014-08-21 08:40:25'),(104,'دكتر محمودي داريان ','2014-08-21 08:40:25','2014-08-21 08:40:25'),(105,'دكتر رحامي ','2014-08-21 08:40:25','2014-08-21 08:40:25'),(106,'دكتر فيض ديزجي ','2014-08-21 08:40:26','2014-08-21 08:40:26'),(107,'دكتر بايندري مقدم ','2014-08-21 08:40:26','2014-08-21 08:40:26'),(108,'دكتر حسينيان ','2014-08-21 08:40:27','2014-08-21 08:40:27'),(109,'دكتر حسينيان','2014-08-21 08:40:27','2014-08-21 08:40:27'),(110,'دكتر مرادي ','2014-08-21 08:40:27','2014-08-21 08:40:27'),(111,'دكتر هاشمي ','2014-08-21 08:40:28','2014-08-21 08:40:28'),(112,'دكترخزعلي ','2014-08-21 08:40:28','2014-08-21 08:40:28'),(113,'دكتر صالحي ','2014-08-21 08:40:28','2014-08-21 08:40:28'),(114,'دكتر صالحي','2014-08-21 08:40:28','2014-08-21 08:40:28'),(115,'دكتر عابديان ','2014-08-21 08:40:29','2014-08-21 08:40:29'),(116,'دكتر عابديان','2014-08-21 08:40:29','2014-08-21 08:40:29'),(117,'دكتر معظمي ','2014-08-21 08:40:29','2014-08-21 08:40:29'),(118,'دكتر غرقاني ','2014-08-21 08:40:29','2014-08-21 08:40:29'),(119,'دكتر غفاري ','2014-08-21 08:40:30','2014-08-21 08:40:30'),(120,'دكتر مهاجر','2014-08-21 08:40:30','2014-08-21 08:40:30'),(121,'مهندس صالحي ','2014-08-21 08:40:30','2014-08-21 08:40:30'),(122,'مهندس ايمان ','2014-08-21 08:40:31','2014-08-21 08:40:31'),(123,'مهندس ايمان  ','2014-08-21 08:40:32','2014-08-21 08:40:32'),(124,'مهندس صالحي','2014-08-21 08:40:32','2014-08-21 08:40:32'),(125,'مهندس ايمان','2014-08-21 08:40:33','2014-08-21 08:40:33'),(126,'دكتر بايندري مقدم','2014-08-21 08:40:34','2014-08-21 08:40:34'),(127,'دكتر مداح ','2014-08-21 08:40:35','2014-08-21 08:40:35'),(128,'دكتر محمودي داريان','2014-08-21 08:40:35','2014-08-21 08:40:35'),(129,'دكتر مجد','2014-08-21 08:40:35','2014-08-21 08:40:35'),(130,'دكتر مجد ','2014-08-21 08:40:35','2014-08-21 08:40:35'),(131,'دكتر فهيم ','2014-08-21 08:40:36','2014-08-21 08:40:36'),(132,'دكتر فهيم','2014-08-21 08:40:36','2014-08-21 08:40:36'),(133,'دكتر نظري ','2014-08-21 08:40:36','2014-08-21 08:40:36'),(134,'دكتر مداح','2014-08-21 08:40:37','2014-08-21 08:40:37'),(135,'دكتر شاطرزاده ','2014-08-21 08:40:37','2014-08-21 08:40:37'),(136,'دكتر اميري','2014-08-21 08:40:37','2014-08-21 08:40:37'),(137,'دكتر شاطرزاده','2014-08-21 08:40:37','2014-08-21 08:40:37'),(138,'دكتر آقابابا ','2014-08-21 08:40:38','2014-08-21 08:40:38'),(139,'دكتر شاه منصوري','2014-08-21 08:40:38','2014-08-21 08:40:38'),(140,'دكتر خجسته ','2014-08-21 08:40:38','2014-08-21 08:40:38'),(141,'دكتر فيض ديزجي','2014-08-21 08:40:39','2014-08-21 08:40:39'),(142,'دكتر قدوسيان ','2014-08-21 08:40:39','2014-08-21 08:40:39'),(143,'دكتر حشمتي ','2014-08-21 08:40:39','2014-08-21 08:40:39'),(144,'دكتر ناصح پور','2014-08-21 08:40:40','2014-08-21 08:40:40'),(145,'دكتر شعبان خواه ','2014-08-21 08:40:40','2014-08-21 08:40:40'),(146,'دكتر قدوسيان','2014-08-21 08:40:41','2014-08-21 08:40:41'),(147,'مهندس صرافين','2014-08-21 08:40:42','2014-08-21 08:40:42'),(148,'جهانديده','2014-08-21 08:40:43','2014-08-21 08:40:43'),(149,'جهانديده ','2014-08-21 08:40:43','2014-08-21 08:40:43'),(150,'حسيني','2014-08-21 08:40:44','2014-08-21 08:40:44'),(151,'دكتر نظري','2014-08-21 08:40:44','2014-08-21 08:40:44'),(152,'حسييني','2014-08-21 08:40:46','2014-08-21 08:40:46'),(153,' دكتر فهيم ','2014-08-21 08:40:47','2014-08-21 08:40:47'),(154,'جهانديده  ','2014-08-21 08:40:47','2014-08-21 08:40:47'),(155,'رضايي','2014-08-21 08:40:48','2014-08-21 08:40:48'),(156,'جلالي ','2014-08-21 08:40:48','2014-08-21 08:40:48'),(157,'رضايي ','2014-08-21 08:40:48','2014-08-21 08:40:48'),(158,'جلالي','2014-08-21 08:40:49','2014-08-21 08:40:49'),(159,'دكتر آقابابا','2014-08-21 08:40:49','2014-08-21 08:40:49'),(160,'حسيني ','2014-08-21 08:40:50','2014-08-21 08:40:50'),(161,'دكتر شاه منصوري ','2014-08-21 08:40:50','2014-08-21 08:40:50'),(162,'دكتر غفاري','2014-08-21 08:40:53','2014-08-21 08:40:53'),(163,'مهندس ادهمی','2014-08-23 06:27:04','2014-08-23 06:27:04');
/*!40000 ALTER TABLE `professors` ENABLE KEYS */;
UNLOCK TABLES;

--
-- Table structure for table `requirement_connections`
--

DROP TABLE IF EXISTS `requirement_connections`;
/*!40101 SET @saved_cs_client     = @@character_set_client */;
/*!40101 SET character_set_client = utf8 */;
CREATE TABLE `requirement_connections` (
  `course_a_id` int(11) DEFAULT NULL,
  `course_b_id` int(11) DEFAULT NULL
) ENGINE=InnoDB DEFAULT CHARSET=utf8;
/*!40101 SET character_set_client = @saved_cs_client */;

--
-- Dumping data for table `requirement_connections`
--

LOCK TABLES `requirement_connections` WRITE;
/*!40000 ALTER TABLE `requirement_connections` DISABLE KEYS */;
/*!40000 ALTER TABLE `requirement_connections` ENABLE KEYS */;
UNLOCK TABLES;

--
-- Table structure for table `schema_migrations`
--

DROP TABLE IF EXISTS `schema_migrations`;
/*!40101 SET @saved_cs_client     = @@character_set_client */;
/*!40101 SET character_set_client = utf8 */;
CREATE TABLE `schema_migrations` (
  `version` varchar(255) NOT NULL,
  UNIQUE KEY `unique_schema_migrations` (`version`)
) ENGINE=InnoDB DEFAULT CHARSET=utf8;
/*!40101 SET character_set_client = @saved_cs_client */;

--
-- Dumping data for table `schema_migrations`
--

LOCK TABLES `schema_migrations` WRITE;
/*!40000 ALTER TABLE `schema_migrations` DISABLE KEYS */;
INSERT INTO `schema_migrations` VALUES ('20140817120745'),('20140817120855'),('20140817120924'),('20140817121053'),('20140817121134'),('20140817121228'),('20140817121701'),('20140817123616'),('20140817123840'),('20140817123932'),('20140817124146'),('20140817144920'),('20140817155813'),('20140818050017'),('20140818104649');
/*!40000 ALTER TABLE `schema_migrations` ENABLE KEYS */;
UNLOCK TABLES;

--
-- Table structure for table `terms`
--

DROP TABLE IF EXISTS `terms`;
/*!40101 SET @saved_cs_client     = @@character_set_client */;
/*!40101 SET character_set_client = utf8 */;
CREATE TABLE `terms` (
  `id` int(11) NOT NULL AUTO_INCREMENT,
  `year` int(11) DEFAULT NULL,
  `section` int(11) DEFAULT NULL,
  `created_at` datetime DEFAULT NULL,
  `updated_at` datetime DEFAULT NULL,
  PRIMARY KEY (`id`)
) ENGINE=InnoDB AUTO_INCREMENT=2 DEFAULT CHARSET=utf8;
/*!40101 SET character_set_client = @saved_cs_client */;

--
-- Dumping data for table `terms`
--

LOCK TABLES `terms` WRITE;
/*!40000 ALTER TABLE `terms` DISABLE KEYS */;
INSERT INTO `terms` VALUES (1,1393,1,'2014-08-21 04:42:46','2014-08-21 04:42:46');
/*!40000 ALTER TABLE `terms` ENABLE KEYS */;
UNLOCK TABLES;

--
-- Table structure for table `unit_times`
--

DROP TABLE IF EXISTS `unit_times`;
/*!40101 SET @saved_cs_client     = @@character_set_client */;
/*!40101 SET character_set_client = utf8 */;
CREATE TABLE `unit_times` (
  `id` int(11) NOT NULL AUTO_INCREMENT,
  `start_time` time DEFAULT NULL,
  `end_time` time DEFAULT NULL,
  `day` int(11) DEFAULT NULL,
  `created_at` datetime DEFAULT NULL,
  `updated_at` datetime DEFAULT NULL,
  PRIMARY KEY (`id`)
) ENGINE=InnoDB AUTO_INCREMENT=100 DEFAULT CHARSET=utf8;
/*!40101 SET character_set_client = @saved_cs_client */;

--
-- Dumping data for table `unit_times`
--

LOCK TABLES `unit_times` WRITE;
/*!40000 ALTER TABLE `unit_times` DISABLE KEYS */;
INSERT INTO `unit_times` VALUES (1,'13:00:00','16:00:00',6,'2014-08-21 04:44:01','2014-08-21 04:44:01'),(2,'16:00:00','19:00:00',6,'2014-08-21 04:44:01','2014-08-21 04:44:01'),(3,'13:00:00','16:00:00',0,'2014-08-21 04:44:01','2014-08-21 04:44:01'),(4,'16:00:00','19:00:00',0,'2014-08-21 04:44:01','2014-08-21 04:44:01'),(5,'16:00:00','19:00:00',1,'2014-08-21 04:44:02','2014-08-21 04:44:02'),(6,'13:00:00','16:00:00',1,'2014-08-21 04:44:02','2014-08-21 04:44:02'),(7,'13:00:00','15:30:00',2,'2014-08-21 04:44:02','2014-08-21 04:44:02'),(8,'16:00:00','18:30:00',2,'2014-08-21 04:44:02','2014-08-21 04:44:02'),(9,'16:00:00','18:30:00',0,'2014-08-21 04:44:03','2014-08-21 04:44:03'),(10,'13:00:00','15:30:00',0,'2014-08-21 04:44:03','2014-08-21 04:44:03'),(11,'08:00:00','11:00:00',3,'2014-08-21 04:44:03','2014-08-21 04:44:03'),(12,'09:00:00','12:00:00',3,'2014-08-21 04:44:04','2014-08-21 04:44:04'),(13,'13:00:00','16:00:00',2,'2014-08-21 04:44:04','2014-08-21 04:44:04'),(14,'13:00:00','16:00:00',3,'2014-08-21 04:44:04','2014-08-21 04:44:04'),(15,'17:30:00','20:00:00',1,'2014-08-21 04:44:06','2014-08-21 04:44:06'),(16,'17:30:00','20:00:00',2,'2014-08-21 04:44:06','2014-08-21 04:44:06'),(17,'07:30:00','10:00:00',2,'2014-08-21 04:44:06','2014-08-21 04:44:06'),(18,'16:00:00','19:00:00',2,'2014-08-21 04:44:07','2014-08-21 04:44:07'),(19,'14:00:00','17:00:00',3,'2014-08-21 04:44:08','2014-08-21 04:44:08'),(20,'13:00:00','15:30:00',1,'2014-08-21 04:44:09','2014-08-21 04:44:09'),(21,'08:00:00','10:30:00',3,'2014-08-21 04:44:09','2014-08-21 04:44:09'),(22,'17:30:00','20:00:00',6,'2014-08-21 04:44:10','2014-08-21 04:44:10'),(23,'17:30:00','20:00:00',0,'2014-08-21 04:44:12','2014-08-21 04:44:12'),(24,'13:00:00','15:30:00',6,'2014-08-21 04:44:12','2014-08-21 04:44:12'),(25,'15:30:00','18:00:00',6,'2014-08-21 04:44:13','2014-08-21 04:44:13'),(26,'16:00:00','18:30:00',1,'2014-08-21 04:44:13','2014-08-21 04:44:13'),(27,'15:30:00','18:30:00',6,'2014-08-21 04:44:15','2014-08-21 04:44:15'),(28,'15:30:00','18:30:00',1,'2014-08-21 04:44:15','2014-08-21 04:44:15'),(29,'13:00:00','15:30:00',3,'2014-08-21 04:44:15','2014-08-21 04:44:15'),(30,'15:30:00','18:30:00',3,'2014-08-21 04:44:16','2014-08-21 04:44:16'),(31,'09:00:00','10:30:00',6,'2014-08-21 04:44:16','2014-08-21 04:44:16'),(32,'09:00:00','10:30:00',1,'2014-08-21 04:44:16','2014-08-21 04:44:16'),(33,'14:00:00','15:30:00',0,'2014-08-21 04:44:17','2014-08-21 04:44:17'),(34,'14:00:00','15:30:00',2,'2014-08-21 04:44:17','2014-08-21 04:44:17'),(35,'10:30:00','12:00:00',6,'2014-08-21 04:44:18','2014-08-21 04:44:18'),(36,'10:30:00','12:00:00',1,'2014-08-21 04:44:18','2014-08-21 04:44:18'),(37,'09:00:00','10:30:00',0,'2014-08-21 04:44:19','2014-08-21 04:44:19'),(38,'09:00:00','10:30:00',2,'2014-08-21 04:44:19','2014-08-21 04:44:19'),(39,'10:30:00','12:00:00',0,'2014-08-21 04:44:19','2014-08-21 04:44:19'),(40,'10:30:00','12:00:00',2,'2014-08-21 04:44:19','2014-08-21 04:44:19'),(41,'14:00:00','15:30:00',6,'2014-08-21 04:44:20','2014-08-21 04:44:20'),(42,'14:00:00','15:30:00',1,'2014-08-21 04:44:20','2014-08-21 04:44:20'),(43,'07:30:00','09:00:00',0,'2014-08-21 04:44:21','2014-08-21 04:44:21'),(44,'07:30:00','09:00:00',2,'2014-08-21 04:44:21','2014-08-21 04:44:21'),(45,'16:00:00','17:30:00',6,'2014-08-21 04:44:22','2014-08-21 04:44:22'),(46,'16:00:00','17:30:00',1,'2014-08-21 04:44:22','2014-08-21 04:44:22'),(47,'08:00:00','10:00:00',3,'2014-08-21 04:44:25','2014-08-21 04:44:25'),(48,'10:00:00','12:00:00',3,'2014-08-21 04:44:25','2014-08-21 04:44:25'),(49,'13:00:00','15:00:00',3,'2014-08-21 04:44:25','2014-08-21 04:44:25'),(50,'07:30:00','09:00:00',6,'2014-08-21 04:44:26','2014-08-21 04:44:26'),(51,'07:30:00','09:00:00',1,'2014-08-21 04:44:26','2014-08-21 04:44:26'),(52,'16:00:00','18:00:00',2,'2014-08-21 04:44:26','2014-08-21 04:44:26'),(53,'07:30:00','18:00:00',3,'2014-08-21 04:44:29','2014-08-21 04:44:29'),(54,'12:00:00','12:00:00',6,'2014-08-21 04:44:31','2014-08-21 04:44:31'),(55,'16:00:00','18:30:00',6,'2014-08-21 04:44:35','2014-08-21 04:44:35'),(56,'16:00:00','17:30:00',0,'2014-08-21 04:44:36','2014-08-21 04:44:36'),(57,'16:00:00','17:30:00',2,'2014-08-21 04:44:36','2014-08-21 04:44:36'),(58,'14:00:00','15:30:00',3,'2014-08-21 04:44:39','2014-08-21 04:44:39'),(59,'17:00:00','19:00:00',0,'2014-08-21 04:44:39','2014-08-21 04:44:39'),(60,'12:00:00','12:00:00',1,'2014-08-21 04:44:41','2014-08-21 04:44:41'),(61,'09:00:00','10:30:00',3,'2014-08-21 08:40:26','2014-08-21 08:40:26'),(62,'10:30:00','12:00:00',3,'2014-08-21 08:40:26','2014-08-21 08:40:26'),(63,'07:30:00','09:00:00',3,'2014-08-21 08:40:27','2014-08-21 08:40:27'),(64,'08:00:00','10:00:00',6,'2014-08-21 08:40:30','2014-08-21 08:40:30'),(65,'08:00:00','10:00:00',1,'2014-08-21 08:40:30','2014-08-21 08:40:30'),(66,'14:00:00','16:00:00',3,'2014-08-21 08:40:31','2014-08-21 08:40:31'),(67,'10:00:00','12:00:00',6,'2014-08-21 08:40:31','2014-08-21 08:40:31'),(68,'14:00:00','17:00:00',6,'2014-08-21 08:40:31','2014-08-21 08:40:31'),(69,'08:00:00','11:00:00',2,'2014-08-21 08:40:32','2014-08-21 08:40:32'),(70,'14:00:00','17:00:00',0,'2014-08-21 08:40:32','2014-08-21 08:40:32'),(71,'14:00:00','17:00:00',1,'2014-08-21 08:40:32','2014-08-21 08:40:32'),(72,'08:00:00','11:00:00',0,'2014-08-21 08:40:33','2014-08-21 08:40:33'),(73,'16:00:00','17:30:00',3,'2014-08-21 08:40:33','2014-08-21 08:40:33'),(74,'14:00:00','16:00:00',6,'2014-08-21 08:40:42','2014-08-21 08:40:42'),(75,'16:00:00','18:00:00',6,'2014-08-21 08:40:44','2014-08-21 08:40:44'),(76,'14:00:00','16:00:00',0,'2014-08-21 08:40:45','2014-08-21 08:40:45'),(77,'16:00:00','18:00:00',0,'2014-08-21 08:40:45','2014-08-21 08:40:45'),(78,'14:00:00','16:00:00',1,'2014-08-21 08:40:46','2014-08-21 08:40:46'),(79,'16:00:00','18:00:00',1,'2014-08-21 08:40:46','2014-08-21 08:40:46'),(80,'14:00:00','16:00:00',2,'2014-08-21 08:40:47','2014-08-21 08:40:47'),(81,'16:00:00','18:00:00',3,'2014-08-21 08:40:53','2014-08-21 08:40:53'),(82,'07:30:00','09:00:00',6,'2014-08-21 08:41:01','2014-08-21 10:30:37'),(83,'07:30:00','09:00:00',1,'2014-08-21 08:41:01','2014-08-21 10:30:37'),(84,'10:30:00','12:00:00',6,'2014-08-21 08:41:01','2014-08-21 10:30:37'),(85,'10:30:00','12:00:00',1,'2014-08-21 08:41:01','2014-08-21 10:30:37'),(86,'07:30:00','09:00:00',0,'2014-08-21 08:41:04','2014-08-21 10:30:37'),(87,'07:30:00','09:00:00',2,'2014-08-21 08:41:04','2014-08-21 10:30:37'),(88,'10:30:00','12:00:00',0,'2014-08-21 08:41:04','2014-08-21 10:30:37'),(89,'10:30:00','12:00:00',2,'2014-08-21 08:41:04','2014-08-21 10:30:38'),(90,'07:30:00','09:00:00',3,'2014-08-21 08:41:05','2014-08-21 10:30:38'),(91,'10:30:00','12:00:00',3,'2014-08-21 08:41:05','2014-08-21 10:30:38'),(92,'11:30:00','13:00:00',6,'2014-08-21 14:17:18','2014-08-21 14:17:18'),(93,'11:30:00','13:00:00',1,'2014-08-21 14:17:18','2014-08-21 14:17:18'),(94,'16:00:00','17:30:00',6,'2014-08-21 14:18:22','2014-08-21 19:07:20'),(95,'16:00:00','17:30:00',1,'2014-08-21 14:18:22','2014-08-21 19:07:33'),(96,'07:30:00','09:00:00',1,'2014-08-21 18:36:22','2014-08-21 18:36:22'),(97,'07:30:00','09:00:00',6,'2014-08-21 18:36:22','2014-08-21 18:36:22'),(98,'14:30:00','15:30:00',1,'2014-08-23 06:36:47','2014-08-23 06:36:47'),(99,'14:30:00','15:30:00',6,'2014-08-23 06:36:47','2014-08-23 06:36:47');
/*!40000 ALTER TABLE `unit_times` ENABLE KEYS */;
UNLOCK TABLES;

--
-- Table structure for table `unit_times_units`
--

DROP TABLE IF EXISTS `unit_times_units`;
/*!40101 SET @saved_cs_client     = @@character_set_client */;
/*!40101 SET character_set_client = utf8 */;
CREATE TABLE `unit_times_units` (
  `unit_time_id` int(11) NOT NULL,
  `unit_id` int(11) NOT NULL
) ENGINE=InnoDB DEFAULT CHARSET=utf8;
/*!40101 SET character_set_client = @saved_cs_client */;

--
-- Dumping data for table `unit_times_units`
--

LOCK TABLES `unit_times_units` WRITE;
/*!40000 ALTER TABLE `unit_times_units` DISABLE KEYS */;
INSERT INTO `unit_times_units` VALUES (1,1),(2,2),(3,3),(4,4),(5,5),(6,6),(7,7),(8,8),(9,9),(10,10),(11,11),(12,12),(1,13),(13,14),(14,15),(6,16),(12,17),(10,18),(15,19),(16,20),(17,21),(7,22),(18,23),(1,24),(2,25),(3,26),(4,27),(6,28),(5,29),(11,30),(12,31),(19,32),(10,33),(20,34),(7,35),(21,36),(22,37),(11,38),(7,39),(11,40),(22,41),(15,42),(11,43),(23,44),(11,45),(24,46),(25,47),(20,48),(26,49),(24,50),(20,51),(10,52),(9,53),(22,54),(24,55),(27,56),(20,57),(28,58),(29,59),(30,60),(18,61),(33,63),(34,63),(31,64),(32,64),(35,65),(36,65),(35,66),(36,66),(35,67),(36,67),(35,68),(36,68),(37,69),(38,69),(39,70),(40,70),(41,71),(42,71),(39,72),(40,72),(37,73),(38,73),(31,74),(32,74),(43,75),(44,75),(45,76),(46,76),(39,77),(40,77),(37,78),(38,78),(31,79),(32,79),(33,80),(34,80),(35,81),(36,81),(35,82),(36,82),(35,83),(36,83),(47,84),(48,85),(49,86),(33,87),(34,87),(50,88),(51,88),(52,89),(31,90),(32,90),(31,91),(32,91),(37,92),(38,92),(35,93),(36,93),(37,94),(38,94),(37,95),(38,95),(39,96),(40,96),(33,97),(34,97),(50,98),(51,98),(37,99),(38,99),(53,99),(35,100),(36,100),(53,100),(39,101),(40,101),(31,102),(32,102),(43,103),(44,103),(43,104),(44,104),(33,105),(34,105),(43,106),(44,106),(35,107),(36,107),(50,108),(51,108),(31,109),(32,109),(31,110),(32,110),(37,111),(38,111),(50,112),(51,112),(33,113),(34,113),(39,114),(40,114),(55,115),(37,115),(38,115),(37,116),(38,116),(56,117),(57,117),(41,118),(42,118),(37,119),(38,119),(35,120),(36,120),(39,121),(40,121),(33,122),(34,122),(37,123),(38,123),(39,124),(40,124),(34,125),(58,125),(33,126),(34,126),(39,127),(40,127),(56,128),(57,128),(39,129),(40,129),(45,130),(46,130),(1,131),(35,133),(36,133),(43,134),(44,134),(50,135),(51,135),(37,136),(38,136),(50,137),(51,137),(56,138),(57,138),(33,140),(34,140),(41,141),(42,141),(31,142),(32,142),(59,143),(37,146),(38,146),(39,147),(40,147),(43,148),(44,148),(37,149),(38,149),(43,150),(44,150),(43,151),(44,151),(32,152),(61,152),(36,153),(62,153),(33,154),(34,154),(37,155),(38,155),(51,156),(63,156),(39,157),(40,157),(33,158),(34,158),(56,159),(57,159),(37,160),(38,160),(35,161),(36,161),(39,162),(40,162),(42,163),(58,164),(61,165),(62,166),(32,167),(37,168),(38,168),(36,169),(62,169),(50,170),(63,170),(35,171),(62,171),(45,172),(46,172),(64,173),(65,174),(66,175),(67,176),(68,177),(69,178),(70,179),(71,180),(11,181),(72,182),(46,183),(73,183),(33,184),(34,184),(51,185),(63,185),(43,186),(44,186),(56,187),(57,187),(32,188),(61,188),(36,189),(62,189),(51,190),(63,190),(32,191),(61,191),(37,192),(38,192),(43,193),(44,193),(37,194),(38,194),(37,195),(38,195),(39,196),(40,196),(31,197),(32,197),(35,198),(36,198),(39,199),(40,199),(36,200),(62,200),(51,201),(63,201),(32,202),(61,202),(46,203),(73,203),(37,204),(38,204),(39,205),(40,205),(56,206),(57,206),(43,207),(44,207),(37,208),(38,208),(37,209),(38,209),(39,210),(40,210),(51,211),(63,211),(32,212),(61,212),(36,213),(62,213),(32,214),(61,214),(32,215),(61,215),(36,216),(62,216),(33,217),(34,217),(39,218),(40,218),(39,219),(40,219),(33,220),(34,220),(42,221),(58,221),(39,222),(40,222),(41,223),(42,223),(50,224),(50,225),(31,226),(31,227),(35,228),(35,229),(74,230),(74,231),(66,232),(66,233),(50,234),(35,235),(74,236),(74,237),(75,238),(75,239),(43,240),(43,241),(39,242),(39,243),(76,244),(76,245),(77,246),(77,247),(51,248),(51,249),(36,250),(36,251),(78,252),(79,253),(44,254),(44,255),(40,256),(40,257),(80,258),(80,259),(52,260),(52,261),(63,262),(62,263),(78,264),(62,265),(66,266),(50,267),(50,268),(35,269),(35,270),(74,271),(74,272),(75,273),(75,274),(43,275),(39,276),(76,277),(76,278),(77,279),(77,280),(51,281),(51,282),(36,283),(36,284),(78,285),(78,286),(79,287),(79,288),(44,289),(44,290),(40,291),(40,292),(80,293),(52,294),(63,295),(62,296),(66,297),(66,298),(81,299),(81,300),(39,301),(82,302),(83,302),(31,303),(32,303),(84,304),(85,304),(42,305),(58,305),(46,306),(73,306),(33,307),(34,307),(56,308),(57,308),(41,309),(58,309),(45,310),(73,310),(33,311),(34,311),(41,312),(42,312),(45,313),(46,313),(41,314),(42,314),(45,315),(46,315),(33,316),(34,316),(56,317),(57,317),(82,318),(83,318),(56,319),(57,319),(86,320),(87,320),(88,321),(89,321),(82,322),(31,323),(41,324),(45,325),(90,326),(61,327),(91,328),(58,329),(33,330),(56,331),(41,332),(45,333),(91,334),(58,335),(73,336),(58,337),(73,338),(90,339),(61,340),(34,341),(57,342),(42,343),(46,344),(58,345),(73,346),(33,347),(56,348),(82,349),(31,350),(84,351),(33,352),(56,353),(42,354),(46,355),(87,356),(89,357),(41,358),(45,359),(82,360),(31,361),(84,362),(34,363),(57,364),(90,365),(61,366),(58,367),(73,368),(41,369),(33,370),(56,371),(82,372),(31,373),(84,374),(41,375),(45,376),(58,377),(73,378),(83,379),(32,380),(85,381),(31,382),(84,383),(41,384),(45,385),(42,386),(46,387),(34,388),(57,389),(90,390),(61,391),(91,392),(94,394),(95,394),(96,395),(97,395),(37,62),(38,62),(46,396),(45,396),(43,139),(44,139);
/*!40000 ALTER TABLE `unit_times_units` ENABLE KEYS */;
UNLOCK TABLES;

--
-- Table structure for table `units`
--

DROP TABLE IF EXISTS `units`;
/*!40101 SET @saved_cs_client     = @@character_set_client */;
/*!40101 SET character_set_client = utf8 */;
CREATE TABLE `units` (
  `id` int(11) NOT NULL AUTO_INCREMENT,
  `exam_date` datetime DEFAULT NULL,
  `capacity` int(11) DEFAULT NULL,
  `code` varchar(255) DEFAULT NULL,
  `course_id` int(11) DEFAULT NULL,
  `professor_id` int(11) DEFAULT NULL,
  `term_id` int(11) DEFAULT NULL,
  `created_at` datetime DEFAULT NULL,
  `updated_at` datetime DEFAULT NULL,
  PRIMARY KEY (`id`)
) ENGINE=InnoDB AUTO_INCREMENT=397 DEFAULT CHARSET=utf8;
/*!40101 SET character_set_client = @saved_cs_client */;

--
-- Dumping data for table `units`
--

LOCK TABLES `units` WRITE;
/*!40000 ALTER TABLE `units` DISABLE KEYS */;
INSERT INTO `units` VALUES (1,'1900-01-01 00:00:00',12,'01',1,1,1,'2014-08-21 04:44:01','2014-08-21 04:44:01'),(2,'1900-01-01 00:00:00',12,'02',1,1,1,'2014-08-21 04:44:01','2014-08-21 04:44:01'),(3,'1900-01-01 00:00:00',12,'03',1,1,1,'2014-08-21 04:44:01','2014-08-21 04:44:01'),(4,'1900-01-01 00:00:00',12,'04',1,1,1,'2014-08-21 04:44:01','2014-08-21 04:44:01'),(5,'1900-01-01 00:00:00',12,'05',1,1,1,'2014-08-21 04:44:02','2014-08-21 04:44:02'),(6,'1900-01-01 00:00:00',12,'06',1,1,1,'2014-08-21 04:44:02','2014-08-21 04:44:02'),(7,'1900-01-01 00:00:00',15,'01',2,2,1,'2014-08-21 04:44:02','2014-08-21 04:44:02'),(8,'1900-01-01 00:00:00',15,'02',2,2,1,'2014-08-21 04:44:03','2014-08-21 04:44:03'),(9,'1900-01-01 00:00:00',15,'03',2,2,1,'2014-08-21 04:44:03','2014-08-21 04:44:03'),(10,'1900-01-01 00:00:00',15,'04',2,2,1,'2014-08-21 04:44:03','2014-08-21 04:44:03'),(11,'1900-01-01 00:00:00',15,'01',3,2,1,'2014-08-21 04:44:03','2014-08-21 04:44:03'),(12,'1900-01-01 00:00:00',12,'01',4,3,1,'2014-08-21 04:44:04','2014-08-21 04:44:04'),(13,'1900-01-01 00:00:00',30,'01',5,4,1,'2014-08-21 04:44:04','2014-08-21 04:44:04'),(14,'1900-01-01 00:00:00',30,'02',5,4,1,'2014-08-21 04:44:04','2014-08-21 04:44:04'),(15,'1900-01-01 00:00:00',30,'03',5,5,1,'2014-08-21 04:44:05','2014-08-21 04:44:05'),(16,'1900-01-01 00:00:00',30,'01',6,6,1,'2014-08-21 04:44:05','2014-08-21 04:44:05'),(17,'1900-01-01 00:00:00',30,'02',6,6,1,'2014-08-21 04:44:05','2014-08-21 04:44:05'),(18,'1900-01-01 00:00:00',12,'01',7,7,1,'2014-08-21 04:44:05','2014-08-21 04:44:05'),(19,'1900-01-01 00:00:00',12,'01',8,8,1,'2014-08-21 04:44:06','2014-08-21 04:44:06'),(20,'1900-01-01 00:00:00',12,'02',8,8,1,'2014-08-21 04:44:06','2014-08-21 04:44:06'),(21,'1900-01-01 00:00:00',25,'01',9,9,1,'2014-08-21 04:44:06','2014-08-21 04:44:06'),(22,'1900-01-01 00:00:00',25,'02',9,9,1,'2014-08-21 04:44:06','2014-08-21 04:44:06'),(23,'1900-01-01 00:00:00',25,'03',9,9,1,'2014-08-21 04:44:07','2014-08-21 04:44:07'),(24,'1900-01-01 00:00:00',16,'01',10,10,1,'2014-08-21 04:44:07','2014-08-21 04:44:07'),(25,'1900-01-01 00:00:00',16,'02',10,10,1,'2014-08-21 04:44:07','2014-08-21 04:44:07'),(26,'1900-01-01 00:00:00',16,'03',10,10,1,'2014-08-21 04:44:07','2014-08-21 04:44:07'),(27,'1900-01-01 00:00:00',16,'04',10,10,1,'2014-08-21 04:44:07','2014-08-21 04:44:07'),(28,'1900-01-01 00:00:00',16,'05',10,10,1,'2014-08-21 04:44:07','2014-08-21 04:44:07'),(29,'1900-01-01 00:00:00',16,'06',11,10,1,'2014-08-21 04:44:08','2014-08-21 04:44:08'),(30,'1900-01-01 00:00:00',62,'07',11,10,1,'2014-08-21 04:44:08','2014-08-21 04:44:08'),(31,'1900-01-01 00:00:00',16,'01',12,11,1,'2014-08-21 04:44:08','2014-08-21 04:44:08'),(32,'1900-01-01 00:00:00',16,'02',12,11,1,'2014-08-21 04:44:08','2014-08-21 04:44:08'),(33,'1900-01-01 00:00:00',16,'01',13,12,1,'2014-08-21 04:44:09','2014-08-21 04:44:09'),(34,'1900-01-01 00:00:00',16,'02',13,13,1,'2014-08-21 04:44:09','2014-08-21 04:44:09'),(35,'1900-01-01 00:00:00',16,'03',13,14,1,'2014-08-21 04:44:09','2014-08-21 04:44:09'),(36,'1900-01-01 00:00:00',16,'04',13,14,1,'2014-08-21 04:44:09','2014-08-21 04:44:09'),(37,'1900-01-01 00:00:00',20,'01',14,15,1,'2014-08-21 04:44:10','2014-08-21 04:44:10'),(38,'1900-01-01 00:00:00',16,'01',15,16,1,'2014-08-21 04:44:10','2014-08-21 04:44:10'),(39,'1900-01-01 00:00:00',18,'01',16,17,1,'2014-08-21 04:44:11','2014-08-21 04:44:11'),(40,'1900-01-01 00:00:00',18,'02',16,17,1,'2014-08-21 04:44:11','2014-08-21 04:44:11'),(41,'1900-01-01 00:00:00',50,'01',17,18,1,'2014-08-21 04:44:11','2014-08-21 04:44:11'),(42,'1900-01-01 00:00:00',50,'01',18,19,1,'2014-08-21 04:44:11','2014-08-21 04:44:11'),(43,'1900-01-01 00:00:00',12,'01',19,20,1,'2014-08-21 04:44:12','2014-08-21 04:44:12'),(44,'1900-01-01 00:00:00',15,'01',20,21,1,'2014-08-21 04:44:12','2014-08-21 04:44:12'),(45,'1900-01-01 00:00:00',12,'01',21,22,1,'2014-08-21 04:44:12','2014-08-21 04:44:12'),(46,'1900-01-01 00:00:00',16,'01',22,23,1,'2014-08-21 04:44:13','2014-08-21 04:44:13'),(47,'1900-01-01 00:00:00',16,'02',22,23,1,'2014-08-21 04:44:13','2014-08-21 04:44:13'),(48,'1900-01-01 00:00:00',16,'03',22,23,1,'2014-08-21 04:44:13','2014-08-21 04:44:13'),(49,'1900-01-01 00:00:00',16,'04',22,23,1,'2014-08-21 04:44:13','2014-08-21 04:44:13'),(50,'1900-01-01 00:00:00',6,'01',23,24,1,'2014-08-21 04:44:13','2014-08-21 04:44:13'),(51,'1900-01-01 00:00:00',6,'02',23,24,1,'2014-08-21 04:44:14','2014-08-21 04:44:14'),(52,'1900-01-01 00:00:00',8,'01',24,25,1,'2014-08-21 04:44:14','2014-08-21 04:44:14'),(53,'1900-01-01 00:00:00',8,'02',24,25,1,'2014-08-21 04:44:14','2014-08-21 04:44:14'),(54,'1900-01-01 00:00:00',16,'01',25,26,1,'2014-08-21 04:44:14','2014-08-21 04:44:14'),(55,'1900-01-01 00:00:00',15,'01',26,27,1,'2014-08-21 04:44:15','2014-08-21 04:44:15'),(56,'1900-01-01 00:00:00',15,'02',26,27,1,'2014-08-21 04:44:15','2014-08-21 04:44:15'),(57,'1900-01-01 00:00:00',15,'03',27,27,1,'2014-08-21 04:44:15','2014-08-21 04:44:15'),(58,'1900-01-01 00:00:00',15,'04',26,27,1,'2014-08-21 04:44:15','2014-08-21 04:44:15'),(59,'1900-01-01 00:00:00',15,'05',27,27,1,'2014-08-21 04:44:15','2014-08-21 04:44:15'),(60,'1900-01-01 00:00:00',15,'06',27,27,1,'2014-08-21 04:44:16','2014-08-21 04:44:16'),(61,'1900-01-01 00:00:00',30,'01',28,28,1,'2014-08-21 04:44:16','2014-08-21 04:44:16'),(62,'2015-01-07 16:00:00',100,'01',29,29,1,'2014-08-21 04:44:16','2014-08-21 05:58:55'),(63,'2015-01-11 08:00:00',50,'02',30,30,1,'2014-08-21 04:44:17','2014-08-21 05:58:55'),(64,'2015-01-10 08:00:00',50,'01',31,31,1,'2014-08-21 04:44:17','2014-08-21 05:58:55'),(65,'2015-01-10 08:00:00',50,'02',31,32,1,'2014-08-21 04:44:18','2014-08-21 05:58:55'),(66,'2015-01-10 08:00:00',44,'03',31,33,1,'2014-08-21 04:44:18','2014-08-21 05:58:55'),(67,'2015-01-14 08:00:00',50,'01',32,34,1,'2014-08-21 04:44:18','2014-08-21 05:58:55'),(68,'2015-01-14 08:00:00',50,'02',32,35,1,'2014-08-21 04:44:18','2014-08-21 05:58:56'),(69,'2015-01-14 16:00:00',45,'01',33,36,1,'2014-08-21 04:44:19','2014-08-21 05:58:56'),(70,'2015-01-10 08:00:00',60,'01',34,37,1,'2014-08-21 04:44:20','2014-08-21 05:58:56'),(71,'2015-01-10 08:00:00',60,'02',34,163,1,'2014-08-21 04:44:20','2014-08-23 06:27:51'),(72,'2015-01-10 16:00:00',50,'01',35,38,1,'2014-08-21 04:44:20','2014-08-21 05:58:56'),(73,'2015-01-10 16:00:00',50,'02',35,39,1,'2014-08-21 04:44:20','2014-08-21 05:58:56'),(74,'2015-01-04 08:00:00',30,'01',36,40,1,'2014-08-21 04:44:21','2014-08-21 05:58:56'),(75,'2015-01-05 08:00:00',50,'01',37,41,1,'2014-08-21 04:44:21','2014-08-21 05:58:56'),(76,'2015-01-13 16:00:00',50,'01',39,43,1,'2014-08-21 04:44:22','2014-08-21 05:58:56'),(77,'2015-01-11 16:00:00',50,'01',40,44,1,'2014-08-21 04:44:22','2014-08-21 05:58:57'),(78,'2015-01-11 16:00:00',50,'02',40,45,1,'2014-08-21 04:44:23','2014-08-21 05:58:57'),(79,'2015-01-04 16:00:00',50,'01',41,46,1,'2014-08-21 04:44:23','2014-08-21 05:58:57'),(80,'2015-01-11 00:00:00',30,'01',42,47,1,'2014-08-21 04:44:23','2014-08-21 05:58:57'),(81,'2015-01-12 16:00:00',60,'01',43,48,1,'2014-08-21 04:44:24','2014-08-21 05:58:57'),(82,'2015-01-12 16:00:00',60,'02',43,49,1,'2014-08-21 04:44:24','2014-08-21 05:58:57'),(83,'2015-01-15 08:00:00',30,'01',44,50,1,'2014-08-21 04:44:24','2014-08-21 05:58:57'),(84,'2015-01-11 08:00:00',0,'01',45,51,1,'2014-08-21 04:44:25','2014-08-21 05:58:57'),(85,'2015-01-11 08:00:00',0,'02',45,51,1,'2014-08-21 04:44:25','2014-08-21 05:58:57'),(86,'2015-01-11 08:00:00',0,'03',45,51,1,'2014-08-21 04:44:25','2014-08-21 05:58:57'),(87,'2015-01-03 08:00:00',60,'01',46,52,1,'2014-08-21 04:44:25','2014-08-21 05:58:58'),(88,'2015-01-03 08:00:00',60,'02',46,1,1,'2014-08-21 04:44:26','2014-08-21 05:58:58'),(89,'2015-01-14 08:00:00',40,'01',47,53,1,'2014-08-21 04:44:26','2014-08-21 05:58:58'),(90,'2015-01-07 08:00:00',70,'01',48,54,1,'2014-08-21 04:44:27','2014-08-21 05:58:58'),(91,'2015-01-13 08:00:00',30,'01',49,8,1,'2014-08-21 04:44:27','2014-08-21 05:58:58'),(92,'2015-01-06 16:00:00',30,'01',50,55,1,'2014-08-21 04:44:27','2014-08-21 05:58:58'),(93,'2015-01-06 08:00:00',30,'01',51,56,1,'2014-08-21 04:44:28','2014-08-21 05:58:58'),(94,'2015-01-15 08:00:00',30,'01',52,57,1,'2014-08-21 04:44:28','2014-08-21 05:58:58'),(95,'2015-01-06 16:00:00',50,'01',53,58,1,'2014-08-21 04:44:28','2014-08-21 05:58:58'),(96,'2015-01-06 16:00:00',50,'02',53,59,1,'2014-08-21 04:44:28','2014-08-21 05:58:58'),(97,'2015-01-12 08:00:00',40,'01',54,59,1,'2014-08-21 04:44:29','2014-08-21 05:58:59'),(98,'2015-01-12 08:00:00',50,'01',55,9,1,'2014-08-21 04:44:29','2014-08-21 05:58:59'),(101,'2015-01-11 16:00:00',50,'01',57,61,1,'2014-08-21 04:44:30','2014-08-21 05:58:59'),(102,'2015-01-04 08:00:00',50,'01',58,62,1,'2014-08-21 04:44:30','2014-08-21 05:58:59'),(103,'2015-01-03 16:00:00',80,'01',59,63,1,'2014-08-21 04:44:31','2014-08-21 05:58:59'),(104,'2015-01-03 16:00:00',80,'02',59,64,1,'2014-08-21 04:44:31','2014-08-21 05:58:59'),(105,'2015-01-10 16:00:00',50,'01',60,66,1,'2014-08-21 04:44:32','2014-08-21 05:58:59'),(106,'2015-01-14 16:00:00',60,'01',61,67,1,'2014-08-21 04:44:32','2014-08-21 05:58:59'),(107,'2015-01-15 08:00:00',50,'01',62,9,1,'2014-08-21 04:44:32','2014-08-21 05:59:00'),(108,'2015-01-07 08:00:00',150,'01',63,10,1,'2014-08-21 04:44:32','2014-08-21 05:59:00'),(109,'2015-01-05 08:00:00',30,'01',64,68,1,'2014-08-21 04:44:33','2014-08-21 05:59:00'),(110,'2015-01-12 08:00:00',60,'01',65,69,1,'2014-08-21 04:44:33','2014-08-21 05:59:00'),(111,'2015-01-04 08:00:00',60,'01',66,70,1,'2014-08-21 04:44:34','2014-08-21 05:59:00'),(112,'2015-01-03 08:00:00',50,'01',67,17,1,'2014-08-21 04:44:34','2014-08-21 05:59:00'),(113,'2015-01-15 08:00:00',60,'01',68,71,1,'2014-08-21 04:44:34','2014-08-21 05:59:00'),(114,'2015-01-13 08:00:00',60,'01',69,72,1,'2014-08-21 04:44:35','2014-08-21 05:59:00'),(115,'2015-01-06 08:00:00',45,'01',70,73,1,'2014-08-21 04:44:35','2014-08-21 05:59:00'),(116,'2015-01-05 08:00:00',50,'01',71,74,1,'2014-08-21 04:44:35','2014-08-21 05:59:00'),(117,'2015-01-10 08:00:00',45,'01',72,75,1,'2014-08-21 04:44:36','2014-08-21 05:59:01'),(118,'2015-01-03 16:00:00',30,'01',73,58,1,'2014-08-21 04:44:36','2014-08-21 05:59:01'),(119,'2015-01-14 08:00:00',50,'01',74,76,1,'2014-08-21 04:44:36','2014-08-21 05:59:01'),(120,'2015-01-04 08:00:00',30,'01',75,77,1,'2014-08-21 04:44:37','2014-08-21 05:59:01'),(121,'2015-01-08 08:00:00',30,'01',76,78,1,'2014-08-21 04:44:37','2014-08-21 05:59:01'),(122,'2015-01-13 16:00:00',40,'01',77,79,1,'2014-08-21 04:44:38','2014-08-21 05:59:01'),(123,'2015-01-06 08:00:00',50,'01',78,80,1,'2014-08-21 04:44:38','2014-08-21 05:59:02'),(124,'2015-01-14 16:00:00',50,'01',79,81,1,'2014-08-21 04:44:38','2014-08-21 05:59:02'),(125,'2015-01-08 08:00:00',60,'01',80,82,1,'2014-08-21 04:44:39','2014-08-21 05:59:02'),(126,'2015-01-08 08:00:00',80,'01',81,83,1,'2014-08-21 04:44:39','2014-08-21 05:59:02'),(127,'2015-01-10 08:00:00',30,'01',84,84,1,'2014-08-21 04:44:40','2014-08-21 05:59:02'),(128,'2015-01-14 16:00:00',30,'01',85,85,1,'2014-08-21 04:44:40','2014-08-21 05:59:02'),(129,'2015-01-13 08:00:00',30,'01',86,86,1,'2014-08-21 04:44:40','2014-08-21 05:59:02'),(130,'2015-01-15 08:00:00',30,'01',87,87,1,'2014-08-21 04:44:41','2014-08-21 05:59:02'),(131,'2015-01-04 16:00:00',30,'01',88,88,1,'2014-08-21 04:44:41','2014-08-21 05:59:02'),(133,'2015-01-05 16:00:00',30,'01',90,90,1,'2014-08-21 04:44:42','2014-08-21 05:59:03'),(134,'2015-01-05 16:00:00',30,'01',91,91,1,'2014-08-21 04:44:42','2014-08-21 05:59:03'),(135,'2015-01-05 16:00:00',30,'01',93,92,1,'2014-08-21 04:44:43','2014-08-21 05:59:03'),(136,'2015-01-08 08:00:00',30,'01',94,93,1,'2014-08-21 04:44:43','2014-08-21 05:59:03'),(137,'2015-01-04 16:00:00',40,'01',95,94,1,'2014-08-21 04:44:44','2014-08-21 05:59:03'),(138,'2015-01-12 08:00:00',30,'01',96,95,1,'2014-08-21 04:44:44','2014-08-21 05:59:03'),(139,'2015-01-13 16:00:00',30,'01',97,96,1,'2014-08-21 04:44:44','2014-08-21 05:59:03'),(140,'2015-01-04 08:00:00',50,'01',98,97,1,'2014-08-21 04:44:45','2014-08-21 05:59:03'),(141,'2015-01-10 16:00:00',40,'01',99,98,1,'2014-08-21 05:28:12','2014-08-21 05:59:03'),(142,'2015-01-07 16:00:00',40,'01',82,99,1,'2014-08-21 07:07:17','2014-08-21 07:48:36'),(143,'2015-01-07 08:00:00',40,'01',83,99,1,'2014-08-21 07:07:17','2014-08-21 07:48:42'),(146,'2015-01-15 08:00:00',40,'01',100,100,1,'2014-08-21 08:40:24','2014-08-21 08:40:24'),(147,'2015-01-15 08:00:00',40,'02',100,100,1,'2014-08-21 08:40:24','2014-08-21 08:40:24'),(148,'2015-01-08 08:00:00',0,'01',101,101,1,'2014-08-21 08:40:24','2014-08-21 08:40:24'),(149,'2015-01-08 08:00:00',0,'02',101,102,1,'2014-08-21 08:40:25','2014-08-21 08:40:25'),(150,'2015-01-08 08:00:00',0,'03',102,103,1,'2014-08-21 08:40:25','2014-08-21 08:40:25'),(151,'2015-01-08 08:00:00',30,'01',103,104,1,'2014-08-21 08:40:25','2014-08-21 08:40:25'),(152,'2015-01-06 08:00:00',40,'01',104,105,1,'2014-08-21 08:40:26','2014-08-21 08:40:26'),(153,'2015-01-06 08:00:00',40,'02',104,105,1,'2014-08-21 08:40:26','2014-08-21 08:40:26'),(154,'2015-01-06 08:00:00',40,'03',104,106,1,'2014-08-21 08:40:26','2014-08-21 08:40:26'),(155,'2015-01-15 08:00:00',0,'01',105,107,1,'2014-08-21 08:40:26','2014-08-21 08:40:26'),(156,'2015-01-15 08:00:00',0,'02',105,108,1,'2014-08-21 08:40:27','2014-08-21 08:40:27'),(157,'2015-01-15 08:00:00',0,'03',105,107,1,'2014-08-21 08:40:27','2014-08-21 08:40:27'),(158,'2015-01-15 08:00:00',0,'04',105,109,1,'2014-08-21 08:40:27','2014-08-21 08:40:27'),(159,'2015-01-15 08:00:00',0,'05',105,108,1,'2014-08-21 08:40:27','2014-08-21 08:40:27'),(160,'2015-01-08 08:00:00',0,'01',56,110,1,'2014-08-21 08:40:27','2014-08-21 08:40:27'),(161,'2015-01-08 08:00:00',0,'02',56,111,1,'2014-08-21 08:40:28','2014-08-21 08:40:28'),(162,'2015-01-08 08:00:00',0,'03',106,112,1,'2014-08-21 08:40:28','2014-08-21 08:40:28'),(163,'2015-01-08 08:00:00',40,'01',107,113,1,'2014-08-21 08:40:28','2014-08-21 08:40:28'),(164,'2015-01-08 08:00:00',40,'02',107,114,1,'2014-08-21 08:40:28','2014-08-21 08:40:28'),(165,'2015-01-08 08:00:00',40,'03',107,115,1,'2014-08-21 08:40:29','2014-08-21 08:40:29'),(166,'2015-01-08 08:00:00',40,'04',107,115,1,'2014-08-21 08:40:29','2014-08-21 08:40:29'),(167,'2015-01-08 08:00:00',40,'05',107,116,1,'2014-08-21 08:40:29','2014-08-21 08:40:29'),(168,'2015-01-06 08:00:00',40,'01',108,117,1,'2014-08-21 08:40:29','2014-08-21 08:40:29'),(169,'2015-01-06 08:00:00',40,'02',108,118,1,'2014-08-21 08:40:30','2014-08-21 08:40:30'),(170,'2015-01-06 08:00:00',40,'03',108,119,1,'2014-08-21 08:40:30','2014-08-21 08:40:30'),(171,'2015-01-06 08:00:00',40,'04',108,119,1,'2014-08-21 08:40:30','2014-08-21 08:40:30'),(172,'2015-01-06 08:00:00',40,'03',108,120,1,'2014-08-21 08:40:30','2014-08-21 08:40:30'),(173,'1900-01-01 00:00:00',0,'01',109,121,1,'2014-08-21 08:40:30','2014-08-21 08:40:30'),(174,'1900-01-01 00:00:00',0,'02',109,121,1,'2014-08-21 08:40:31','2014-08-21 08:40:31'),(175,'1900-01-01 00:00:00',0,'03',110,122,1,'2014-08-21 08:40:31','2014-08-21 08:40:31'),(176,'1900-01-01 00:00:00',0,'04',110,121,1,'2014-08-21 08:40:31','2014-08-21 08:40:31'),(177,'1900-01-01 00:00:00',0,'01',111,121,1,'2014-08-21 08:40:31','2014-08-21 08:40:31'),(178,'1900-01-01 00:00:00',0,'02',112,123,1,'2014-08-21 08:40:32','2014-08-21 08:40:32'),(179,'1900-01-01 00:00:00',0,'03',113,122,1,'2014-08-21 08:40:32','2014-08-21 08:40:32'),(180,'1900-01-01 00:00:00',0,'04',114,124,1,'2014-08-21 08:40:32','2014-08-21 08:40:32'),(181,'1900-01-01 00:00:00',0,'05',112,122,1,'2014-08-21 08:40:33','2014-08-21 08:40:33'),(182,'1900-01-01 00:00:00',0,'06',112,125,1,'2014-08-21 08:40:33','2014-08-21 08:40:33'),(183,'2015-01-15 08:00:00',0,'01',115,108,1,'2014-08-21 08:40:34','2014-08-21 08:40:34'),(184,'2015-01-15 08:00:00',0,'02',115,107,1,'2014-08-21 08:40:34','2014-08-21 08:40:34'),(185,'2015-01-15 08:00:00',0,'03',115,107,1,'2014-08-21 08:40:34','2014-08-21 08:40:34'),(186,'2015-01-15 08:00:00',0,'04',116,107,1,'2014-08-21 08:40:34','2014-08-21 08:40:34'),(187,'2015-01-15 08:00:00',0,'05',115,126,1,'2014-08-21 08:40:34','2014-08-21 08:40:34'),(188,'2015-01-15 08:00:00',0,'06',116,109,1,'2014-08-21 08:40:34','2014-08-21 08:40:34'),(189,'2015-01-15 08:00:00',0,'07',116,109,1,'2014-08-21 08:40:34','2014-08-21 08:40:34'),(190,'2015-01-11 08:00:00',0,'01',117,127,1,'2014-08-21 08:40:35','2014-08-21 08:40:35'),(191,'2015-01-11 08:00:00',0,'02',117,127,1,'2014-08-21 08:40:35','2014-08-21 08:40:35'),(192,'2015-01-11 08:00:00',0,'03',117,128,1,'2014-08-21 08:40:35','2014-08-21 08:40:35'),(193,'2015-01-11 08:00:00',0,'04',117,129,1,'2014-08-21 08:40:35','2014-08-21 08:40:35'),(194,'2015-01-11 08:00:00',0,'05',117,130,1,'2014-08-21 08:40:36','2014-08-21 08:40:36'),(195,'2015-01-11 08:00:00',0,'06',117,131,1,'2014-08-21 08:40:36','2014-08-21 08:40:36'),(196,'2015-01-11 08:00:00',0,'07',118,132,1,'2014-08-21 08:40:36','2014-08-21 08:40:36'),(197,'2015-01-11 08:00:00',0,'08',117,133,1,'2014-08-21 08:40:36','2014-08-21 08:40:36'),(198,'2015-01-11 08:00:00',0,'09',117,133,1,'2014-08-21 08:40:36','2014-08-21 08:40:36'),(199,'2015-01-11 08:00:00',0,'10',117,128,1,'2014-08-21 08:40:37','2014-08-21 08:40:37'),(200,'2015-01-11 08:00:00',0,'11',117,134,1,'2014-08-21 08:40:37','2014-08-21 08:40:37'),(201,'2015-01-11 08:00:00',0,'12',117,135,1,'2014-08-21 08:40:37','2014-08-21 08:40:37'),(202,'2015-01-11 11:00:00',40,'01',119,136,1,'2014-08-21 08:40:37','2014-08-21 08:40:37'),(203,'2015-01-11 11:00:00',40,'02',119,137,1,'2014-08-21 08:40:38','2014-08-21 08:40:38'),(204,'2015-01-11 11:00:00',40,'03',119,138,1,'2014-08-21 08:40:38','2014-08-21 08:40:38'),(205,'2015-01-11 11:00:00',40,'04',119,138,1,'2014-08-21 08:40:38','2014-08-21 08:40:38'),(206,'2015-01-11 11:00:00',40,'05',119,139,1,'2014-08-21 08:40:38','2014-08-21 08:40:38'),(207,'2015-01-04 08:00:00',0,'01',120,140,1,'2014-08-21 08:40:38','2014-08-21 08:40:38'),(208,'2015-01-04 08:00:00',0,'02',120,140,1,'2014-08-21 08:40:39','2014-08-21 08:40:39'),(209,'2015-01-04 08:00:00',0,'03',120,141,1,'2014-08-21 08:40:39','2014-08-21 08:40:39'),(210,'2015-01-04 08:00:00',0,'04',120,142,1,'2014-08-21 08:40:39','2014-08-21 08:40:39'),(211,'2015-01-04 08:00:00',0,'05',120,105,1,'2014-08-21 08:40:39','2014-08-21 08:40:39'),(212,'2015-01-04 08:00:00',0,'06',120,118,1,'2014-08-21 08:40:39','2014-08-21 08:40:39'),(213,'2015-01-04 08:00:00',0,'07',120,143,1,'2014-08-21 08:40:39','2014-08-21 08:40:39'),(214,'2015-01-04 08:00:00',0,'08',120,144,1,'2014-08-21 08:40:40','2014-08-21 08:40:40'),(215,'2015-01-04 08:00:00',0,'09',120,114,1,'2014-08-21 08:40:40','2014-08-21 08:40:40'),(216,'2015-01-04 08:00:00',0,'10',120,114,1,'2014-08-21 08:40:40','2014-08-21 08:40:40'),(217,'2015-01-04 08:00:00',0,'11',120,145,1,'2014-08-21 08:40:40','2014-08-21 08:40:40'),(218,'2015-01-04 08:00:00',0,'12',121,145,1,'2014-08-21 08:40:40','2014-08-21 08:40:40'),(219,'2015-01-04 08:00:00',0,'13',120,141,1,'2014-08-21 08:40:40','2014-08-21 08:40:40'),(220,'2015-01-04 08:00:00',0,'14',120,146,1,'2014-08-21 08:40:41','2014-08-21 08:40:41'),(221,'2015-01-04 08:00:00',0,'15',120,144,1,'2014-08-21 08:40:41','2014-08-21 08:40:41'),(222,'2015-01-13 08:00:00',40,'01',122,140,1,'2014-08-21 08:40:41','2014-08-21 08:40:41'),(223,'2015-01-13 08:00:00',40,'03',122,120,1,'2014-08-21 08:40:41','2014-08-21 08:40:41'),(224,'1900-01-01 00:00:00',0,'01',123,108,1,'2014-08-21 08:40:41','2014-08-21 08:40:41'),(225,'1900-01-01 00:00:00',0,'02',124,147,1,'2014-08-21 08:40:42','2014-08-21 08:40:42'),(226,'1900-01-01 00:00:00',0,'03',125,108,1,'2014-08-21 08:40:42','2014-08-21 08:40:42'),(227,'1900-01-01 00:00:00',0,'04',126,147,1,'2014-08-21 08:40:42','2014-08-21 08:40:42'),(228,'1900-01-01 00:00:00',0,'05',126,108,1,'2014-08-21 08:40:42','2014-08-21 08:40:42'),(229,'1900-01-01 00:00:00',0,'06',125,147,1,'2014-08-21 08:40:42','2014-08-21 08:40:42'),(230,'1900-01-01 00:00:00',0,'07',125,108,1,'2014-08-21 08:40:43','2014-08-21 08:40:43'),(231,'1900-01-01 00:00:00',0,'08',125,147,1,'2014-08-21 08:40:43','2014-08-21 08:40:43'),(232,'1900-01-01 00:00:00',0,'09',125,108,1,'2014-08-21 08:40:43','2014-08-21 08:40:43'),(233,'1900-01-01 00:00:00',0,'10',125,147,1,'2014-08-21 08:40:43','2014-08-21 08:40:43'),(234,'1900-01-01 00:00:00',0,'01',127,148,1,'2014-08-21 08:40:43','2014-08-21 08:40:43'),(235,'1900-01-01 00:00:00',0,'02',127,149,1,'2014-08-21 08:40:43','2014-08-21 08:40:43'),(236,'1900-01-01 00:00:00',0,'03',127,150,1,'2014-08-21 08:40:44','2014-08-21 08:40:44'),(237,'1900-01-01 00:00:00',0,'04',127,151,1,'2014-08-21 08:40:44','2014-08-21 08:40:44'),(238,'1900-01-01 00:00:00',0,'05',127,150,1,'2014-08-21 08:40:44','2014-08-21 08:40:44'),(239,'1900-01-01 00:00:00',0,'06',127,133,1,'2014-08-21 08:40:44','2014-08-21 08:40:44'),(240,'1900-01-01 00:00:00',0,'07',127,148,1,'2014-08-21 08:40:44','2014-08-21 08:40:44'),(241,'1900-01-01 00:00:00',0,'08',127,148,1,'2014-08-21 08:40:44','2014-08-21 08:40:44'),(242,'1900-01-01 00:00:00',0,'09',127,149,1,'2014-08-21 08:40:44','2014-08-21 08:40:44'),(243,'1900-01-01 00:00:00',0,'10',127,129,1,'2014-08-21 08:40:45','2014-08-21 08:40:45'),(244,'1900-01-01 00:00:00',0,'11',127,128,1,'2014-08-21 08:40:45','2014-08-21 08:40:45'),(245,'1900-01-01 00:00:00',0,'12',127,131,1,'2014-08-21 08:40:45','2014-08-21 08:40:45'),(246,'1900-01-01 00:00:00',0,'13',127,104,1,'2014-08-21 08:40:45','2014-08-21 08:40:45'),(247,'1900-01-01 00:00:00',0,'14',127,131,1,'2014-08-21 08:40:45','2014-08-21 08:40:45'),(248,'1900-01-01 00:00:00',0,'15',127,149,1,'2014-08-21 08:40:45','2014-08-21 08:40:45'),(249,'1900-01-01 00:00:00',0,'16',127,150,1,'2014-08-21 08:40:45','2014-08-21 08:40:45'),(250,'1900-01-01 00:00:00',0,'17',127,149,1,'2014-08-21 08:40:45','2014-08-21 08:40:45'),(251,'1900-01-01 00:00:00',0,'18',127,152,1,'2014-08-21 08:40:46','2014-08-21 08:40:46'),(252,'1900-01-01 00:00:00',0,'19',127,133,1,'2014-08-21 08:40:46','2014-08-21 08:40:46'),(253,'1900-01-01 00:00:00',0,'20',127,133,1,'2014-08-21 08:40:46','2014-08-21 08:40:46'),(254,'1900-01-01 00:00:00',0,'26',127,148,1,'2014-08-21 08:40:46','2014-08-21 08:40:46'),(255,'1900-01-01 00:00:00',0,'27',127,137,1,'2014-08-21 08:40:46','2014-08-21 08:40:46'),(256,'1900-01-01 00:00:00',0,'28',127,148,1,'2014-08-21 08:40:46','2014-08-21 08:40:46'),(257,'1900-01-01 00:00:00',0,'29',127,135,1,'2014-08-21 08:40:47','2014-08-21 08:40:47'),(258,'1900-01-01 00:00:00',0,'30',127,153,1,'2014-08-21 08:40:47','2014-08-21 08:40:47'),(259,'1900-01-01 00:00:00',0,'31',127,104,1,'2014-08-21 08:40:47','2014-08-21 08:40:47'),(260,'1900-01-01 00:00:00',0,'32',127,131,1,'2014-08-21 08:40:47','2014-08-21 08:40:47'),(261,'1900-01-01 00:00:00',0,'33',127,128,1,'2014-08-21 08:40:47','2014-08-21 08:40:47'),(262,'1900-01-01 00:00:00',0,'34',127,149,1,'2014-08-21 08:40:47','2014-08-21 08:40:47'),(263,'1900-01-01 00:00:00',0,'35',127,154,1,'2014-08-21 08:40:47','2014-08-21 08:40:47'),(264,'1900-01-01 00:00:00',0,'36',127,137,1,'2014-08-21 08:40:48','2014-08-21 08:40:48'),(265,'1900-01-01 00:00:00',0,'37',127,135,1,'2014-08-21 08:40:48','2014-08-21 08:40:48'),(266,'1900-01-01 00:00:00',0,'38',127,135,1,'2014-08-21 08:40:48','2014-08-21 08:40:48'),(267,'1900-01-01 00:00:00',10,'01',128,155,1,'2014-08-21 08:40:48','2014-08-21 08:40:48'),(268,'1900-01-01 00:00:00',10,'02',128,156,1,'2014-08-21 08:40:48','2014-08-21 08:40:48'),(269,'1900-01-01 00:00:00',10,'03',128,157,1,'2014-08-21 08:40:49','2014-08-21 08:40:49'),(270,'1900-01-01 00:00:00',10,'04',128,158,1,'2014-08-21 08:40:49','2014-08-21 08:40:49'),(271,'1900-01-01 00:00:00',10,'05',128,159,1,'2014-08-21 08:40:49','2014-08-21 08:40:49'),(272,'1900-01-01 00:00:00',10,'06',128,155,1,'2014-08-21 08:40:49','2014-08-21 08:40:49'),(273,'1900-01-01 00:00:00',10,'07',128,159,1,'2014-08-21 08:40:49','2014-08-21 08:40:49'),(274,'1900-01-01 00:00:00',10,'08',128,156,1,'2014-08-21 08:40:49','2014-08-21 08:40:49'),(275,'1900-01-01 00:00:00',10,'09',128,160,1,'2014-08-21 08:40:50','2014-08-21 08:40:50'),(276,'1900-01-01 00:00:00',10,'10',128,150,1,'2014-08-21 08:40:50','2014-08-21 08:40:50'),(277,'1900-01-01 00:00:00',10,'11',128,161,1,'2014-08-21 08:40:50','2014-08-21 08:40:50'),(278,'1900-01-01 00:00:00',10,'12',128,160,1,'2014-08-21 08:40:50','2014-08-21 08:40:50'),(279,'1900-01-01 00:00:00',10,'13',128,130,1,'2014-08-21 08:40:50','2014-08-21 08:40:50'),(280,'1900-01-01 00:00:00',10,'14',128,150,1,'2014-08-21 08:40:50','2014-08-21 08:40:50'),(281,'1900-01-01 00:00:00',10,'15',128,155,1,'2014-08-21 08:40:51','2014-08-21 08:40:51'),(282,'1900-01-01 00:00:00',10,'16',128,156,1,'2014-08-21 08:40:51','2014-08-21 08:40:51'),(283,'1900-01-01 00:00:00',10,'17',128,155,1,'2014-08-21 08:40:51','2014-08-21 08:40:51'),(284,'1900-01-01 00:00:00',10,'18',128,158,1,'2014-08-21 08:40:51','2014-08-21 08:40:51'),(285,'1900-01-01 00:00:00',10,'19',128,155,1,'2014-08-21 08:40:51','2014-08-21 08:40:51'),(286,'1900-01-01 00:00:00',10,'20',128,150,1,'2014-08-21 08:40:51','2014-08-21 08:40:51'),(287,'1900-01-01 00:00:00',10,'26',128,156,1,'2014-08-21 08:40:51','2014-08-21 08:40:51'),(288,'1900-01-01 00:00:00',10,'27',128,150,1,'2014-08-21 08:40:51','2014-08-21 08:40:51'),(289,'1900-01-01 00:00:00',10,'28',128,156,1,'2014-08-21 08:40:51','2014-08-21 08:40:51'),(290,'1900-01-01 00:00:00',10,'29',128,136,1,'2014-08-21 08:40:52','2014-08-21 08:40:52'),(291,'1900-01-01 00:00:00',10,'30',128,156,1,'2014-08-21 08:40:52','2014-08-21 08:40:52'),(292,'1900-01-01 00:00:00',10,'31',128,136,1,'2014-08-21 08:40:52','2014-08-21 08:40:52'),(293,'1900-01-01 00:00:00',10,'32',128,156,1,'2014-08-21 08:40:52','2014-08-21 08:40:52'),(294,'1900-01-01 00:00:00',10,'33',128,156,1,'2014-08-21 08:40:52','2014-08-21 08:40:52'),(295,'1900-01-01 00:00:00',10,'34',128,155,1,'2014-08-21 08:40:52','2014-08-21 08:40:52'),(296,'1900-01-01 00:00:00',10,'35',128,155,1,'2014-08-21 08:40:52','2014-08-21 08:40:52'),(297,'1900-01-01 00:00:00',10,'36',128,155,1,'2014-08-21 08:40:52','2014-08-21 08:40:52'),(298,'1900-01-01 00:00:00',10,'37',128,162,1,'2014-08-21 08:40:53','2014-08-21 08:40:53'),(299,'1900-01-01 00:00:00',10,'38',128,150,1,'2014-08-21 08:40:53','2014-08-21 08:40:53'),(300,'1900-01-01 00:00:00',10,'39',128,119,1,'2014-08-21 08:40:53','2014-08-21 08:40:53'),(301,'1900-01-01 00:00:00',10,'40',128,139,1,'2014-08-21 08:40:53','2014-08-21 08:40:53'),(302,'2015-01-08 00:00:00',2,'01',129,99,1,'2014-08-21 08:41:01','2014-08-21 08:41:01'),(303,'2015-01-08 00:00:00',2,'02',129,99,1,'2014-08-21 08:41:01','2014-08-21 08:41:01'),(304,'2015-01-08 00:00:00',2,'03',129,99,1,'2014-08-21 08:41:02','2014-08-21 08:41:02'),(305,'2015-01-08 00:00:00',2,'04',129,99,1,'2014-08-21 08:41:02','2014-08-21 08:41:02'),(306,'2015-01-08 00:00:00',2,'05',129,99,1,'2014-08-21 08:41:02','2014-08-21 08:41:02'),(307,'2015-01-08 00:00:00',2,'06',129,99,1,'2014-08-21 08:41:02','2014-08-21 08:41:02'),(308,'2015-01-08 00:00:00',2,'07',129,99,1,'2014-08-21 08:41:02','2014-08-21 08:41:02'),(309,'2015-01-08 00:00:00',0,'08',130,99,1,'2014-08-21 08:41:02','2014-08-21 08:41:02'),(310,'2015-01-08 00:00:00',0,'09',130,99,1,'2014-08-21 08:41:02','2014-08-21 08:41:02'),(311,'2015-01-08 00:00:00',0,'10',130,99,1,'2014-08-21 08:41:02','2014-08-21 08:41:02'),(312,'2015-01-15 11:00:00',2,'01',131,99,1,'2014-08-21 08:41:03','2014-08-21 08:41:03'),(313,'2015-01-15 11:00:00',2,'02',131,99,1,'2014-08-21 08:41:03','2014-08-21 08:41:03'),(314,'2015-01-15 11:00:00',2,'03',131,99,1,'2014-08-21 08:41:03','2014-08-21 08:41:03'),(315,'2015-01-15 11:00:00',2,'04',131,99,1,'2014-08-21 08:41:03','2014-08-21 08:41:03'),(316,'2015-01-15 11:00:00',2,'05',131,99,1,'2014-08-21 08:41:03','2014-08-21 08:41:03'),(317,'2015-01-15 11:00:00',2,'06',131,99,1,'2014-08-21 08:41:03','2014-08-21 08:41:03'),(318,'2015-01-15 11:00:00',0,'07',131,99,1,'2014-08-21 08:41:03','2014-08-21 08:41:03'),(319,'2015-01-15 11:00:00',0,'08',132,99,1,'2014-08-21 08:41:04','2014-08-21 08:41:04'),(320,'2015-01-15 11:00:00',0,'09',131,99,1,'2014-08-21 08:41:04','2014-08-21 08:41:04'),(321,'2015-01-15 11:00:00',0,'10',132,99,1,'2014-08-21 08:41:04','2014-08-21 08:41:04'),(322,'2015-01-06 14:00:00',2,'01',133,99,1,'2014-08-21 08:41:05','2014-08-21 08:41:05'),(323,'2015-01-06 14:00:00',2,'02',133,99,1,'2014-08-21 08:41:05','2014-08-21 08:41:05'),(324,'2015-01-06 14:00:00',2,'03',133,99,1,'2014-08-21 08:41:05','2014-08-21 08:41:05'),(325,'2015-01-06 14:00:00',2,'04',133,99,1,'2014-08-21 08:41:05','2014-08-21 08:41:05'),(326,'2015-01-06 14:00:00',2,'05',133,99,1,'2014-08-21 08:41:05','2014-08-21 08:41:05'),(327,'2015-01-06 14:00:00',2,'06',133,99,1,'2014-08-21 08:41:05','2014-08-21 08:41:05'),(328,'2015-01-06 14:00:00',2,'07',133,99,1,'2014-08-21 08:41:05','2014-08-21 08:41:05'),(329,'2015-01-06 14:00:00',2,'08',133,99,1,'2014-08-21 08:41:06','2014-08-21 08:41:06'),(330,'2015-01-06 14:00:00',0,'09',134,99,1,'2014-08-21 08:41:06','2014-08-21 08:41:06'),(331,'2015-01-06 14:00:00',0,'10',135,99,1,'2014-08-21 08:41:06','2014-08-21 08:41:06'),(332,'2015-01-11 14:00:00',2,'01',136,99,1,'2014-08-21 08:41:06','2014-08-21 08:41:06'),(333,'2015-01-11 14:00:00',2,'02',136,99,1,'2014-08-21 08:41:07','2014-08-21 08:41:07'),(334,'2015-01-11 14:00:00',2,'03',136,99,1,'2014-08-21 08:41:07','2014-08-21 08:41:07'),(335,'2015-01-11 14:00:00',2,'04',136,99,1,'2014-08-21 08:41:07','2014-08-21 08:41:07'),(336,'2015-01-11 14:00:00',2,'05',136,99,1,'2014-08-21 08:41:07','2014-08-21 08:41:07'),(337,'2015-01-11 14:00:00',2,'06',136,99,1,'2014-08-21 08:41:07','2014-08-21 08:41:07'),(338,'2015-01-11 14:00:00',2,'07',136,99,1,'2014-08-21 08:41:07','2014-08-21 08:41:07'),(339,'2015-01-11 14:00:00',0,'08',137,99,1,'2014-08-21 08:41:07','2014-08-21 08:41:07'),(340,'2015-01-11 14:00:00',0,'09',137,99,1,'2014-08-21 08:41:07','2014-08-21 08:41:07'),(341,'2015-01-11 14:00:00',0,'10',137,99,1,'2014-08-21 08:41:08','2014-08-21 08:41:08'),(342,'2015-01-11 14:00:00',0,'11',137,99,1,'2014-08-21 08:41:08','2014-08-21 08:41:08'),(343,'2015-01-04 14:00:00',0,'01',138,99,1,'2014-08-21 08:41:08','2014-08-21 08:41:08'),(344,'2015-01-04 14:00:00',0,'02',139,99,1,'2014-08-21 08:41:08','2014-08-21 08:41:08'),(345,'2015-01-04 14:00:00',0,'03',138,99,1,'2014-08-21 08:41:08','2014-08-21 08:41:08'),(346,'2015-01-04 14:00:00',0,'04',140,99,1,'2014-08-21 08:41:08','2014-08-21 08:41:08'),(347,'2015-01-04 14:00:00',0,'05',141,99,1,'2014-08-21 08:41:09','2014-08-21 08:41:09'),(348,'2015-01-04 14:00:00',0,'06',141,99,1,'2014-08-21 08:41:09','2014-08-21 08:41:09'),(349,'2015-01-13 11:00:00',2,'01',142,99,1,'2014-08-21 08:41:09','2014-08-21 08:41:09'),(350,'2015-01-13 11:00:00',2,'02',142,99,1,'2014-08-21 08:41:09','2014-08-21 08:41:09'),(351,'2015-01-13 11:00:00',2,'03',142,99,1,'2014-08-21 08:41:09','2014-08-21 08:41:09'),(352,'2015-01-13 11:00:00',2,'04',142,99,1,'2014-08-21 08:41:09','2014-08-21 08:41:09'),(353,'2015-01-13 11:00:00',2,'05',142,99,1,'2014-08-21 08:41:09','2014-08-21 08:41:09'),(354,'2015-01-13 11:00:00',2,'06',142,99,1,'2014-08-21 08:41:09','2014-08-21 08:41:09'),(355,'2015-01-13 11:00:00',2,'07',142,99,1,'2014-08-21 08:41:10','2014-08-21 08:41:10'),(356,'2015-01-13 11:00:00',2,'08',142,99,1,'2014-08-21 08:41:10','2014-08-21 08:41:10'),(357,'2015-01-13 11:00:00',0,'10',143,99,1,'2014-08-21 08:41:10','2014-08-21 08:41:10'),(358,'2015-01-13 11:00:00',0,'11',143,99,1,'2014-08-21 08:41:10','2014-08-21 08:41:10'),(359,'2015-01-13 11:00:00',0,'12',144,99,1,'2014-08-21 08:41:10','2014-08-21 08:41:10'),(360,'2015-01-06 11:00:00',2,'01',145,99,1,'2014-08-21 08:41:10','2014-08-21 08:41:10'),(361,'2015-01-06 11:00:00',2,'02',145,99,1,'2014-08-21 08:41:11','2014-08-21 08:41:11'),(362,'2015-01-06 11:00:00',2,'03',145,99,1,'2014-08-21 08:41:11','2014-08-21 08:41:11'),(363,'2015-01-06 11:00:00',2,'04',145,99,1,'2014-08-21 08:41:11','2014-08-21 08:41:11'),(364,'2015-01-06 11:00:00',0,'05',146,99,1,'2014-08-21 08:41:11','2014-08-21 08:41:11'),(365,'2015-01-06 11:00:00',0,'06',146,99,1,'2014-08-21 08:41:11','2014-08-21 08:41:11'),(366,'2015-01-06 11:00:00',0,'07',145,99,1,'2014-08-21 08:41:11','2014-08-21 08:41:11'),(367,'2015-01-06 11:00:00',0,'08',145,99,1,'2014-08-21 08:41:11','2014-08-21 08:41:11'),(368,'2015-01-06 11:00:00',0,'09',145,99,1,'2014-08-21 08:41:11','2014-08-21 08:41:11'),(369,'2015-01-06 11:00:00',0,'10',145,99,1,'2014-08-21 08:41:11','2014-08-21 08:41:11'),(370,'2015-01-06 11:00:00',0,'11',145,99,1,'2014-08-21 08:41:12','2014-08-21 08:41:12'),(371,'2015-01-06 11:00:00',0,'12',145,99,1,'2014-08-21 08:41:12','2014-08-21 08:41:12'),(372,'2015-01-13 11:00:00',2,'01',147,99,1,'2014-08-21 08:41:12','2014-08-21 08:41:12'),(373,'2015-01-13 11:00:00',2,'02',147,99,1,'2014-08-21 08:41:12','2014-08-21 08:41:12'),(374,'2015-01-13 11:00:00',2,'03',147,99,1,'2014-08-21 08:41:12','2014-08-21 08:41:12'),(375,'2015-01-13 11:00:00',2,'06',147,99,1,'2014-08-21 08:41:12','2014-08-21 08:41:12'),(376,'2015-01-13 11:00:00',0,'07',148,99,1,'2014-08-21 08:41:12','2014-08-21 08:41:12'),(377,'2015-01-13 11:00:00',0,'08',147,99,1,'2014-08-21 08:41:13','2014-08-21 08:41:13'),(378,'2015-01-13 11:00:00',0,'09',147,99,1,'2014-08-21 08:41:13','2014-08-21 08:41:13'),(379,'2015-01-13 11:00:00',0,'10',147,99,1,'2014-08-21 08:41:13','2014-08-21 08:41:13'),(380,'2015-01-13 11:00:00',0,'11',148,99,1,'2014-08-21 08:41:13','2014-08-21 08:41:13'),(381,'2015-01-13 11:00:00',0,'12',149,99,1,'2014-08-21 08:41:13','2014-08-21 08:41:13'),(382,'2015-01-04 11:00:00',2,'01',150,99,1,'2014-08-21 08:41:13','2014-08-21 08:41:13'),(383,'2015-01-04 11:00:00',2,'02',150,99,1,'2014-08-21 08:41:13','2014-08-21 08:41:13'),(384,'2015-01-04 11:00:00',2,'03',150,99,1,'2014-08-21 08:41:14','2014-08-21 08:41:14'),(385,'2015-01-04 11:00:00',2,'04',150,99,1,'2014-08-21 08:41:14','2014-08-21 08:41:14'),(386,'2015-01-04 11:00:00',2,'05',150,99,1,'2014-08-21 08:41:14','2014-08-21 08:41:14'),(387,'2015-01-04 11:00:00',2,'06',150,99,1,'2014-08-21 08:41:14','2014-08-21 08:41:14'),(388,'2015-01-04 11:00:00',2,'07',150,99,1,'2014-08-21 08:41:14','2014-08-21 08:41:14'),(389,'2015-01-04 11:00:00',2,'08',150,99,1,'2014-08-21 08:41:14','2014-08-21 08:41:14'),(390,'2015-01-04 11:00:00',2,'09',150,99,1,'2014-08-21 08:41:14','2014-08-21 08:41:14'),(391,'2015-01-04 11:00:00',0,'10',151,99,1,'2014-08-21 08:41:14','2014-08-21 08:41:14'),(392,'2015-01-04 11:00:00',0,'11',151,99,1,'2014-08-21 08:41:15','2014-08-21 08:41:15'),(394,'2015-01-12 16:00:00',15,'01',89,89,1,'2014-08-21 14:18:22','2014-08-21 14:18:22'),(395,'2015-01-04 14:00:00',40,'01',152,99,1,'2014-08-21 18:36:22','2014-08-21 18:36:22'),(396,'2015-01-03 18:30:00',80,'3',153,26,1,'2014-08-23 06:36:47','2014-08-23 06:36:47');
/*!40000 ALTER TABLE `units` ENABLE KEYS */;
UNLOCK TABLES;

--
-- Table structure for table `users`
--

DROP TABLE IF EXISTS `users`;
/*!40101 SET @saved_cs_client     = @@character_set_client */;
/*!40101 SET character_set_client = utf8 */;
CREATE TABLE `users` (
  `id` int(11) NOT NULL AUTO_INCREMENT,
  `email` varchar(255) NOT NULL DEFAULT '',
  `encrypted_password` varchar(255) NOT NULL DEFAULT '',
  `reset_password_token` varchar(255) DEFAULT NULL,
  `reset_password_sent_at` datetime DEFAULT NULL,
  `remember_created_at` datetime DEFAULT NULL,
  `sign_in_count` int(11) NOT NULL DEFAULT '0',
  `current_sign_in_at` datetime DEFAULT NULL,
  `last_sign_in_at` datetime DEFAULT NULL,
  `current_sign_in_ip` varchar(255) DEFAULT NULL,
  `last_sign_in_ip` varchar(255) DEFAULT NULL,
  `created_at` datetime DEFAULT NULL,
  `updated_at` datetime DEFAULT NULL,
  PRIMARY KEY (`id`),
  UNIQUE KEY `index_users_on_email` (`email`),
  UNIQUE KEY `index_users_on_reset_password_token` (`reset_password_token`)
) ENGINE=InnoDB AUTO_INCREMENT=233 DEFAULT CHARSET=utf8;
/*!40101 SET character_set_client = @saved_cs_client */;

--
-- Dumping data for table `users`
--

LOCK TABLES `users` WRITE;
/*!40000 ALTER TABLE `users` DISABLE KEYS */;
INSERT INTO `users` VALUES (1,'navid.saleh.n@gmail.com','$2a$10$vTRd0V2GA3Dcy2xAyDoPu.t617T37VNXnz.nz6Hc5pUNR6wab/tT.',NULL,NULL,NULL,34,'2014-08-26 07:27:20','2014-08-26 06:44:08','172.17.120.178','172.16.32.48','2014-08-21 04:46:21','2014-08-26 09:09:21'),(2,'pejman.invincible19@gmail.com','$2a$10$S.0aqBQUGv7wVlda3wAAk.NaDzxPflfaNeKL4s3eIbMcAToeSpdv.',NULL,NULL,NULL,20,'2014-08-26 16:55:55','2014-08-26 14:02:02','37.63.152.154','172.17.117.205','2014-08-21 04:55:48','2014-08-26 16:55:55'),(3,'razeghiyasaman@yahoo.com','$2a$10$73Ji5bijcWYSKmWH9UlW4O3szztnd0uc/w.Lj51uS4qREH4YUU0o6',NULL,NULL,NULL,1,'2014-08-21 05:06:42','2014-08-21 05:06:42','188.245.136.130','188.245.136.130','2014-08-21 05:06:42','2014-08-21 05:06:42'),(4,'maryam.younesi00@gmail.com','$2a$10$S3JxWnoAmpXB8YwHyqUyQuJ14j7vRhUlUgJDXzDxHW6vGiV.dDCta',NULL,NULL,'2014-08-26 09:29:57',11,'2014-08-26 09:29:57','2014-08-26 03:07:19','2.190.249.87','172.16.32.41','2014-08-21 05:17:41','2014-08-26 09:29:57'),(5,'rezaamir2006@gmail.com','$2a$10$UGactuhEYUYfMZ/8xlWta.fBky28AZNTxgA6mRWFKU9hqJmIvg2Mu',NULL,NULL,'2014-08-22 04:54:10',7,'2014-08-23 03:57:13','2014-08-22 04:54:10','85.9.96.159','85.9.115.90','2014-08-21 05:31:14','2014-08-23 03:57:13'),(6,'a@b.c','$2a$10$4qVj1A3Gwhtu7pXn1xKaquash4PI91zttA6CEfsHVKuQ3f9lN5c92',NULL,NULL,NULL,24,'2014-08-26 15:43:59','2014-08-26 10:16:01','2.176.128.122','172.16.32.67','2014-08-21 05:45:02','2014-08-26 15:43:59'),(7,'n.naderian71@gmail.com','$2a$10$FAfMEjt6x4gqvm2bf4uWoumLeUy6zoXc8kcPoI/xnW9p3f7Rn6ZQK',NULL,NULL,NULL,2,'2014-08-21 14:13:16','2014-08-21 07:57:53','151.242.189.12','151.243.42.151','2014-08-21 07:57:53','2014-08-21 14:13:16'),(8,'ghafaria@ymail.com','$2a$10$Obz0mvlBrHknRiaqngRE1.vZJKCs4LLY3AG/gTaV6tHsghbUvBs56',NULL,NULL,NULL,13,'2014-08-26 18:22:30','2014-08-26 07:43:32','2.177.202.214','2.177.202.214','2014-08-21 07:57:56','2014-08-26 18:22:30'),(9,'mohammad.mdoust@gmail.com','$2a$10$.GAksL.uhhsSIAcE50uZIet7qdchhks045pN9RJzxB0AHO0sc9VQ6',NULL,NULL,NULL,1,'2014-08-21 08:51:05','2014-08-21 08:51:05','172.16.32.51','172.16.32.51','2014-08-21 08:51:05','2014-08-21 08:51:05'),(10,'test@test.com','$2a$10$Ag2Gpw929iMKF.IdBbIbU.D6Y8MhtuohWzFcX5yOkTtcwwTUS1ENK',NULL,NULL,NULL,1,'2014-08-21 08:58:45','2014-08-21 08:58:45','172.17.115.247','172.17.115.247','2014-08-21 08:58:45','2014-08-21 08:58:45'),(11,'navid_saleh@yahoo.com','$2a$10$MdqB/ABERt6/e9oZ4ZpY8.c1GTc86aPJwZJMGC9nOb.r4p8LeXaWu',NULL,NULL,NULL,11,'2014-08-25 05:55:37','2014-08-25 05:21:08','176.58.126.171','37.63.174.188','2014-08-21 09:01:46','2014-08-25 05:55:37'),(12,'alikgs19@gmaill.com','$2a$10$xkjlI4ErwMeWUpp2pWDp3Ojd6uVy7KRqZwKOoIXKtAKm5tT3BrWeO',NULL,NULL,NULL,1,'2014-08-21 09:07:36','2014-08-21 09:07:36','5.9.131.152','5.9.131.152','2014-08-21 09:07:36','2014-08-21 09:07:36'),(13,'rgf7112@yahoo.co.uk','$2a$10$qEFyoJP5rXjBVUnumO5.iOKHUClCI5.OgnR69vkabGCHv8rufgH4y',NULL,NULL,NULL,1,'2014-08-21 09:51:47','2014-08-21 09:51:47','91.133.217.80','91.133.217.80','2014-08-21 09:51:47','2014-08-21 09:51:47'),(14,'md.ut@ut.ir','$2a$10$I9X1jDmec.Cworw9X31Q3ukWUywmFRe1UP.Mqrl8SmjPCzTiKqDWK',NULL,NULL,NULL,1,'2014-08-21 10:18:43','2014-08-21 10:18:43','172.16.147.67','172.16.147.67','2014-08-21 10:18:43','2014-08-21 10:18:43'),(15,'sara@gmail.com','$2a$10$twSMDMtUdtIgPifNRn68u.bcsg8DgdtY.RQhV5LbnrgK5WbB0l38i',NULL,NULL,NULL,1,'2014-08-21 10:24:40','2014-08-21 10:24:40','91.99.18.35','91.99.18.35','2014-08-21 10:24:40','2014-08-21 10:24:40'),(16,'jmohsenm@gmail.com','$2a$10$I.hnJXXPQHVjLJoErjkbguI4wzWl/QBJRo79Yuq.HcqLqO3bZndgi',NULL,NULL,'2014-08-24 12:54:14',5,'2014-08-24 12:54:15','2014-08-21 14:47:28','65.49.2.181','85.9.115.90','2014-08-21 13:56:21','2014-08-24 12:54:15'),(17,'a@a.a','$2a$10$6cWLKJy4QQO467kqxQDZB.pS02XQAiTgohD0M1QSwvYBCTJRQp8Fy',NULL,NULL,NULL,6,'2014-08-23 08:55:18','2014-08-22 18:39:16','5.52.59.10','151.243.31.67','2014-08-21 18:15:56','2014-08-23 08:55:18'),(18,'ms.shahshahani@gmail.com','$2a$10$v4l11jKsCeAsyy38a7iLUOqBhmDEGw5ijuUrqocqMr3paJMQUXhlG',NULL,NULL,NULL,1,'2014-08-21 18:31:13','2014-08-21 18:31:13','109.122.251.61','109.122.251.61','2014-08-21 18:31:13','2014-08-21 18:31:13'),(19,'alirezam2006@gmail.com','$2a$10$2FhxkWFtn13PJf3enNtrE.9LjVK37RPBpJokb9zYMxYAx.ZOUGQTy',NULL,NULL,NULL,1,'2014-08-21 19:25:28','2014-08-21 19:25:28','206.190.135.212','206.190.135.212','2014-08-21 19:25:28','2014-08-21 19:25:28'),(20,'mk.parhizkar@ut.ac.ir','$2a$10$u4tK5NhOpKF2KmfcteFZUOYXAWnNyTi2tkm8bcC6AqI0HzQmN4KFa',NULL,NULL,NULL,1,'2014-08-21 19:45:35','2014-08-21 19:45:35','64.40.147.235','64.40.147.235','2014-08-21 19:45:35','2014-08-21 19:45:35'),(21,'sara.sarnv95@gmail.com','$2a$10$RV7i3.kjFZZzQvgrB07V/.Ib2/6hbS98sUjW.UVppPRw.iaSiG9Ya',NULL,NULL,NULL,7,'2014-08-26 10:56:30','2014-08-25 06:33:49','172.16.32.25','172.16.32.56','2014-08-21 20:21:35','2014-08-26 11:01:42'),(22,'farshadfn@yahoo.com','$2a$10$tbRooIYYa7y9X7NQgWUbReS28AZBzo/XVgDejCkkYJeK6VsOVDkSq',NULL,NULL,NULL,2,'2014-08-26 14:03:45','2014-08-22 02:14:39','172.16.32.83','5.52.211.206','2014-08-22 02:14:39','2014-08-26 14:03:45'),(23,'p16_f3@yahoo.com','$2a$10$FNijgoyb6iTXbk0RXey5uO.d6np/2ZWoH/XxQ4C8AJ5xny5JAwENO',NULL,NULL,NULL,4,'2014-08-25 09:33:49','2014-08-22 16:55:26','31.59.89.223','31.59.107.90','2014-08-22 02:57:21','2014-08-25 09:33:49'),(24,'majno0n.1387@yahoo.com','$2a$10$K7fD7eRw3IVI7N1xCC7BmOEduZ7ng.sxCwey5zO4EdCwPdg2lgzVW',NULL,NULL,NULL,1,'2014-08-22 03:49:52','2014-08-22 03:49:52','151.247.201.0','151.247.201.0','2014-08-22 03:49:52','2014-08-22 03:49:52'),(25,'aminarab@ymail.com','$2a$10$lRCrh5ox3QfvJ7ewmqjmo.0/UGoED2ldHzaD51HaDA5ZuYr2bdGb2',NULL,NULL,NULL,2,'2014-08-22 05:09:34','2014-08-22 04:02:50','188.34.50.188','188.34.50.188','2014-08-22 04:02:50','2014-08-22 05:09:34'),(26,'davoodi.amirali@gmail.com','$2a$10$wS0n3/fC0BnY8nBvg62jF.Kmkay2XpKHzM9wl8NXjs/STL1jdjdqm',NULL,NULL,'2014-08-22 17:53:27',2,'2014-08-22 17:53:27','2014-08-22 04:42:50','5.232.125.192','5.232.123.144','2014-08-22 04:42:50','2014-08-22 17:53:27'),(27,'s74s16@gmail.com','$2a$10$Wch9uzu990dGQ9PN0Zd3u.i1LNf9SnEnFJcUQnAUu0G9QeuylTznq',NULL,NULL,NULL,2,'2014-08-25 15:09:13','2014-08-22 04:44:19','2.191.220.238','5.134.153.120','2014-08-22 04:44:19','2014-08-25 15:26:55'),(28,'mohammadbabamahmoudi@gmail.com','$2a$10$hy3jFtjy7zsU1ihcD9tSUuq77gN7alHmT8.MIdsHye6DhW.r90OUK',NULL,NULL,NULL,2,'2014-08-22 06:44:42','2014-08-22 04:51:23','5.237.16.124','5.237.16.124','2014-08-22 04:51:23','2014-08-22 06:44:42'),(29,'panizbehboudian@yahoo.com','$2a$10$krBrB6H8/Tw4gnRRhrOxeeVN2FEhkyPplgdEuwLMAmro8M.Wgpn1e',NULL,NULL,NULL,1,'2014-08-22 05:40:52','2014-08-22 05:40:52','78.47.244.75','78.47.244.75','2014-08-22 05:40:52','2014-08-22 05:40:52'),(30,'moosavifar1993@yahoo.com','$2a$10$DP4XEjl2.4mXeTh6emmPAeHMxr11Ski3aMzFB3l4psCufJOAF7pTK',NULL,NULL,NULL,2,'2014-08-22 06:46:02','2014-08-22 05:49:04','2.191.157.64','2.191.157.64','2014-08-22 05:49:04','2014-08-22 06:46:02'),(31,'s_shahhoseini@ut.ac.ir','$2a$10$4kXhB.vnSoyIigtnEe9tEeJxVH18gK7VKz56mqaiMUnFAcFdRMzRa',NULL,NULL,'2014-08-24 06:11:06',2,'2014-08-24 06:11:06','2014-08-22 05:58:01','5.237.82.188','5.237.82.188','2014-08-22 05:58:01','2014-08-24 06:11:06'),(32,'rahmati_hanie@yahoo.com','$2a$10$QFrCLx.HtLZLYp8Dy/PULu4Eo3pDZtX/weiDtbToNWabfBdMcbsy2',NULL,NULL,NULL,3,'2014-08-26 10:29:04','2014-08-25 20:21:48','188.159.104.104','188.159.104.104','2014-08-22 05:59:26','2014-08-26 10:29:04'),(33,'alireza.mokhtarani@gmail.com','$2a$10$87J34nyJJMXnOWjn3qiziedoBqW0Nt41Ase5fZ1Hx.Twx6yh847DK',NULL,NULL,NULL,1,'2014-08-22 06:04:10','2014-08-22 06:04:10','2.191.216.32','2.191.216.32','2014-08-22 06:04:10','2014-08-22 06:04:10'),(34,'hooman_mostafavi@yahoo.com','$2a$10$uTfzF80iJmrp.DglYsMWnuIr9Ken6pIxnYK9L3c4lIdUUvvBxWfWy',NULL,NULL,NULL,1,'2014-08-22 06:13:06','2014-08-22 06:13:06','151.241.127.228','151.241.127.228','2014-08-22 06:13:06','2014-08-22 06:13:06'),(35,'aryaz.egh@gmail.com','$2a$10$/2qdVpvaNg5O7Xo8cU3hMukE9KEYLc16ghMT8wegRe8e.6dAp2njK',NULL,NULL,NULL,1,'2014-08-22 06:14:04','2014-08-22 06:14:04','192.241.140.105','192.241.140.105','2014-08-22 06:14:04','2014-08-22 06:14:04'),(36,'ali.sorouramini@gmail.com','$2a$10$E5hKiPpIZKD9wbxnXrjhtOPCHEwz13M05dPZjV3uAXzlTtgqwdf92',NULL,NULL,NULL,1,'2014-08-22 06:15:06','2014-08-22 06:15:06','5.161.221.13','5.161.221.13','2014-08-22 06:15:06','2014-08-22 06:15:06'),(37,'sinamd443@gmail.com','$2a$10$37Si8PXHxdj2FJNrZQbde.ENq8TrF6SHYNFuB.reEmxGO/OVl9KiC',NULL,NULL,NULL,1,'2014-08-22 06:24:24','2014-08-22 06:24:24','94.101.250.113','94.101.250.113','2014-08-22 06:24:24','2014-08-22 06:24:24'),(38,'shivaakbari24@yahoo.com','$2a$10$mH9Wouwt1raEpj7jlKVWCe3pbZVi0Oa7PE2XfxhZIx6UHkqlTsSN.',NULL,NULL,'2014-08-23 10:31:22',4,'2014-08-23 10:31:22','2014-08-22 10:58:47','5.52.242.87','5.52.23.142','2014-08-22 06:29:31','2014-08-23 10:31:22'),(39,'mirzaein@gmail.com','$2a$10$xgdg8ELgLFR5.L4vwKqcROlP42DTSj0gGqiuO2hR3QqVpGvkE9Ani',NULL,NULL,NULL,1,'2014-08-22 06:29:37','2014-08-22 06:29:37','95.211.144.33','95.211.144.33','2014-08-22 06:29:37','2014-08-22 06:29:37'),(40,'firouziramin@gmail.com','$2a$10$hvA7ihLwHf4fWll7llTHS.mhlnM0RdfjMPi10dlj2YR5rNdBP8Eq2',NULL,NULL,NULL,1,'2014-08-22 06:36:51','2014-08-22 06:36:51','65.49.68.178','65.49.68.178','2014-08-22 06:36:51','2014-08-22 06:36:51'),(41,'sfouladi@gmail.com','$2a$10$eFZeLSfMqrKCfxrnLRHDjuNRRn1lgkG9gwzizwCfuQD5o3nierJPO',NULL,NULL,NULL,1,'2014-08-22 06:36:59','2014-08-22 06:36:59','198.50.184.10','198.50.184.10','2014-08-22 06:36:59','2014-08-22 06:36:59'),(42,'kiarash2000@gmail.com','$2a$10$fXn6F0jyLL/0OG2lW.rhueURSn47CSGEw9m77DvU4JGc2tLNVRYhC',NULL,NULL,NULL,1,'2014-08-22 06:37:09','2014-08-22 06:37:09','151.242.237.184','151.242.237.184','2014-08-22 06:37:09','2014-08-22 06:37:09'),(43,'gharaeemanesh@gmail.com','$2a$10$Qr5tNTzOie/L0Xn2AEhdtudOoxm/woTGqWWjygZgCJYj7iTdsyeEu',NULL,NULL,NULL,1,'2014-08-22 06:37:16','2014-08-22 06:37:16','198.199.67.149','198.199.67.149','2014-08-22 06:37:16','2014-08-22 06:37:16'),(44,'ali_karimi@yahoo.com','$2a$10$gFGhLaGbWoqUvBnTELtNze930ffO9Zf9W3w6NHrXkYXk.dI9I3kiW',NULL,NULL,NULL,1,'2014-08-22 06:44:38','2014-08-22 06:44:38','151.242.96.46','151.242.96.46','2014-08-22 06:44:38','2014-08-22 06:44:38'),(45,'barook1700@yahoo.com','$2a$10$UIJ2PhBWIuaenlulBIfKAe.xnDc5RNW71Kl1lYcfGNAyBuPIBgTna',NULL,NULL,NULL,2,'2014-08-26 10:08:16','2014-08-22 06:49:00','2.178.199.25','5.239.26.55','2014-08-22 06:49:00','2014-08-26 10:08:16'),(46,'q1b41+cl5g61wgf0m7bwyt1s6e8@sharklasers.com','$2a$10$ooQ/HECmozE18uyfSbySDOh/FVHkzl5EZRcrkf6dgnf9lBntHnB56',NULL,NULL,NULL,1,'2014-08-22 06:49:17','2014-08-22 06:49:17','91.109.23.214','91.109.23.214','2014-08-22 06:49:17','2014-08-22 06:49:17'),(47,'fazel.kht@gmail.com','$2a$10$W5B/A0n13vagrfKsnoFGwuwJrvB0JVoBai8kLpBa95HSU4Ob1M5Hq',NULL,NULL,NULL,4,'2014-08-25 12:46:04','2014-08-25 12:38:37','2.176.11.29','5.134.188.84','2014-08-22 06:50:21','2014-08-25 12:46:04'),(48,'parsa.sotoodeh.1993@gmail.com','$2a$10$ziVZCZOkWzShmGIHsTidY.kdgT0HwGiCmhqEYYrMza.tzz9D6gfu6',NULL,NULL,NULL,1,'2014-08-22 06:50:58','2014-08-22 06:50:58','5.52.105.101','5.52.105.101','2014-08-22 06:50:58','2014-08-22 06:50:58'),(49,'nsmahdavi1995@gmail.com','$2a$10$Fs1pJu9sje5sBAvZ.hRPC.SNMBRpUGYm7uXn7FZn2pT5pbqtHTx.a',NULL,NULL,NULL,1,'2014-08-22 06:58:19','2014-08-22 06:58:19','151.241.45.168','151.241.45.168','2014-08-22 06:58:19','2014-08-22 06:58:19'),(50,'sharifdini1993@gmail.com','$2a$10$q88DE4fb6I/ekbrhVf6XEuaLCGk36IamvibzywmL/kwESYQ1U9pfO',NULL,NULL,NULL,1,'2014-08-22 07:01:21','2014-08-22 07:01:21','2.178.218.208','2.178.218.208','2014-08-22 07:01:21','2014-08-22 07:01:21'),(51,'miladabbasi@ut.ac.ir','$2a$10$4tP0l1pNS65alDL0Mq69UurLM8qqWJzs8lv6mBYF9.Ts7EOKiI81u',NULL,NULL,NULL,2,'2014-08-23 10:27:01','2014-08-22 07:06:19','130.255.224.193','178.131.120.246','2014-08-22 07:06:19','2014-08-23 10:27:01'),(52,'pariya.b@gmail.com','$2a$10$NjYhVOnPqTIDQTnafEZV0u.40e4OkF/iw.uEa/jVUpS7U5iOZ80lG',NULL,NULL,NULL,1,'2014-08-22 07:12:22','2014-08-22 07:12:22','5.237.26.241','5.237.26.241','2014-08-22 07:12:22','2014-08-22 07:12:22'),(53,'googlegoogle@mailinator.com','$2a$10$jL/ORQcngJgJXS/aT1w4yu0Kx5eLN7aKkBDn9oWwlfwoV5GEjHvdy',NULL,NULL,NULL,1,'2014-08-22 07:14:20','2014-08-22 07:14:20','188.158.4.207','188.158.4.207','2014-08-22 07:14:20','2014-08-22 07:14:20'),(54,'a_moezz@ut.ac.ir','$2a$10$qrg.HKYlZ7N1SULfalDDk.gOeZfQiNPzSGJaIK4ALJPQ6/3OP65g2',NULL,NULL,NULL,1,'2014-08-22 07:15:04','2014-08-22 07:15:04','2.178.179.16','2.178.179.16','2014-08-22 07:15:04','2014-08-22 07:15:04'),(55,'barzkarashkan@gmail.com','$2a$10$sbjPGTHql2kPAsQt0xvMyOqEDIYciyXfVHJoWKDo4HemPnc.gmB8W',NULL,NULL,NULL,1,'2014-08-22 07:16:20','2014-08-22 07:16:20','2.147.10.113','2.147.10.113','2014-08-22 07:16:20','2014-08-22 07:16:20'),(56,'jamshid.imani@ut.ac.ir','$2a$10$lHMFB5dbx/188x5Q9hj47u.Qc6BeiWQgUmMnBuAIr10.h/AkPP5pq',NULL,NULL,NULL,1,'2014-08-22 07:23:02','2014-08-22 07:23:02','2.177.45.228','2.177.45.228','2014-08-22 07:23:02','2014-08-22 07:23:02'),(57,'yasi.ahrabi@yahoo.com','$2a$10$QmWvvGaF9f.6.wMXXfHzQ.QG7d4nvXZqbL6JjoQ9PFAOmeLNP8QV.',NULL,NULL,'2014-08-22 16:22:58',2,'2014-08-22 16:22:58','2014-08-22 07:24:52','206.190.145.219','206.190.149.88','2014-08-22 07:24:52','2014-08-22 16:22:58'),(58,'mohamad.gharb@gmail.com','$2a$10$12kc6LHRz.m98Gbz7t3tV.8Jn9rSTpEERoNsDzHbcA.Tuukv6tcrS',NULL,NULL,NULL,1,'2014-08-22 07:25:39','2014-08-22 07:25:39','2.178.189.71','2.178.189.71','2014-08-22 07:25:39','2014-08-22 07:25:39'),(59,'a.dorranian@yahoo.com','$2a$10$GahWwn7ioGRXsbO/AkYGfOsKGKJxhXazUhEftZAFlFpAZEYSLLuPO',NULL,NULL,NULL,1,'2014-08-22 07:31:41','2014-08-22 07:31:41','2.146.23.251','2.146.23.251','2014-08-22 07:31:41','2014-08-22 07:31:41'),(60,'negar_ivi_man@yahoo.com','$2a$10$VGSao6sJ7ekcfI79nM66guw3tDggAXPtVVZL9Oq7dJIk4.slCo5pO',NULL,NULL,NULL,1,'2014-08-22 07:32:18','2014-08-22 07:32:18','188.226.253.252','188.226.253.252','2014-08-22 07:32:18','2014-08-22 07:32:18'),(61,'tahmavand@gmail.com','$2a$10$dx6tHCBvo9A8eQLrDcPzaOI1x4x5mEDtzi6HmlGtt05xswnpzxAgi',NULL,NULL,NULL,1,'2014-08-22 07:35:07','2014-08-22 07:35:07','72.46.131.75','72.46.131.75','2014-08-22 07:35:07','2014-08-22 07:35:07'),(62,'zshkarchi@gmail.com','$2a$10$s4cZUPoJShQI2XaJyNvQJellWBXAndDgIYodCvNxkgubn6CYAcAdC',NULL,NULL,NULL,2,'2014-08-27 06:13:40','2014-08-22 07:35:59','2.179.131.119','2.179.140.167','2014-08-22 07:35:58','2014-08-27 06:13:40'),(63,'jamal.kazazi@gmail.com','$2a$10$kepqbCh8OJjalUBrMx9iDeCKf5inFUlBmFJIPc/FKZGMTqcWMtybm',NULL,NULL,NULL,1,'2014-08-22 07:45:56','2014-08-22 07:45:56','172.16.111.213','172.16.111.213','2014-08-22 07:45:56','2014-08-22 07:45:56'),(64,'fateme.ghanadi@gmail.com','$2a$10$ZtIp8sLB8T2ZqOTDfgnY7e9B8JUrekWoULUd.9NAG8HJGA73gcq.6',NULL,NULL,NULL,3,'2014-08-26 03:09:15','2014-08-25 19:03:05','151.242.56.121','151.242.50.58','2014-08-22 07:56:45','2014-08-26 03:09:15'),(65,'ali.nikparsa@ut.ac.ir','$2a$10$uAFULK4.EEVvFykhQidesOnRklJj9frEu4EaDlIwCz9za6Js.0OAu',NULL,NULL,NULL,1,'2014-08-22 07:59:45','2014-08-22 07:59:45','151.246.180.15','151.246.180.15','2014-08-22 07:59:45','2014-08-22 07:59:45'),(66,'kazem_bakian@yahoo.com','$2a$10$ieKl8wOusgD5MR5ry6sLe.cJEnl69sprQjX.TzqU8Uy/iEOUzFedi',NULL,NULL,NULL,1,'2014-08-22 08:02:50','2014-08-22 08:02:50','2.187.30.180','2.187.30.180','2014-08-22 08:02:50','2014-08-22 08:02:50'),(67,'mhmmdrz_nu@yahoo.com','$2a$10$.dJthRn3Q3x9FkMbAGOlkeyotToXue3pr8N1PoGq4VQiVJsI98LlG',NULL,NULL,NULL,1,'2014-08-22 08:08:30','2014-08-22 08:08:30','2.177.181.210','2.177.181.210','2014-08-22 08:08:30','2014-08-22 08:08:30'),(68,'prushat98@yahoo.com','$2a$10$nH9s30wC3E8XlFeg0/2T9OUlWKMREy9VCrBlF7bqQGPK7NCKP2dpO',NULL,NULL,'2014-08-26 09:02:47',5,'2014-08-26 20:28:13','2014-08-26 18:05:04','151.243.79.128','151.243.79.128','2014-08-22 08:09:15','2014-08-26 20:28:13'),(69,'milad.kian@gmail.com','$2a$10$9LgfXGcAjvWvYQmD3Z.Sfuov0T7PQXUp0qnokAwQEctvV0GNnoDnS',NULL,NULL,NULL,3,'2014-08-24 18:07:21','2014-08-22 20:38:09','5.201.175.239','130.255.193.235','2014-08-22 08:18:46','2014-08-24 18:07:21'),(70,'mahdie474972@gmail.com','$2a$10$/PH7TjpZLv/gmqcH15Nsaep/3sDiZ6Pn7tiLDv89sfabGkCe4XEjO',NULL,NULL,NULL,1,'2014-08-22 08:20:07','2014-08-22 08:20:07','37.255.48.250','37.255.48.250','2014-08-22 08:20:07','2014-08-22 08:20:07'),(71,'hamed_gorjiara@yahoo.com','$2a$10$GAJ1j9H.rb1Mg6kzw5fHneqzTy8Zv8Ec1MbjNmxhfmDlzof3uu.Mi',NULL,NULL,NULL,1,'2014-08-22 08:22:47','2014-08-22 08:22:47','178.79.161.57','178.79.161.57','2014-08-22 08:22:47','2014-08-22 08:22:47'),(72,'zamiri.nooshin@yahoo.com','$2a$10$bd2ZW3JoilKSigZZ2SEYm.4b8yGzG0strZ1XBUAXASxERYSNFyh0a',NULL,NULL,NULL,1,'2014-08-22 08:24:56','2014-08-22 08:24:56','178.252.158.221','178.252.158.221','2014-08-22 08:24:56','2014-08-22 08:24:56'),(73,'mohammad.nsr@gmail.com','$2a$10$1KR0KDTDZQW9jOavj87uJuuegTjnnpqMEEb6S8.z2SHVRBgW1.cIW',NULL,NULL,NULL,1,'2014-08-22 08:32:05','2014-08-22 08:32:05','188.34.50.46','188.34.50.46','2014-08-22 08:32:05','2014-08-22 08:32:05'),(74,'shervin.h.esmaili@gmail.com','$2a$10$tFR1/ly9LOHNwOdAc4Uzd.GPrunrV5QHOBM5.ogDRHLkIol.URkkG',NULL,NULL,NULL,2,'2014-08-22 08:50:32','2014-08-22 08:42:38','151.243.187.90','151.243.187.90','2014-08-22 08:42:38','2014-08-22 08:50:32'),(75,'mheydarian72@ut.ac.ir','$2a$10$x3QQqhQdWnmD8VR60XIbVeO/CfPtZRSf.nkG9cK0ZQ6SjMSmnxQom',NULL,NULL,NULL,3,'2014-08-24 05:38:29','2014-08-23 08:43:26','172.17.119.206','172.17.121.109','2014-08-22 08:43:16','2014-08-24 05:38:29'),(76,'niki.hp2007@gmail.com','$2a$10$fA2aDRjSeLiTwKWQUtFM4.QxBAigEos2huJpkdQdGY7jO.TibB5vy',NULL,NULL,NULL,1,'2014-08-22 08:44:46','2014-08-22 08:44:46','128.178.116.76','128.178.116.76','2014-08-22 08:44:46','2014-08-22 08:44:46'),(77,'pouyamh94@yahoo.com','$2a$10$PQnamg1PVfwLRwOFgkgIN.amSjWSCmaO4zf0aCjhz8BCrslSJ2kpu',NULL,NULL,'2014-08-22 09:10:28',8,'2014-08-26 19:11:07','2014-08-25 18:19:02','2.190.166.48','2.190.151.134','2014-08-22 08:45:38','2014-08-26 19:11:07'),(78,'s.saharkhiz@ece.ut.ac.ir','$2a$10$Y6m7ACzqC94PLwcPnHt55Opkpnu2Wj/3rY6hWN0NpigzK1GN.2oOa',NULL,NULL,NULL,1,'2014-08-22 08:54:13','2014-08-22 08:54:13','144.76.176.180','144.76.176.180','2014-08-22 08:54:13','2014-08-22 08:54:13'),(79,'seeserke@yahoo.com','$2a$10$RdyS9EBS7QRVbFPneQWnFu9HgXEnAOJB72NFjIBIEWwurVEPRgJiu',NULL,NULL,'2014-08-22 09:24:47',3,'2014-08-23 15:30:39','2014-08-22 09:24:47','5.201.180.252','151.241.36.45','2014-08-22 09:05:54','2014-08-23 15:30:39'),(80,'mfthepop@yahoo.com','$2a$10$qV.fs0N75z.P6FGPXP13Gu28/pU1EeFjy5/YqNfmo1ibuKFAV.ikq',NULL,NULL,NULL,3,'2014-08-22 09:49:54','2014-08-22 09:24:08','2.176.130.16','2.176.130.16','2014-08-22 09:13:21','2014-08-22 09:49:54'),(81,'hosein.m91@gmail.com','$2a$10$/bAAbm0wOOBVENfUxF.cZuEUygBYclWrp9YaPSbtirOGts.zZK99q',NULL,NULL,NULL,1,'2014-08-22 09:16:09','2014-08-22 09:16:09','23.239.15.217','23.239.15.217','2014-08-22 09:16:09','2014-08-22 09:16:09'),(82,'esihaj@gmail.com','$2a$10$GqSPTKc1ACWUgbuvGpNsUeB0oqV47Hwd0IC3626PnUr1ie9ncH6hW',NULL,NULL,NULL,1,'2014-08-22 09:16:23','2014-08-22 09:16:23','172.245.211.214','172.245.211.214','2014-08-22 09:16:23','2014-08-22 09:16:23'),(83,'zaziminejad@yahoo.com','$2a$10$O6G/BPdAChOQOI8fCByjk.1Tp8nA4fbNKIVaOphnJq4FZZh0df/6u',NULL,NULL,NULL,1,'2014-08-22 09:17:46','2014-08-22 09:17:46','151.240.80.80','151.240.80.80','2014-08-22 09:17:46','2014-08-22 09:17:46'),(84,'shamim1386@yahoo.com','$2a$10$MPYUgo3VM7/FWIa1QXOk2.SVCjaa3yNHgrX.NuSrfLK0CfuXSdd52',NULL,NULL,NULL,1,'2014-08-22 09:25:37','2014-08-22 09:25:37','163.119.100.43','163.119.100.43','2014-08-22 09:25:37','2014-08-22 09:25:37'),(85,'hamid_manchester7@yahoo.com','$2a$10$Usbx5//hjfqwFZney3OmH.wPpQ98g87Z0zhd6wb7YkbijbsML/dp6',NULL,NULL,NULL,1,'2014-08-22 09:35:49','2014-08-22 09:35:49','80.255.2.226','80.255.2.226','2014-08-22 09:35:49','2014-08-22 09:35:49'),(86,'a1h3t7k3@gmail.com','$2a$10$fKyWFV4REh5BjNyiqljvFuVEZMVDnTy7AUwQN0t3ofNX/yN.UHI7.',NULL,NULL,'2014-08-26 08:20:42',3,'2014-08-26 08:20:42','2014-08-24 10:14:37','109.125.147.126','172.16.32.46','2014-08-22 09:39:16','2014-08-26 08:20:42'),(87,'minif73@gmail.com','$2a$10$onWl534v.qsic0o6XNi23OSt6Vpwbs6aYGV6SL3LDHo0yIto8vRp.',NULL,NULL,NULL,5,'2014-08-26 07:51:41','2014-08-26 05:52:44','2.178.42.144','2.178.42.144','2014-08-22 09:48:55','2014-08-26 07:51:41'),(88,'ee.a.fallah@gmail.com','$2a$10$X12PAFhoo.xyjfKwIt..6.J9NENfST2.saBsVCkYIfOUecss0SL4C',NULL,NULL,NULL,1,'2014-08-22 09:54:42','2014-08-22 09:54:42','151.234.141.83','151.234.141.83','2014-08-22 09:54:41','2014-08-22 09:54:42'),(89,'mzh.ariann@gmail.com','$2a$10$y8qE/5hmVN1UklQM/dUlfeM0.vy4FvVPfooxPKNBI5zJ.NrIdO4b.',NULL,NULL,NULL,4,'2014-08-25 09:47:34','2014-08-24 10:01:05','172.16.145.85','172.16.145.81','2014-08-22 09:57:24','2014-08-25 09:47:34'),(90,'aew.1415@gmail.com','$2a$10$g2qZ3pMFnpbueW3/yRSp8uf0gDtogxFsuPLjablLc1FNIXVvULiZi',NULL,NULL,NULL,1,'2014-08-22 10:02:51','2014-08-22 10:02:51','65.49.2.179','65.49.2.179','2014-08-22 10:02:51','2014-08-22 10:02:51'),(91,'amvaleh@gmail.com','$2a$10$m7QEgPwZdlpQTXmWMif9.ejlMlZ3MpZLZPRMO2cltJUC/u0bznql2',NULL,NULL,NULL,2,'2014-08-22 10:20:57','2014-08-22 10:18:13','2.176.26.97','72.46.154.221','2014-08-22 10:18:13','2014-08-22 10:20:57'),(92,'moniriamirhosein@yahoo.com','$2a$10$iT93zl1zRr0SM0/QZCCDOOU5dQlGSOV4NmEaIY0I2xbfCOh0fkUBW',NULL,NULL,NULL,2,'2014-08-22 10:41:44','2014-08-22 10:37:48','91.133.141.10','91.133.141.10','2014-08-22 10:37:48','2014-08-22 10:41:44'),(93,'mahsa.abadian@gmail.com','$2a$10$cTCt.JKHYkyHCAequj9R1e7M/YGr4DEqOzYt03h9w7RuCVegIpVUy',NULL,NULL,NULL,1,'2014-08-22 11:10:56','2014-08-22 11:10:56','151.242.250.194','151.242.250.194','2014-08-22 11:10:56','2014-08-22 11:10:56'),(94,'bobniroomand@yahoo.com','$2a$10$/.Gumtgx2Zd9a8j6CUNE0.8XRv.Ti5OAHmyAS2OtneKvy/X2fgOCC',NULL,NULL,NULL,1,'2014-08-22 11:18:41','2014-08-22 11:18:41','37.130.227.213','37.130.227.213','2014-08-22 11:18:41','2014-08-22 11:18:41'),(95,'farzad92sh@gmail.com','$2a$10$iiB0z3u85F/wBWpzjORcze8V.GNRXAzKav.ZXV0AKYSu6N.9v.SYG',NULL,NULL,NULL,1,'2014-08-22 11:27:54','2014-08-22 11:27:54','178.33.26.229','178.33.26.229','2014-08-22 11:27:54','2014-08-22 11:27:54'),(96,'saeed.gody@gmail.com','$2a$10$U1SGRRKy.tMFz0EVPC9Th.8rSS9aDlPfha7uTT9bUa0Gp.zBdj39q',NULL,NULL,NULL,1,'2014-08-22 11:49:51','2014-08-22 11:49:51','5.238.158.75','5.238.158.75','2014-08-22 11:49:51','2014-08-22 11:49:51'),(97,'sabadadsetan@yahoo.com','$2a$10$F/H7DtBI6iYmVz0Nu.GrIO3gWBtQn5iaoo8XUWryh/6Cpw2EYAKpK',NULL,NULL,NULL,1,'2014-08-22 11:55:54','2014-08-22 11:55:54','65.49.68.148','65.49.68.148','2014-08-22 11:55:54','2014-08-22 11:55:54'),(98,'sepehr.9210@gmail.com','$2a$10$r9G3RtZSC55kT1h8L5GP6uhASqsm2d2Yi6zwpDDzTSWk1LSJ6.pfK',NULL,NULL,NULL,1,'2014-08-22 12:01:43','2014-08-22 12:01:43','131.234.51.127','131.234.51.127','2014-08-22 12:01:43','2014-08-22 12:01:43'),(99,'erfaniannegar@yahoo.com','$2a$10$Ssgkd8bYPkSb2ezUy3JUceR02axB3NUEd8UwHGzMMk1L9XEAfqbxi',NULL,NULL,NULL,1,'2014-08-22 12:15:10','2014-08-22 12:15:10','176.58.122.185','176.58.122.185','2014-08-22 12:15:10','2014-08-22 12:15:10'),(100,'m.afshin93@gmail.com','$2a$10$CGjNEXu4kB0uUy22n2lmD.vlbmC0ZujuoNku8ixgyNlf.8BVs32JS',NULL,NULL,NULL,3,'2014-08-25 11:32:24','2014-08-25 10:18:42','212.33.197.184','212.33.197.184','2014-08-22 12:16:13','2014-08-25 11:32:24'),(101,'arad.mokhtari@gmail.com','$2a$10$pGUVBoC6Up//2Qf/Ovo1FOOkTZ92ZWRVFk/XgY3BcUidKcoBqQa/O',NULL,NULL,NULL,1,'2014-08-22 12:40:17','2014-08-22 12:40:17','146.185.24.140','146.185.24.140','2014-08-22 12:40:17','2014-08-22 12:40:17'),(102,'sayerushan@yahoo.com','$2a$10$3HTLEdQ867MGgxxerClPCO/DSMFQ32ean7GvSQPX.RWxf4K0N60bi',NULL,NULL,NULL,1,'2014-08-22 13:02:37','2014-08-22 13:02:37','67.212.229.166','67.212.229.166','2014-08-22 13:02:37','2014-08-22 13:02:37'),(103,'fatemeh83fathi@gmail.com','$2a$10$eJ.CYnE1nFuVswdvkuzlbuUSitoO5D1XmytGACLEWvqxYHHJ4P3yK',NULL,NULL,NULL,4,'2014-08-26 12:14:29','2014-08-26 06:19:04','172.16.111.163','172.16.111.163','2014-08-22 13:09:49','2014-08-26 12:14:29'),(104,'mehrnoosh.raoufi@yahoo.com','$2a$10$pjSFqoY5UOSrrO3FJWr8DOlM0gQa6frewHH5nL/JAeIHeZYBdHIFe',NULL,NULL,NULL,1,'2014-08-22 13:13:23','2014-08-22 13:13:23','95.211.144.35','95.211.144.35','2014-08-22 13:13:23','2014-08-22 13:13:23'),(105,'ali.nosrati72@yahoo.com','$2a$10$vRu/QtRTo4n5oyeGiGbOaeUiVnNqtAxzRH6zoBqaSnFTkpKc11cAy',NULL,NULL,'2014-08-26 02:23:11',9,'2014-08-26 02:23:11','2014-08-25 10:20:04','172.16.32.80','92.50.14.211','2014-08-22 13:18:05','2014-08-26 02:23:11'),(106,'mhosseinitoudeshki@yahoo.com','$2a$10$6VqhAQOI0O1cqiPDY.9eC.3wBsz/0BUEfdI99bWgeaGJwUTk.VN0u',NULL,NULL,NULL,1,'2014-08-22 13:28:39','2014-08-22 13:28:39','2.146.23.38','2.146.23.38','2014-08-22 13:28:39','2014-08-22 13:28:39'),(107,'fahimehsepehripour@gmail.com','$2a$10$y1c0CpY6caSxhw6YPaKdduYnbttqZ4hrN45qEqt4rq5zi6vIV7x8a',NULL,NULL,NULL,2,'2014-08-23 10:15:27','2014-08-22 13:33:03','2.179.157.155','2.179.157.143','2014-08-22 13:33:03','2014-08-23 10:15:27'),(108,'a.rezaeetabar@gmail.com','$2a$10$cECS8bhPvRYC6jJK47aNXOHChpuaxpYj76SCV5XDR3v2evdy7/K6O',NULL,NULL,NULL,1,'2014-08-22 13:44:51','2014-08-22 13:44:51','2.177.142.144','2.177.142.144','2014-08-22 13:44:51','2014-08-22 13:44:51'),(109,'mahsaparsa92@gmail.com','$2a$10$mR1VSkJAX5xiVMv7wt.8cujuvn5bo4HUeVjDPSjIsr73QoXTecF92',NULL,NULL,NULL,1,'2014-08-22 14:02:26','2014-08-22 14:02:26','64.62.201.15','64.62.201.15','2014-08-22 14:02:26','2014-08-22 14:02:26'),(110,'nimaqod@gmail.com','$2a$10$/UP/HlRf7AK31cnG8gMHqOksHz45SwjvRgP4C/.ZY2SMdSK6Q8pBS',NULL,NULL,NULL,1,'2014-08-22 14:12:14','2014-08-22 14:12:14','91.99.62.60','91.99.62.60','2014-08-22 14:12:14','2014-08-22 14:12:14'),(111,'nimmin1993@gmail.com','$2a$10$6VrUZpjMR9djiDGND.C68.niI3U.N3MBI8YqrmPz3GXGf6FD3qFS2',NULL,NULL,NULL,1,'2014-08-22 14:16:44','2014-08-22 14:16:44','2.185.226.79','2.185.226.79','2014-08-22 14:16:44','2014-08-22 14:16:44'),(112,'moj.yahoo91@gmail.com','$2a$10$1Hth.KAK83oPn6EDuecmhOLCd2p//RxLrLbqy7sz0MyBTP5yX3Y3O',NULL,NULL,NULL,1,'2014-08-22 14:20:17','2014-08-22 14:20:17','151.238.152.206','151.238.152.206','2014-08-22 14:20:17','2014-08-22 14:20:17'),(113,'homayoonfarrahi@yahoo.com','$2a$10$z7m97IIQx7madMcZHIJGnOwbvbz27ORzpK2UFTtswFdf72bm49q4G',NULL,NULL,NULL,1,'2014-08-22 14:28:38','2014-08-22 14:28:38','46.62.147.171','46.62.147.171','2014-08-22 14:28:38','2014-08-22 14:28:38'),(114,'sinagh92@gmail.com','$2a$10$rQEgs3FYV8OK7W3hLg1XAOBGvUjA3fc/97wvTFmlLsZymu/F4IZVm',NULL,NULL,'2014-08-23 17:00:25',3,'2014-08-24 10:09:07','2014-08-23 17:00:25','172.16.37.221','76.164.206.107','2014-08-22 14:30:00','2014-08-24 10:09:07'),(115,'behnam.ousat@gmail.com','$2a$10$n5/VZYgz8zDk6BXC8EUCTeL0tYBSYpVzBmvsKt58QeYsgfkY5NsaC',NULL,NULL,'2014-08-26 18:48:31',2,'2014-08-26 18:48:31','2014-08-22 14:39:44','151.245.145.191','151.245.158.9','2014-08-22 14:39:43','2014-08-26 18:48:31'),(116,'mtbadakhshan@gmail.com','$2a$10$0dofkDbXpjt/5sgiVQHKU.E54VvFdyhdhVp47tR6gFBBHrvE8Dpta',NULL,NULL,NULL,1,'2014-08-22 14:46:38','2014-08-22 14:46:38','198.105.214.101','198.105.214.101','2014-08-22 14:46:38','2014-08-22 14:46:38'),(117,'s.zareae@yahoo.com','$2a$10$OsKdRcEYQua/gPej3u2YheynCjroUs8JuXUaJ5w74uwFU35MDkDiu',NULL,NULL,NULL,1,'2014-08-22 14:49:06','2014-08-22 14:49:06','86.57.79.58','86.57.79.58','2014-08-22 14:49:06','2014-08-22 14:49:06'),(118,'m4hd1r@yahoo.com','$2a$10$H3.hFE7BFFdCJpgDTqdTz.DRlRHUiixz3b1sZIjOh8h30kir69rpu',NULL,NULL,NULL,1,'2014-08-22 14:57:42','2014-08-22 14:57:42','95.82.59.94','95.82.59.94','2014-08-22 14:57:42','2014-08-22 14:57:42'),(119,'mokhberimaryam@gmail.com','$2a$10$eqI1mIKoOuCyOPoHkC.yCujwuI4p28cHftVR2UJoAN7oi3hiWaUke',NULL,NULL,'2014-08-24 00:13:50',4,'2014-08-26 02:50:16','2014-08-24 17:35:32','209.195.75.176','209.195.75.176','2014-08-22 15:19:50','2014-08-26 02:50:16'),(120,'motallebi.mohammadhossein@gmail.com','$2a$10$TgjVV5ltMmEtQv2xOIe.C.G0WOQ/rysv.wLVy1Baaa/ikgw3kWKnK',NULL,NULL,NULL,1,'2014-08-22 15:26:32','2014-08-22 15:26:32','151.243.36.12','151.243.36.12','2014-08-22 15:26:32','2014-08-22 15:26:32'),(121,'hj842@yahoo.com','$2a$10$/Z/78sVvtC40acpZ9XM8pO0IS5kRSHRwAfNbiOm2SqadMxg0FJV3K',NULL,NULL,NULL,1,'2014-08-22 15:45:47','2014-08-22 15:45:47','37.63.140.156','37.63.140.156','2014-08-22 15:45:47','2014-08-22 15:45:47'),(122,'moghim.yfz@gmail.com','$2a$10$uyJtvUTM7hR1IpCAgWwMjOEiFY7UBtMjSwT8SdMzRWJ0j1cr1xwai',NULL,NULL,NULL,3,'2014-08-25 05:26:42','2014-08-25 02:36:34','81.91.156.99','2.190.9.99','2014-08-22 16:07:43','2014-08-25 05:26:42'),(123,'mborghei@ut.ac.ir','$2a$10$pzkjAXcqkzJ57WEpKJ6f1ezEjsdypaC.MryD3siSI12Aw3rWerq8.',NULL,NULL,NULL,1,'2014-08-22 16:27:01','2014-08-22 16:27:01','151.244.181.5','151.244.181.5','2014-08-22 16:27:01','2014-08-22 16:27:01'),(124,'fateme.shahrabi_f@yahoo.com','$2a$10$isj2GznxVZA1qZKfA07eDucitEs8IyaYpFEKxFxsetox9.yjdrTWa',NULL,NULL,NULL,2,'2014-08-23 16:43:35','2014-08-22 16:30:27','172.16.84.238','5.238.196.203','2014-08-22 16:30:27','2014-08-23 16:43:35'),(125,'mahdisheikhzadeh8@gmail.com','$2a$10$iYn3ikHbTJbU1qS34vAqAeO5wWTwKiPO94BS2WQ31zfbCBHZy.xT2',NULL,NULL,NULL,1,'2014-08-22 16:30:35','2014-08-22 16:30:35','5.237.139.234','5.237.139.234','2014-08-22 16:30:35','2014-08-22 16:30:35'),(126,'behrad_soley@yahoo.com','$2a$10$ZWLINnbVem8LiqDHfWw0puoJ.9fn5XD7UNIkJkBUf39DVzbz5mmNO',NULL,NULL,NULL,2,'2014-08-23 04:02:44','2014-08-22 16:34:12','5.52.197.26','5.52.86.200','2014-08-22 16:34:12','2014-08-23 04:02:44'),(127,'mahyar.abbasian@yahoo.com','$2a$10$w84cuBEZAeRawn4GEwS.nuV6hP/3nM0EIbxTuiBeefRJFqvMnisDK',NULL,NULL,NULL,1,'2014-08-22 16:40:08','2014-08-22 16:40:08','37.44.61.217','37.44.61.217','2014-08-22 16:40:08','2014-08-22 16:40:08'),(128,'afsharnia73@gmail.com','$2a$10$V/WwA3khBnZ.mZ5nOX8SUeCgDdV6Y.uD5Sun5.Naw83l0VMKwSAHm',NULL,NULL,NULL,1,'2014-08-22 16:46:54','2014-08-22 16:46:54','5.52.68.66','5.52.68.66','2014-08-22 16:46:53','2014-08-22 16:46:54'),(129,'hmdhasani@hotmail.com','$2a$10$VT0OEFUcz1BKVwVH3Edyn.QdveX.tBCf8k2QOxX4oEnMd5ycGm3mK',NULL,NULL,NULL,4,'2014-08-26 03:28:54','2014-08-25 05:55:07','172.16.111.171','172.16.111.171','2014-08-22 17:29:58','2014-08-26 03:28:54'),(130,'a.faghihifar@gmail.com','$2a$10$NFdKEKtGoQwjSdzXPmIuref3thN0DK8PNxQGv3Wl4QLisXWR.v3iG',NULL,NULL,NULL,1,'2014-08-22 17:33:37','2014-08-22 17:33:37','65.49.2.178','65.49.2.178','2014-08-22 17:33:37','2014-08-22 17:33:37'),(131,'javadfallah@ut.ac.ir','$2a$10$r1R8DB2uITCf54KeuHNKpeXVKg2DQdbTOOPGfywRqU/5x71ERLv3e',NULL,NULL,NULL,1,'2014-08-22 17:39:28','2014-08-22 17:39:28','217.218.125.50','217.218.125.50','2014-08-22 17:39:28','2014-08-22 17:39:28'),(132,'me.feghhi@gmail.com','$2a$10$yTgt/ktTwZCabeT3Hiv2SOVrmuDIlePoDobVYJ7XHGiygnskpJQwe',NULL,NULL,NULL,1,'2014-08-22 17:51:57','2014-08-22 17:51:57','174.127.80.20','174.127.80.20','2014-08-22 17:51:57','2014-08-22 17:51:57'),(133,'sadra.delir@gmail.com','$2a$10$RMXhbOwdoXR97rhChp.8NOs5GtCENInkAlvuYY/9fHuqd03HfJ2Tq',NULL,NULL,NULL,3,'2014-08-26 07:16:01','2014-08-23 05:32:34','31.25.130.253','188.75.87.130','2014-08-22 17:57:53','2014-08-26 07:16:01'),(134,'owling1@gmail.com','$2a$10$Lu0C4JAcMgc2kjJb0NHG.OQP2uKHa/VGZdJhp3TEsJ9aRLt0owZ0K',NULL,NULL,NULL,1,'2014-08-22 17:58:02','2014-08-22 17:58:02','72.46.134.227','72.46.134.227','2014-08-22 17:58:02','2014-08-22 17:58:02'),(135,'samiemostafavi@gmail.com','$2a$10$CHibP438vKIASQqqaN/aUegUIe3/odTmbyvrNrVF94WgGyL67JDJO',NULL,NULL,NULL,5,'2014-08-26 02:29:59','2014-08-24 13:27:37','188.245.48.222','172.17.113.230','2014-08-22 18:03:08','2014-08-26 02:29:59'),(136,'alizafari1373@gmail.com','$2a$10$klaTxpP6ImbU8wr2kg9N.Oyts4N3wnSZnv2tnTAnsQNIx9B7DQpIe',NULL,NULL,NULL,2,'2014-08-27 05:37:02','2014-08-22 18:09:23','172.17.115.211','109.162.229.93','2014-08-22 18:09:23','2014-08-27 05:37:02'),(137,'r22009@gmail.com','$2a$10$5rPCqzTe0NqRnZc/Cq1ri.p/xzO.WAk6b6uiDmqghGKNmxzEeAtSa',NULL,NULL,NULL,8,'2014-08-27 04:54:50','2014-08-26 17:49:41','37.254.13.90','37.254.13.90','2014-08-22 18:37:28','2014-08-27 04:54:50'),(138,'kasramadayen@yahoo.com','$2a$10$PQSEmokZrMyZBzrCrqbehuWWcL0CJ1/hXNCKSqYDhm2fAJ9DRqTqu',NULL,NULL,NULL,5,'2014-08-27 05:45:23','2014-08-23 13:37:44','172.17.113.132','46.164.65.157','2014-08-22 18:41:17','2014-08-27 05:45:23'),(139,'kimiak94@yahoo.com','$2a$10$7D9MNknzk1zg0Me/pLJC4e4A2xqMzXI93J1av1cluMEo2JdpUzBPq',NULL,NULL,NULL,3,'2014-08-27 06:07:00','2014-08-22 19:27:33','2.176.13.212','2.176.22.60','2014-08-22 18:47:25','2014-08-27 06:07:00'),(140,'ali.3pehri@yahoo.com','$2a$10$2998YR6iAaW2.pcvA0HnEuU2H5PFyElD4rcURw3dYY3lqvWfumhay',NULL,NULL,'2014-08-23 04:55:42',3,'2014-08-23 04:55:42','2014-08-22 20:10:16','95.81.99.241','95.81.99.241','2014-08-22 18:52:11','2014-08-23 04:55:42'),(141,'hkeshir@gmail.com','$2a$10$zZnskroAUslDdwYq4Lbdh.4G0H9aBJ8mnAmasbOuHaEYEWNTt0Lm6',NULL,NULL,NULL,1,'2014-08-22 18:57:02','2014-08-22 18:57:02','109.125.153.51','109.125.153.51','2014-08-22 18:57:02','2014-08-22 18:57:02'),(142,'soheil_nazar@yahoo.com','$2a$10$/XrRNpv0CbpzCqNiuMk30enCOw9XZYcjx1U1WHHRCKtLAN5tHTdFq',NULL,NULL,NULL,1,'2014-08-22 19:35:10','2014-08-22 19:35:10','91.99.29.122','91.99.29.122','2014-08-22 19:35:10','2014-08-22 19:35:10'),(143,'nezami.jamal@ut.ac.ir','$2a$10$k47Hg4/42a3UBnJisXMI6uCvCYyzRYAeZnpMdWDBLP2.3R2PQqvGW',NULL,NULL,NULL,1,'2014-08-22 19:47:31','2014-08-22 19:47:31','91.98.13.239','91.98.13.239','2014-08-22 19:47:31','2014-08-22 19:47:31'),(144,'nimamasoumi1@gmail.com','$2a$10$d6ltiW6Z7gw9QQ/uydRSou5YF5ROyrmLR1EgGW/JjiJMTu7wm9t2C',NULL,NULL,NULL,1,'2014-08-22 19:55:47','2014-08-22 19:55:47','5.161.31.44','5.161.31.44','2014-08-22 19:55:47','2014-08-22 19:55:47'),(145,'a_bahramali@yahoo.com','$2a$10$TAE0SKwZW9BfYT17jbkGNuF5wDyZoQFaofPJBSQVB5CZDH5gOz9oS',NULL,NULL,NULL,1,'2014-08-22 20:17:18','2014-08-22 20:17:18','91.98.222.16','91.98.222.16','2014-08-22 20:17:18','2014-08-22 20:17:18'),(146,'ahpwsog@gmail.com','$2a$10$3jIz5akXgyuLXvsRKxh9ROUSRMbYq4jBTrTUhs3V/Gh2tJZusEoz2',NULL,NULL,NULL,1,'2014-08-22 20:18:16','2014-08-22 20:18:16','91.99.83.123','91.99.83.123','2014-08-22 20:18:16','2014-08-22 20:18:16'),(147,'reret4@gmail.com','$2a$10$KmU98RvPzHqbeMnhOUbsZumCresYYNvXi0tQpJi83AbDQqlFy9T7C',NULL,NULL,NULL,1,'2014-08-22 20:31:12','2014-08-22 20:31:12','91.121.253.120','91.121.253.120','2014-08-22 20:31:12','2014-08-22 20:31:12'),(148,'nima.tmac@yahoo.com','$2a$10$fiun/6or4R.5KHUIN7SO7.dBwM9MOH3lA1S/wqh9ZWBwA8MgynerG',NULL,NULL,NULL,4,'2014-08-26 09:16:10','2014-08-24 21:35:26','5.200.190.90','65.49.2.180','2014-08-22 20:51:53','2014-08-26 09:16:10'),(149,'narges_alavi2012@yahoo.com','$2a$10$HH36z0aqOHyRQz9LTiJ3ce9BgmqWoA0xPA6MKKmE1d.EpGbY6bR4a',NULL,NULL,NULL,1,'2014-08-22 21:44:35','2014-08-22 21:44:35','5.223.192.203','5.223.192.203','2014-08-22 21:44:35','2014-08-22 21:44:35'),(150,'meisamtaher@yahoo.com','$2a$10$SDVgDvoi8wlTihfzaB9SAOkanGfXVugrnuyj9PD/HMV4LTCoB5Ig2',NULL,NULL,NULL,1,'2014-08-22 21:56:55','2014-08-22 21:56:55','192.254.75.179','192.254.75.179','2014-08-22 21:56:55','2014-08-22 21:56:55'),(151,'sajad.n@gmail.com','$2a$10$JnNHWbHdcBLR3f7pKPk40OmJlwYEgCfUOVRfe4M1xXLf8PnEK.tjC',NULL,NULL,NULL,1,'2014-08-23 02:52:45','2014-08-23 02:52:45','109.162.147.0','109.162.147.0','2014-08-23 02:52:45','2014-08-23 02:52:45'),(152,'parisa.alirezaee@yahoo.com','$2a$10$nJW2QLc2wgmpV9XPIIyHueP9LWHk5uaVEkxug3j5wpCR6d2NCSR2O',NULL,NULL,NULL,1,'2014-08-23 03:05:59','2014-08-23 03:05:59','199.119.128.26','199.119.128.26','2014-08-23 03:05:59','2014-08-23 03:05:59'),(153,'hzandi72@gmail.com','$2a$10$w7Lri3E/42QUDp.wDfFGWeX2ZAe2.R2QMxcQGOrdMXlBPpCGS26Nq',NULL,NULL,NULL,3,'2014-08-23 09:21:21','2014-08-23 04:44:24','172.16.32.51','5.52.52.203','2014-08-23 04:38:40','2014-08-23 09:21:21'),(154,'elahi2m@yahoo.com','$2a$10$15NxigGKqqXvjBuZ1zFk5ukK9.e/DXWoQVK30X.t41eJSwHDHwvhO',NULL,NULL,NULL,2,'2014-08-26 06:51:30','2014-08-23 05:03:24','172.16.32.89','46.224.35.190','2014-08-23 05:03:24','2014-08-26 06:51:30'),(155,'ehsan-nouri@live.com','$2a$10$j7GVopAJboJBvystxAFuiOqj261u6ZeHmzIRZPNqzyWYH2PBn6XVm',NULL,NULL,NULL,1,'2014-08-23 05:13:09','2014-08-23 05:13:09','91.98.26.162','91.98.26.162','2014-08-23 05:13:09','2014-08-23 05:13:09'),(156,'emami.melika@yahoo.com','$2a$10$Sv37U9xQwuuT2qzWfEfBNu1bes9qPXqVHMliz6xjbb94bZkpjfHy2',NULL,NULL,NULL,1,'2014-08-23 05:31:34','2014-08-23 05:31:34','151.240.67.2','151.240.67.2','2014-08-23 05:31:34','2014-08-23 05:31:34'),(157,'peymanzeynali@yahoo.com','$2a$10$b5tNWvFYscJoSW3OsWSKU.0uIy11qq/cOlN/uqB6La2BIP2CevtL6',NULL,NULL,NULL,2,'2014-08-25 21:05:16','2014-08-23 05:45:13','2.180.35.194','2.180.5.26','2014-08-23 05:45:13','2014-08-25 21:05:16'),(158,'ramtung@gmail.com','$2a$10$JVSY8jtnPyWWL5CpIcS0q.4Vsi3q9m99t0ziOzV3m1K9MOEE2MZA.',NULL,NULL,NULL,1,'2014-08-23 05:55:09','2014-08-23 05:55:09','172.16.32.59','172.16.32.59','2014-08-23 05:55:09','2014-08-23 05:55:09'),(159,'seddighi.alireza@gmail.com','$2a$10$HLrLFe0hmELsBTmDk1Ge8eWVmUCISpLAmDrbYqFXrfYrJo2Xnz3u2',NULL,NULL,NULL,1,'2014-08-23 06:03:49','2014-08-23 06:03:49','172.16.32.45','172.16.32.45','2014-08-23 06:03:49','2014-08-23 06:03:49'),(160,'paniz.parastar@yahoo.com','$2a$10$VQ5u8LWJLQ7ZZff7qfqznugFhfykMc5P6nLtZ.AU511LVgrNK2DQ2',NULL,NULL,NULL,1,'2014-08-23 06:16:30','2014-08-23 06:16:30','2.179.127.215','2.179.127.215','2014-08-23 06:16:30','2014-08-23 06:16:30'),(161,'prsbeygi@gmail.com','$2a$10$ibeGluY.8jqmR4EuLMNM5.0gC4OBEANRsAXkCYmNtjZKx3khqz0ES',NULL,NULL,NULL,3,'2014-08-24 11:20:58','2014-08-23 17:26:38','89.165.4.189','188.158.21.63','2014-08-23 06:30:31','2014-08-24 11:20:58'),(162,'lordnet1371@gmail.com','$2a$10$ot25n59GOMpl9d0rahV04ezdqh8mokrvK1zbJc.ORSc1Ij3PYtwwq',NULL,NULL,NULL,1,'2014-08-23 06:30:49','2014-08-23 06:30:49','37.255.51.165','37.255.51.165','2014-08-23 06:30:49','2014-08-23 06:30:49'),(163,'arminkarimi@ut.ac.ir','$2a$10$poaRrvxDjowoec1HhuyQyuq9XxzJcf8Dvc/AGyRjRWC41qjRGrsWe',NULL,NULL,NULL,3,'2014-08-27 03:30:07','2014-08-23 06:42:48','95.82.109.39','95.82.98.140','2014-08-23 06:38:40','2014-08-27 03:30:07'),(164,'sepehr.sameni@ut.ac.ir','$2a$10$OWOvPWjUa5RnWfpjRQWak.lvuuX82Pcictv61f.Hclc6l6DIIEW2.',NULL,NULL,'2014-08-24 13:24:32',3,'2014-08-24 18:11:07','2014-08-24 13:24:32','46.62.175.86','91.99.60.82','2014-08-23 06:49:17','2014-08-24 18:11:07'),(165,'ebrahimshalbafi@ut.ac.ir','$2a$10$.l0WlAH4WPNLinL7eui31efDjlP7661YbywRG1TVclV7FGQ.9FzfC',NULL,NULL,NULL,4,'2014-08-27 04:18:51','2014-08-26 17:07:04','2.187.174.23','2.187.189.225','2014-08-23 07:15:20','2014-08-27 04:18:51'),(166,'ashkanxoxoxo@gmail.com','$2a$10$bK0ewE8ivA/okpuTgEbgMeCQUwhPxvTiM.E1JOI4lCr8AkdphJf6C',NULL,NULL,NULL,3,'2014-08-25 09:59:31','2014-08-23 09:47:43','46.209.253.66','46.165.232.213','2014-08-23 07:49:30','2014-08-25 09:59:31'),(167,'mohsenghaderi_001@yahoo.com','$2a$10$Ov44yNjjGS5fmVNG3O70/OIy.xC/ivcGP25UQrzvTmmSy94w.Dutu',NULL,NULL,'2014-08-24 08:51:40',3,'2014-08-24 12:44:40','2014-08-24 08:51:41','172.17.118.202','172.17.119.216','2014-08-23 07:59:04','2014-08-24 12:44:40'),(168,'javadaliakbari0@gmail.com','$2a$10$ddHbTAwrd7cjY0oF2b01QutWOHzL3o/WO/wV5QVTX8G33sEDPop0y',NULL,NULL,NULL,3,'2014-08-27 05:54:43','2014-08-25 13:38:56','2.179.85.232','5.236.248.70','2014-08-23 08:14:13','2014-08-27 05:54:43'),(169,'azadebadali@gmail.com','$2a$10$LhEyX40KJygrQeK/8Aozr.JPQG1VjbbS.H5mdVE4IoJu51.yHhi/O',NULL,NULL,NULL,3,'2014-08-25 10:09:50','2014-08-23 16:26:54','172.16.32.51','2.190.11.135','2014-08-23 10:19:53','2014-08-25 10:09:50'),(170,'sepidehbod.93@gmail.com','$2a$10$10ivvlM6waYuaDjjoqIBy.KLvKmu5u1Kfrbr.kQAVLzbBdEsMHrDS',NULL,NULL,NULL,1,'2014-08-23 10:26:05','2014-08-23 10:26:05','178.253.51.161','178.253.51.161','2014-08-23 10:26:05','2014-08-23 10:26:05'),(171,'hsh9544@gmail.com','$2a$10$kJir1.BcV2HyOQqaxedTGOy3F2jXGjEZvZX2CN/d4xqI0hmoWCAJ.',NULL,NULL,NULL,1,'2014-08-23 10:46:01','2014-08-23 10:46:01','65.49.68.171','65.49.68.171','2014-08-23 10:46:00','2014-08-23 10:46:01'),(172,'salarjf4@gmail.com','$2a$10$soiUSi2eUvsLBH66oo4KQ.iaYmIO8ijyHmP5YRZrf/z8gGPnytV1W',NULL,NULL,NULL,2,'2014-08-24 09:44:08','2014-08-23 11:01:39','172.17.119.223','172.17.119.185','2014-08-23 11:01:39','2014-08-24 09:44:08'),(173,'maryam.ebrahimi25@yahoo.com','$2a$10$1ChOBogd6dFB4xaGBlDSUeDjN9Xt2ZibF7coLRUInq4IrsJwt.PN2',NULL,NULL,NULL,1,'2014-08-23 11:05:20','2014-08-23 11:05:20','37.98.56.93','37.98.56.93','2014-08-23 11:05:20','2014-08-23 11:05:20'),(174,'mahdavian.ali5774@gmail.com','$2a$10$U59sH7zry4.vOO64THgR.uAheeDrE6/6eR76QZBD/QOogs5/9yVfK',NULL,NULL,NULL,1,'2014-08-23 11:50:34','2014-08-23 11:50:34','5.52.73.188','5.52.73.188','2014-08-23 11:50:34','2014-08-23 11:50:34'),(175,'z.b.etemadian@gmail.com','$2a$10$CWfn/rkZzN.MHQ4ccdBAtOAslXENETeEXyOnJKEOkXDkfw3U1W7qS',NULL,NULL,NULL,1,'2014-08-23 13:02:45','2014-08-23 13:02:45','172.16.142.88','172.16.142.88','2014-08-23 13:02:45','2014-08-23 13:02:45'),(176,'vishgahsooghe@gmail.com','$2a$10$qrHxmTCIGPpTXIHqscr/Des64oKh34cKXnacc2TNXD/5fSfTySJzK',NULL,NULL,NULL,1,'2014-08-23 13:51:12','2014-08-23 13:51:12','172.16.32.25','172.16.32.25','2014-08-23 13:51:12','2014-08-23 13:51:12'),(177,'mehdithreem@gmail.com','$2a$10$qQPqWslQ/ooYT01BQJtbpeEN2.MXCJRJM/YIfDnUJmXVjhbnSFEPi',NULL,NULL,NULL,1,'2014-08-23 14:48:51','2014-08-23 14:48:51','95.38.195.97','95.38.195.97','2014-08-23 14:48:51','2014-08-23 14:48:51'),(178,'saene71@yahoo.com','$2a$10$hKv4Pkf.36DuvFtJijrgs.5g5I3oRVeahENph0WiO2YfQP1YPhWdy',NULL,NULL,NULL,1,'2014-08-23 14:55:17','2014-08-23 14:55:17','173.255.141.186','173.255.141.186','2014-08-23 14:55:17','2014-08-23 14:55:17'),(179,'msdpcalali@gmail.com','$2a$10$BrScczHv/HP/r4N/nM2GnuSc9REyGLaNV/IDsIjyL/Kr6gUrJ2SmK',NULL,NULL,NULL,3,'2014-08-26 20:35:50','2014-08-23 16:53:37','37.63.130.53','188.159.26.155','2014-08-23 16:34:30','2014-08-26 20:35:50'),(180,'test2@test2.com','$2a$10$zIXpe0IsDwgPqw0md5i15uiGCZI4Qbd/CG73Kd3H2skiyvkhABCka',NULL,NULL,NULL,1,'2014-08-23 16:50:59','2014-08-23 16:50:59','188.159.26.155','188.159.26.155','2014-08-23 16:50:59','2014-08-23 16:50:59'),(181,'saraj.no@gmail.com','$2a$10$flHapkg6CZSjXRTLCfLYhONH0K2Ec9oAP3YRLZPPKaOGVPjMvG.1O',NULL,NULL,NULL,3,'2014-08-27 06:49:58','2014-08-27 06:37:08','172.16.32.58','172.16.32.58','2014-08-23 17:45:16','2014-08-27 06:49:58'),(182,'mohi_6038550@yahoo.com','$2a$10$YcuZzJhYGKzlREjf78LNoOIjCfzZ/l2L.BoLPtMUqhjfOXfFzlxr.',NULL,NULL,NULL,1,'2014-08-23 18:02:33','2014-08-23 18:02:33','2.176.143.67','2.176.143.67','2014-08-23 18:02:32','2014-08-23 18:02:33'),(183,'alieneslami@yahoo.com','$2a$10$3NgdGoiHwRWRuUXgv81VpO8snskWu70.QucqB.1ggfuFPtT19pZXm',NULL,NULL,'2014-08-24 08:22:52',4,'2014-08-24 12:22:15','2014-08-24 08:22:52','5.202.21.97','5.202.21.97','2014-08-23 18:45:46','2014-08-24 12:22:15'),(184,'zare.masud@gmail.com','$2a$10$rk.EmVdbREdIc0U4E9JfNuqIlmhZpw0HKTm8FDOK37B7yEZL06RmC',NULL,NULL,NULL,6,'2014-08-25 08:16:03','2014-08-25 08:08:25','172.16.32.25','172.16.32.25','2014-08-23 19:48:03','2014-08-25 08:16:03'),(185,'mehrdad_naser_73@yahoo.com','$2a$10$Ggyi2OTzZrZagoAK8juYteWHanvEcmkUBBYZ2xnLON4fTfjj.3fsu',NULL,NULL,NULL,1,'2014-08-23 21:00:12','2014-08-23 21:00:12','46.62.243.186','46.62.243.186','2014-08-23 21:00:12','2014-08-23 21:00:12'),(186,'h.heydarian@ut.ac.ir','$2a$10$TvBW.pn9aQkeF06rSoqH2eq4fyz6JU7LmD95v/zUs9d9IeHp1aTki',NULL,NULL,NULL,1,'2014-08-24 05:00:56','2014-08-24 05:00:56','151.239.125.125','151.239.125.125','2014-08-24 05:00:56','2014-08-24 05:00:56'),(187,'yas.firouzabadi@yahoo.com','$2a$10$zV.wPDlOnVHNimHGtUC/GOQnyJeZOYq9YueuTgNCf4HFfgwyNOMUa',NULL,NULL,NULL,1,'2014-08-24 05:02:37','2014-08-24 05:02:37','5.161.28.101','5.161.28.101','2014-08-24 05:02:37','2014-08-24 05:02:37'),(188,'rehanahghayeni@yahoo.com','$2a$10$ZAaxjeSbeQimYu4UGIiBdu2WNkGk/LbLXPUBRAz/c2imkpakyCv.u',NULL,NULL,NULL,2,'2014-08-24 06:13:36','2014-08-24 05:47:50','5.232.2.201','5.232.2.201','2014-08-24 05:47:50','2014-08-24 06:13:36'),(189,'borghei71@gmail.com','$2a$10$Tj6yQiaEdXYLCMF1wK9FMexeX5PKBNXPjQfbAAESAuT49ZgPXAEJS',NULL,NULL,NULL,2,'2014-08-24 07:48:17','2014-08-24 06:11:51','5.117.195.110','172.16.32.57','2014-08-24 06:11:51','2014-08-24 07:48:17'),(190,'khalili_zahra@ut.ac.ir','$2a$10$tzjKp0VEvuFedh7sBcjLsOU.11XpXh565QgOJzZJoE0SzI0uNVOhO',NULL,NULL,NULL,1,'2014-08-24 06:28:30','2014-08-24 06:28:30','5.237.86.10','5.237.86.10','2014-08-24 06:28:30','2014-08-24 06:28:30'),(191,'smb1819855@yahoo.com','$2a$10$029rTB98Z1UN9BgmR0ZcuerRizezatKC/qZH2SNbpYnoMZWlgkYOS',NULL,NULL,NULL,1,'2014-08-24 07:48:58','2014-08-24 07:48:58','5.117.195.110','5.117.195.110','2014-08-24 07:48:58','2014-08-24 07:48:58'),(192,'mehrdad.baxtiari@gmail.com','$2a$10$qyTln6S08kG.8T5FaWZP9uOJgubcBTCwepi.c.LLWgL8Qqa5IfL7K',NULL,NULL,NULL,2,'2014-08-26 07:52:03','2014-08-24 09:08:15','188.75.73.34','188.75.73.34','2014-08-24 09:08:15','2014-08-26 07:52:03'),(193,'kasrasafari@gmail.com','$2a$10$UY5YhbMkEkE/9N9gCXZAA.CEUxuBnH6Xlln0em4SfnRb5DVRcUsi2',NULL,NULL,NULL,1,'2014-08-24 10:17:32','2014-08-24 10:17:32','91.99.47.146','91.99.47.146','2014-08-24 10:17:32','2014-08-24 10:17:32'),(194,'f.fami.2005@gmail.com','$2a$10$GMxvIEFG9wLL7MMxThfTM.gN1YLA/LcI/Z8epGxZI4zK0z6YF1rDK',NULL,NULL,NULL,1,'2014-08-24 10:29:17','2014-08-24 10:29:17','65.49.68.177','65.49.68.177','2014-08-24 10:29:17','2014-08-24 10:29:17'),(195,'atefeh.ir72@gmail.com','$2a$10$gIUehxbUdG/1UjmZS.HWMeNVflhQb0kqllNpbEADnRLA6Rv62Edpm',NULL,NULL,NULL,1,'2014-08-24 11:13:34','2014-08-24 11:13:34','130.255.204.39','130.255.204.39','2014-08-24 11:13:34','2014-08-24 11:13:34'),(196,'mh.saadatfar@gmail.com','$2a$10$XEnqWf5KfNP3IJEYYjbS7uFAvx1ZHyB12Ys/32VCZQ6rQIYAAeCH.',NULL,NULL,NULL,2,'2014-08-25 06:55:39','2014-08-24 11:18:21','5.39.126.55','5.39.126.55','2014-08-24 11:18:21','2014-08-25 06:55:39'),(197,'mrs.1372@yahoo.com','$2a$10$lDHjHlhuAMcRvpZbZkpjruxDTUhDm7NZVJVkItUd.Lf6lWaX4CBtO',NULL,NULL,NULL,1,'2014-08-24 11:44:12','2014-08-24 11:44:12','2.178.43.41','2.178.43.41','2014-08-24 11:44:12','2014-08-24 11:44:12'),(198,'h.aalizadeh@ut.ac.ir','$2a$10$QN0pSFn7/Cs2UFRDaJmiyuC7EFkp0LIkO2dlKThbKTxIn0uEOWS1W',NULL,NULL,NULL,2,'2014-08-26 12:15:51','2014-08-24 11:51:38','151.233.17.201','151.233.17.92','2014-08-24 11:51:38','2014-08-26 12:15:51'),(199,'n.f.azizi@gmail.com','$2a$10$vuPvOjT0p7B7OGECiNDdDOksgOXyqzGCEIDZifZJS8OWOgfc4SbDO',NULL,NULL,NULL,2,'2014-08-25 04:34:54','2014-08-24 13:28:07','172.16.32.11','172.16.32.11','2014-08-24 13:28:07','2014-08-25 04:34:54'),(200,'shahrzad.khorsand@gmail.com','$2a$10$1XyOsRQA9B902YSVMKmeJu8TvetaPz0b32NZCBaJA2KSo3xSbr3iu',NULL,NULL,NULL,1,'2014-08-24 18:09:18','2014-08-24 18:09:18','85.133.156.194','85.133.156.194','2014-08-24 18:09:18','2014-08-24 18:09:18'),(201,'mohibeyki@gmail.com','$2a$10$/tTp3Q97VnJ8.JJwmaSWquOZBgak1TUwC5jnnXkriEbt6npkK49IW',NULL,NULL,NULL,7,'2014-08-26 07:49:37','2014-08-26 06:58:08','172.17.118.250','172.17.119.179','2014-08-24 18:46:16','2014-08-26 07:49:37'),(202,'tiawiosl@emeil.ir','$2a$10$wJRlZMhCdb3YC651zX7amu6pJ62CKAZTS44WskmseUEso/fsPMJEy',NULL,NULL,NULL,1,'2014-08-24 18:57:47','2014-08-24 18:57:47','2.185.226.151','2.185.226.151','2014-08-24 18:57:47','2014-08-24 18:57:47'),(203,'izn1987@yahoo.com','$2a$10$wClGwyoui.jmvTCL3R6jSuBzdiFCnuSTSXauL3OeJnoqoNVYioVDq',NULL,NULL,NULL,2,'2014-08-25 17:22:04','2014-08-24 20:38:23','109.162.216.117','109.162.216.117','2014-08-24 20:38:23','2014-08-25 17:22:04'),(204,'gidaiwro@emeil.ir','$2a$10$kx0mSWD9EJ3CE5iV43Lyoe4d4lZQqJoeKft7QICJ2Gd62AQEjbfVy',NULL,NULL,NULL,2,'2014-08-26 06:46:56','2014-08-24 21:40:35','95.211.199.70','2.183.184.128','2014-08-24 21:40:35','2014-08-26 06:46:56'),(205,'aliabediny@ut.ac.ir','$2a$10$EwsNoX2dWhHz8HH7.t84JeFDL6LMlDwlx0D9ltxj1zgvYx3A2hpFS',NULL,NULL,NULL,1,'2014-08-25 05:01:35','2014-08-25 05:01:35','5.223.1.255','5.223.1.255','2014-08-25 05:01:35','2014-08-25 05:01:35'),(206,'h2asghari@gmail.com','$2a$10$tLDH1MJrQkzd59uzPv4UYu6gVnjR5M3XHeF8j9qMrQU3aS6mqAOOO',NULL,NULL,NULL,2,'2014-08-26 18:09:03','2014-08-25 06:02:10','91.98.6.244','91.98.226.95','2014-08-25 06:02:10','2014-08-26 18:09:03'),(207,'goodarzysepideh@gmail.com','$2a$10$ujwRE8KjD7ZXNSMd0vOrCuZ7KS5WAsAp66WDP7EzfY3U2sfaxvS7S',NULL,NULL,NULL,3,'2014-08-26 18:47:27','2014-08-25 08:48:23','5.238.118.67','172.16.32.88','2014-08-25 06:31:40','2014-08-26 18:47:27'),(208,'mcs.hsn.vahedi@gmail.com','$2a$10$Rdi7DG70umEL8u710oNyyO1reZHD0xRKyP3mcuwiO6WYae.nsgzVC',NULL,NULL,NULL,1,'2014-08-25 07:22:51','2014-08-25 07:22:51','172.16.32.71','172.16.32.71','2014-08-25 07:22:51','2014-08-25 07:22:51'),(209,'siaxacefake@yahoo.com','$2a$10$dL.Rl5fXwGVM888Eyixzle0F6QD7XgalZ4qMpDDOpUcX9pukcglAa',NULL,NULL,NULL,1,'2014-08-25 07:32:21','2014-08-25 07:32:21','2.145.206.211','2.145.206.211','2014-08-25 07:32:21','2014-08-25 07:32:21'),(210,'amirpirhadi73@gmail.com','$2a$10$f7AOEoh04SlFnGopU5beZ.p79Fbb0ZF/3bvAIPfDYr8XtDL4nWa4O',NULL,NULL,NULL,2,'2014-08-25 08:01:27','2014-08-25 07:59:32','91.98.163.65','91.98.163.65','2014-08-25 07:59:32','2014-08-25 08:01:27'),(211,'marjane.namavar@gmail.com','$2a$10$eEZjDz6f7doSXdW8LIMiEeyjTRMC8pzG7tutEU0Bvyojr5ei/tuSW',NULL,NULL,NULL,2,'2014-08-26 11:55:16','2014-08-25 08:31:43','46.41.228.114','172.16.32.64','2014-08-25 08:31:43','2014-08-26 11:55:16'),(212,'feizabadi.h@gmail.com','$2a$10$EHksh5w/2R6zo.7T/vDWvOZbc76zb/8boqnUw7aQP5//G8tFJXauC',NULL,NULL,NULL,1,'2014-08-25 08:42:57','2014-08-25 08:42:57','172.16.32.85','172.16.32.85','2014-08-25 08:42:57','2014-08-25 08:42:57'),(213,'stogoon@gmail.com','$2a$10$kIhryPTOXAcoiF2wp00sh.z9K0BQqzh9.0ouicnqgQx/NPXxyosru',NULL,NULL,NULL,1,'2014-08-25 10:17:22','2014-08-25 10:17:22','172.17.112.6','172.17.112.6','2014-08-25 10:17:22','2014-08-25 10:17:22'),(214,'pouyan_220@yahoo.com','$2a$10$PNSeiq.GMSf96T0TmrUO4O1CyfcY6/P3rC7baUtv9j7I/vD0O0zsG',NULL,NULL,NULL,1,'2014-08-25 10:18:15','2014-08-25 10:18:15','172.16.111.137','172.16.111.137','2014-08-25 10:18:15','2014-08-25 10:18:15'),(215,'arashfouman@ut.ac.ir','$2a$10$86lzraMQObZgm5DFg1vUh.1gw8anLGLXuf0sWvftdCw6cLIqxzsOK',NULL,NULL,NULL,1,'2014-08-25 10:29:55','2014-08-25 10:29:55','5.160.200.121','5.160.200.121','2014-08-25 10:29:55','2014-08-25 10:29:55'),(216,'sina.labbaf@gmail.com','$2a$10$pZNLwZ.I55q8MZQbmZgNeecfrQMFCI0Dtb9QexwKSkruqoGbH8x/.',NULL,NULL,NULL,1,'2014-08-25 11:46:44','2014-08-25 11:46:44','172.17.121.208','172.17.121.208','2014-08-25 11:46:44','2014-08-25 11:46:44'),(217,'shalileh.shahriar@ymail.com','$2a$10$CNpi.gs/UjwLtERmrfp8POyFNFL6c3A8kTKV9Mp0s2zEHKcjw7KR2',NULL,NULL,NULL,1,'2014-08-25 13:38:50','2014-08-25 13:38:50','94.183.14.230','94.183.14.230','2014-08-25 13:38:50','2014-08-25 13:38:50'),(218,'vhd455@yahoo.com','$2a$10$WnmWcGDb0mj.4IKg/s/yRO7xx1WyXND4NIT3s4NHCPkfYYUKP2A7K',NULL,NULL,NULL,1,'2014-08-25 15:52:21','2014-08-25 15:52:21','5.201.160.11','5.201.160.11','2014-08-25 15:52:21','2014-08-25 15:52:21'),(219,'ranafhashemi@yahoo.com','$2a$10$.kiaaU95c19TU38eQNZuUOD5G9BPCmRudvUWYg4g5Yda5LxgCF4jG',NULL,NULL,NULL,1,'2014-08-25 15:58:24','2014-08-25 15:58:24','2.176.22.148','2.176.22.148','2014-08-25 15:58:24','2014-08-25 15:58:24'),(220,'fkakavandi@yahoo.com','$2a$10$7ckjou8fOxpebkO/b0pFDO8wA5hzU24jHFUmRPjDWE7lhDUndrwHK',NULL,NULL,NULL,1,'2014-08-25 18:38:11','2014-08-25 18:38:11','5.238.106.66','5.238.106.66','2014-08-25 18:38:11','2014-08-25 18:38:11'),(221,'sqomi112@gmail.com','$2a$10$WIEs2hIDwRt22LbzlWETUetpm8p4QbWuowLw3r8r4ivpGDRmDiECC',NULL,NULL,NULL,1,'2014-08-25 20:25:22','2014-08-25 20:25:22','65.49.68.158','65.49.68.158','2014-08-25 20:25:22','2014-08-25 20:25:22'),(222,'adsl0912@gmail.com','$2a$10$PE.KM8kCwazqfvUtT4ms0eZAtLprKPo.KxXIe4qNj4iHuSSqxuTke',NULL,NULL,NULL,1,'2014-08-25 20:26:17','2014-08-25 20:26:17','188.158.42.158','188.158.42.158','2014-08-25 20:26:17','2014-08-25 20:26:17'),(223,'soheilshiri@gmail.com','$2a$10$9Lgq8fudovH9ncv7Z3rCEeWAGGIu.DyK8u3Df9UUNAwCsGuwuCt3C',NULL,NULL,NULL,1,'2014-08-25 20:46:15','2014-08-25 20:46:15','2.176.16.133','2.176.16.133','2014-08-25 20:46:15','2014-08-25 20:46:15'),(224,'zeinab.meftah@gmail.com','$2a$10$h7ujVpinKdDoicPMRQB9qu2R2sapVfldgMXq7tVmGdp9iMBxtNfuC',NULL,NULL,'2014-08-26 04:29:40',2,'2014-08-26 04:29:40','2014-08-26 04:27:50','172.16.111.151','172.16.111.151','2014-08-26 04:27:50','2014-08-26 04:29:40'),(225,'md@khallaghi.com','$2a$10$7u9GyT9Cs4PrD/ILkf7x6eKqqL0hBUAb4c3o6L.1RYbyt/ZedTkja',NULL,NULL,'2014-08-26 07:03:49',4,'2014-08-27 03:08:31','2014-08-26 08:30:23','188.245.202.65','172.16.32.25','2014-08-26 06:38:30','2014-08-27 03:08:31'),(226,'akbar@emeil.ir','$2a$10$cCyMv/o7.xcjEQTqtlmld.xEo7SrhK71YWRbeannChKeto6qJIPxC',NULL,NULL,NULL,1,'2014-08-26 06:39:06','2014-08-26 06:39:06','2.177.141.68','2.177.141.68','2014-08-26 06:39:06','2014-08-26 06:39:06'),(227,'ibtkm2009@gmail.com','$2a$10$netccnw6phNLSjMc5KLBneZZf.5lW9bEcZ4pAoOqmr3Zl7Ru9COEq',NULL,NULL,NULL,1,'2014-08-26 09:16:06','2014-08-26 09:16:06','172.16.32.79','172.16.32.79','2014-08-26 09:16:06','2014-08-26 09:16:06'),(228,'ehsannamdari13@gmail.com','$2a$10$DY6lZA7it.iwoLnML9VLNuCBAXeGdKvfnzj488xSu5RGThpm7XTrC',NULL,NULL,NULL,2,'2014-08-26 19:37:48','2014-08-26 10:14:16','91.99.52.65','91.99.185.93','2014-08-26 10:14:16','2014-08-26 19:37:48'),(229,'mhshabani@chmail.com','$2a$10$RyH25U7BiNF8FZe0GdKU/.N/3E4vwyXRaCfkb2fqMXYV2Wlb0Uw7.',NULL,NULL,NULL,1,'2014-08-26 10:49:48','2014-08-26 10:49:48','5.134.181.4','5.134.181.4','2014-08-26 10:49:48','2014-08-26 10:49:48'),(230,'ars.salari@gmail.com','$2a$10$YSZuSTIgNuuKWgGjjuPNi.m1D0hJfh/SanjbTHj4c8skDhja7iXnW',NULL,NULL,NULL,1,'2014-08-26 13:34:17','2014-08-26 13:34:17','199.189.106.140','199.189.106.140','2014-08-26 13:34:17','2014-08-26 13:34:17'),(231,'hadisjameei@gmail.com','$2a$10$.XvV2JxMeip6NGu6YaNmiuf2WjUcorAUDj3TqWF2RAftjCabh0S4a',NULL,NULL,NULL,1,'2014-08-26 16:37:41','2014-08-26 16:37:41','37.63.138.68','37.63.138.68','2014-08-26 16:37:41','2014-08-26 16:37:41'),(232,'majid5413@gmail.com','$2a$10$FEM/eTA7S6fp9uFaTqjH/e5Rxwd8UM.8hZMcBQZy.fvSXrOp7.B8m',NULL,NULL,NULL,1,'2014-08-26 21:10:53','2014-08-26 21:10:53','5.232.253.152','5.232.253.152','2014-08-26 21:10:53','2014-08-26 21:10:53');
/*!40000 ALTER TABLE `users` ENABLE KEYS */;
UNLOCK TABLES;
/*!40103 SET TIME_ZONE=@OLD_TIME_ZONE */;

/*!40101 SET SQL_MODE=@OLD_SQL_MODE */;
/*!40014 SET FOREIGN_KEY_CHECKS=@OLD_FOREIGN_KEY_CHECKS */;
/*!40014 SET UNIQUE_CHECKS=@OLD_UNIQUE_CHECKS */;
/*!40101 SET CHARACTER_SET_CLIENT=@OLD_CHARACTER_SET_CLIENT */;
/*!40101 SET CHARACTER_SET_RESULTS=@OLD_CHARACTER_SET_RESULTS */;
/*!40101 SET COLLATION_CONNECTION=@OLD_COLLATION_CONNECTION */;
/*!40111 SET SQL_NOTES=@OLD_SQL_NOTES */;

-- Dump completed on 2014-08-27 11:25:31
