SET sql_mode='NO_BACKSLASH_ESCAPES';
CREATE TABLE `admins` (`id` INTEGER PRIMARY KEY AUTO_INCREMENT NOT NULL, `email` varchar(255) DEFAULT '' NOT NULL, `encrypted_password` varchar(255) DEFAULT '' NOT NULL, `reset_password_token` varchar(255), `reset_password_sent_at` datetime, `remember_created_at` datetime, `sign_in_count` integer DEFAULT 0 NOT NULL, `current_sign_in_at` datetime, `last_sign_in_at` datetime, `current_sign_in_ip` varchar(255), `last_sign_in_ip` varchar(255), `failed_attempts` integer DEFAULT 0 NOT NULL, `unlock_token` varchar(255), `locked_at` datetime, `created_at` datetime, `updated_at` datetime);
INSERT INTO `admins` VALUES(1,'admin@acm.ut.ac.ir','$2a$10$B7xC1uSSrzL9BwpKluObk.eZqnIxLEZ6.QbW.idz0xYhYXCKlUz6i',NULL,NULL,NULL,4,'2014-08-21 13:58:38.243264','2014-08-21 11:28:33.247276','2.176.185.124','172.16.32.54',0,NULL,NULL,'2014-08-21 04:42:00.492501','2014-08-21 20:32:53.712478');
CREATE TABLE `courses` (`id` INTEGER PRIMARY KEY AUTO_INCREMENT NOT NULL, `title` varchar(255), `content` text, `unit_num` integer, `code` varchar(255), `major_id` integer, `created_at` datetime, `updated_at` datetime);
INSERT INTO `courses` VALUES(1,'آزمایشگاه سیستم های کنترل خطی','',1,'8101012',8,'2014-08-21 04:44:00.966647','2014-08-21 09:41:19.520444');
INSERT INTO `courses` VALUES(2,'آزمایشگاه ماشین های الکتریکی (1)','',1,'8101016',8,'2014-08-21 04:44:02.564914','2014-08-21 09:41:27.205531');
INSERT INTO `courses` VALUES(3,'آزمایشگاه ماشین های الکتریکی (2) ','',1,'8101017',8,'2014-08-21 04:44:03.598828','2014-08-21 09:41:34.852816');
INSERT INTO `courses` VALUES(4,'آزمایشگاه الکترونیک صنعتی','',1,'8101021',8,'2014-08-21 04:44:03.900966','2014-08-21 09:41:46.843136');
INSERT INTO `courses` VALUES(5,'آزمایشگاه الکترونیک (1)','',1,'8101022',7,'2014-08-21 04:44:04.336383','2014-08-21 09:42:38.137832');
INSERT INTO `courses` VALUES(6,'آزمایشگاه الکترونیک (2)','',1,'8101024',8,'2014-08-21 04:44:05.161624','2014-08-21 09:42:49.323622');
INSERT INTO `courses` VALUES(7,'آزمایشگاه الکترونیک (3)','',1,'8101026',8,'2014-08-21 04:44:05.607821','2014-08-21 09:43:16.781650');
INSERT INTO `courses` VALUES(8,'آز عایق و فشار قوی','',1,'8101036',8,'2014-08-21 04:44:05.932139','2014-08-21 09:43:20.874007');
INSERT INTO `courses` VALUES(9,'آزمایشگاه مدارهای مخابراتی','',1,'8101044',8,'2014-08-21 04:44:06.527902','2014-08-21 09:43:34.490764');
INSERT INTO `courses` VALUES(10,'آزمایشگاه مدارهای منطقی','',1,'8101045',7,'2014-08-21 04:44:07.238719','2014-08-21 09:43:39.605430');
INSERT INTO `courses` VALUES(11,'آزمایشگاه  مدارهای منطقی','',1,'8101045',7,'2014-08-21 04:44:07.997296','2014-08-21 09:43:45.116115');
INSERT INTO `courses` VALUES(12,'آزمایشگاه میکروپروسسور یا ریزپردازنده','',1,'8101046',7,'2014-08-21 04:44:08.329308','2014-08-21 09:44:00.368120');
INSERT INTO `courses` VALUES(13,'آزمایشگاه مدار و اندازه گیری (1)','',1,'8101047',7,'2014-08-21 04:44:08.834100','2014-08-21 09:44:04.774075');
INSERT INTO `courses` VALUES(14,'آزمایشگاه بررسی سیستم های قدرت','',1,'8101485',8,'2014-08-21 04:44:09.964825','2014-08-21 09:44:15.812402');
INSERT INTO `courses` VALUES(15,'آزمایشگاه رادیو نرم‌افزار','',1,'8101705',8,'2014-08-21 04:44:10.482968','2014-08-21 09:44:36.962579');
INSERT INTO `courses` VALUES(16,'آزمایشگاه معماری کامپیوتر','',1,'8101469',9,'2014-08-21 04:44:10.813241','2014-08-21 09:47:04.656521');
INSERT INTO `courses` VALUES(17,'آزمایشگاه پایگاه داده ها','',1,'8101470',9,'2014-08-21 04:44:11.217700','2014-08-21 10:09:17.015186');
INSERT INTO `courses` VALUES(18,'آزمایشگاه سیستم عامل','',1,'8101473',9,'2014-08-21 04:44:11.518750','2014-08-21 09:47:17.270187');
INSERT INTO `courses` VALUES(19,'آزمایشگاه فناوری اطلاعات','',1,'8101700',9,'2014-08-21 04:44:11.813810','2014-08-21 10:07:24.793736');
INSERT INTO `courses` VALUES(20,'آزمایشگاه روشنائی ','',1,'8101401',8,'2014-08-21 04:44:12.102645','2014-08-21 09:47:29.928908');
INSERT INTO `courses` VALUES(21,'آزمایشگاه مولتی مدیا','',1,'8101711',9,'2014-08-21 04:44:12.488233','2014-08-21 10:07:28.392788');
INSERT INTO `courses` VALUES(22,'کارگاه برق','',1,'8101303',8,'2014-08-21 04:44:12.795564','2014-08-21 09:50:38.117621');
INSERT INTO `courses` VALUES(23,'آزمایشگاه تجهیزات پزشکی ','',1,'8101986',8,'2014-08-21 04:44:13.705244','2014-08-21 09:50:47.138869');
INSERT INTO `courses` VALUES(24,'آزمایشگاه شبکه کامپیوتری','',1,'8101721',9,'2014-08-21 04:44:14.162795','2014-08-21 09:48:27.225027');
INSERT INTO `courses` VALUES(25,'آزمایشگاه مایکروویو','',1,'8101041',8,'2014-08-21 04:44:14.590054','2014-08-21 09:48:32.928554');
INSERT INTO `courses` VALUES(26,'کارگاه عمومی','',1,'8101304',7,'2014-08-21 04:44:14.897103','2014-08-21 09:48:45.157232');
INSERT INTO `courses` VALUES(27,'کارگاه عمومی','',1,'8101304',7,'2014-08-21 04:44:15.420812','2014-08-21 09:48:58.596740');
INSERT INTO `courses` VALUES(28,'کارگاه کامپیوتر','',1,'8101305',9,'2014-08-21 04:44:16.318245','2014-08-21 09:49:18.191143');
INSERT INTO `courses` VALUES(29,'الکترومغناطیس','',3,'8101072',8,'2014-08-21 04:44:16.612911','2014-08-21 09:49:23.872492');
INSERT INTO `courses` VALUES(30,'الکترونیک صنعتی','',3,'8101078',8,'2014-08-21 04:44:17.100792','2014-08-21 09:49:30.889435');
INSERT INTO `courses` VALUES(31,'الکترونیک (1)','',3,'8101087',7,'2014-08-21 04:44:17.612578','2014-08-21 09:49:45.511690');
INSERT INTO `courses` VALUES(32,'الکترونیک (2)','',3,'8101088',8,'2014-08-21 04:44:18.528661','2014-08-21 09:49:50.072076');
INSERT INTO `courses` VALUES(33,'الکترونیک (3)','',3,'8101089',8,'2014-08-21 04:44:19.064687','2014-08-21 09:49:57.480817');
INSERT INTO `courses` VALUES(34,'آمار و احتمالات','',3,'8101092',2,'2014-08-21 04:44:19.618957','2014-08-21 09:50:18.010658');
INSERT INTO `courses` VALUES(35,'بررسی سیستم های قدرت (1)','',3,'8101109',8,'2014-08-21 04:44:20.449587','2014-08-21 09:50:25.977300');
INSERT INTO `courses` VALUES(36,'بررسی سیستمهای قدرت (2)','',3,'8101111',8,'2014-08-21 04:44:21.033626','2014-08-21 09:50:32.661440');
INSERT INTO `courses` VALUES(37,'برنامه سازی پیشرفته','',3,'8101119',9,'2014-08-21 04:44:21.371589','2014-08-21 09:51:12.890527');
INSERT INTO `courses` VALUES(38,'پروژه کارشناسی',NULL,3,'8101138',1,'2014-08-21 04:44:21.889350','2014-08-21 04:44:21.889350');
INSERT INTO `courses` VALUES(39,'تأسیسات الکتریکی','',3,'8101142',8,'2014-08-21 04:44:22.092426','2014-08-21 09:51:30.795887');
INSERT INTO `courses` VALUES(40,'تجزیه و تحلیل سیستم ها','',3,'8101144',7,'2014-08-21 04:44:22.617443','2014-08-21 09:51:35.825687');
INSERT INTO `courses` VALUES(41,'تحقیق در عملیات ','',3,'8101145',7,'2014-08-21 04:44:23.159482','2014-08-21 10:14:43.489650');
INSERT INTO `courses` VALUES(42,'تولید و نیروگاه','',3,'8101162',8,'2014-08-21 04:44:23.484603','2014-08-21 09:51:48.461893');
INSERT INTO `courses` VALUES(43,'ریاضی مهندسی','',3,'8101206',7,'2014-08-21 04:44:23.903517','2014-08-21 09:52:21.677102');
INSERT INTO `courses` VALUES(44,'رله و حفاظت','',3,'8101200',8,'2014-08-21 04:44:24.470191','2014-08-21 09:52:40.803430');
INSERT INTO `courses` VALUES(45,'زبان تخصصی','',2,'8101209',7,'2014-08-21 04:44:24.856634','2014-08-21 09:55:05.458346');
INSERT INTO `courses` VALUES(46,'سیستم های کنترل خطی','',3,'8101224',8,'2014-08-21 04:44:25.721549','2014-08-21 09:57:36.747559');
INSERT INTO `courses` VALUES(47,'شیوه ارائه مطالب علمی و فنی','',2,'8101246',9,'2014-08-21 04:44:26.610586','2014-08-21 09:57:46.040092');
INSERT INTO `courses` VALUES(48,'ریزپردازنده (میکروپروسسور)','',3,'8101207',7,'2014-08-21 04:44:27.071903','2014-08-21 09:57:52.082411');
INSERT INTO `courses` VALUES(49,'عایق ها و فشار قوی','',3,'8101268',8,'2014-08-21 04:44:27.387261','2014-08-21 09:58:04.034658');
INSERT INTO `courses` VALUES(50,'فیزیک الکترونیک','',3,'8101277',8,'2014-08-21 04:44:27.609944','2014-08-21 09:58:18.799175');
INSERT INTO `courses` VALUES(51,'فیزیک مدرن','',3,'8101285',8,'2014-08-21 04:44:27.917250','2014-08-21 09:58:35.776017');
INSERT INTO `courses` VALUES(52,'کنترل صنعتی','',3,'8101309',8,'2014-08-21 04:44:28.236632','2014-08-21 09:58:40.130431');
INSERT INTO `courses` VALUES(53,'ماشین های الکتریکی (2)','',3,'8101322',8,'2014-08-21 04:44:28.558600','2014-08-21 09:58:48.655856');
INSERT INTO `courses` VALUES(54,'ماشین های الکتریکی (3)','',3,'8101458',8,'2014-08-21 04:44:29.097547','2014-08-21 09:58:54.906872');
INSERT INTO `courses` VALUES(55,'مایکروویو (1)','',3,'8101328',8,'2014-08-21 04:44:29.350369','2014-08-21 09:58:59.485396');
INSERT INTO `courses` VALUES(56,'مبانی کامپیوتر و برنامه سازی','',4,'8101347',7,'2014-08-21 04:44:29.588183','2014-08-21 09:59:06.832690');
INSERT INTO `courses` VALUES(57,'مخابرات (1)','',3,'8101354',8,'2014-08-21 04:44:30.232025','2014-08-21 09:59:21.733688');
INSERT INTO `courses` VALUES(58,'میدان ها و امواج','',3,'8101389',8,'2014-08-21 04:44:30.556903','2014-08-21 09:59:27.181878');
INSERT INTO `courses` VALUES(59,'مدارهای الکتریکی (1)','',3,'8101359',7,'2014-08-21 04:44:30.866441','2014-08-21 09:59:34.173795');
INSERT INTO `courses` VALUES(60,'مخابرات (2)','',3,'8101355',8,'2014-08-21 04:44:31.818918','2014-08-21 09:59:37.940424');
INSERT INTO `courses` VALUES(61,'مدارهای الکتریکی (2)','',3,'8101360',8,'2014-08-21 04:44:32.124346','2014-08-21 09:59:44.594659');
INSERT INTO `courses` VALUES(62,'مدارهای مخابراتی','',3,'8101366',8,'2014-08-21 04:44:32.437567','2014-08-21 10:00:16.754216');
INSERT INTO `courses` VALUES(63,'مدارهای منطقی','',3,'8101367',7,'2014-08-21 04:44:32.651367','2014-08-21 10:00:22.869255');
INSERT INTO `courses` VALUES(64,'موضوعات پیشرفته در سخت افزار','',3,'8101381',9,'2014-08-21 04:44:32.880116','2014-08-21 10:09:51.668906');
INSERT INTO `courses` VALUES(65,'هوش مصنوعی','',3,'8101397',9,'2014-08-21 04:44:33.195734','2014-08-21 10:07:52.530667');
INSERT INTO `courses` VALUES(66,'شبکه های کامپیوتری','',3,'8101412',9,'2014-08-21 04:44:33.722171','2014-08-21 10:00:43.694802');
INSERT INTO `courses` VALUES(67,'معماری کامپیوتر ','',3,'8101423',7,'2014-08-21 04:44:34.229817','2014-08-21 10:00:55.236415');
INSERT INTO `courses` VALUES(68,'طراحی و ساخت کامپایلر','',3,'8101420',9,'2014-08-21 04:44:34.641517','2014-08-21 10:01:08.066342');
INSERT INTO `courses` VALUES(69,'طراحی الگوریتم','',3,'8101424',9,'2014-08-21 04:44:34.944725','2014-08-21 10:01:13.417517');
INSERT INTO `courses` VALUES(70,'ماشین های الکتریکی (1)','',3,'8101425',8,'2014-08-21 04:44:35.267497','2014-08-21 10:01:24.293576');
INSERT INTO `courses` VALUES(71,'ساختمان داده ها و الگوریتم','',3,'8101437',9,'2014-08-21 04:44:35.701388','2014-08-21 10:01:35.105410');
INSERT INTO `courses` VALUES(72,'ماشین مخصوص ','',3,'8101326',8,'2014-08-21 04:44:36.016152','2014-08-21 10:01:40.525407');
INSERT INTO `courses` VALUES(73,'طراحی خطوط و انتقال انرژی','',3,'8101260',8,'2014-08-21 04:44:36.556136','2014-08-21 10:01:55.406780');
INSERT INTO `courses` VALUES(74,'سیستم های عامل (1)','',3,'8101443',9,'2014-08-21 04:44:36.787423','2014-08-21 10:02:00.491607');
INSERT INTO `courses` VALUES(75,'نظریه زبان ها و ماشین ها','',3,'8101444',9,'2014-08-21 04:44:37.125874','2014-08-21 10:02:40.765672');
INSERT INTO `courses` VALUES(76,'طراحی سیستمهای خیلی فشرده','',3,'8101446',9,'2014-08-21 04:44:37.453432','2014-08-21 10:03:14.464027');
INSERT INTO `courses` VALUES(77,'سیستم های کنترل پیشرفته','',3,'8101447',8,'2014-08-21 04:44:37.808594','2014-08-21 10:03:40.690454');
INSERT INTO `courses` VALUES(78,'پایگاه داده ها ','',3,'8101459',9,'2014-08-21 04:44:38.145607','2014-08-21 10:03:48.388407');
INSERT INTO `courses` VALUES(79,'طراحی زبانهای برنامه سازی','',3,'8101460',9,'2014-08-21 04:44:38.476838','2014-08-21 10:03:53.663522');
INSERT INTO `courses` VALUES(80,'مهندسی نرم افزار (2)','',3,'8101461',9,'2014-08-21 04:44:38.779109','2014-08-21 10:03:58.572405');
INSERT INTO `courses` VALUES(81,'ساختمان گسسته','',3,'8101480',9,'2014-08-21 04:44:39.220623','2014-08-21 10:04:03.171414');
INSERT INTO `courses` VALUES(82,'اصول و مبانی مدیریت','',3,'8101674',9,'2014-08-21 04:44:39.536814','2014-08-21 10:04:09.183124');
INSERT INTO `courses` VALUES(83,'مبانی کار آفرینی','',2,'8101703',9,'2014-08-21 04:44:39.656098','2014-08-21 10:04:13.741808');
INSERT INTO `courses` VALUES(84,'مبانی سیستم های حرارتی','',3,'8101706',8,'2014-08-21 04:44:39.908883','2014-08-21 10:04:18.874927');
INSERT INTO `courses` VALUES(85,'مبانی فناوری اطلاعات','',3,'8101673',9,'2014-08-21 04:44:40.226175','2014-08-21 10:04:39.290521');
INSERT INTO `courses` VALUES(86,'تجهیزات عمومی بیمارستان ها','',3,'8101709',8,'2014-08-21 04:44:40.533610','2014-08-21 10:04:43.650162');
INSERT INTO `courses` VALUES(87,'مدیریت اطلاعات پزشکی','',3,'8101984',8,'2014-08-21 04:44:40.930529','2014-08-21 10:04:52.740648');
INSERT INTO `courses` VALUES(88,'فیزیولوژی (2)','',3,'8101982',8,'2014-08-21 04:44:41.313110','2014-08-21 10:04:56.949120');
INSERT INTO `courses` VALUES(89,'سیستمهای نهفته مبتنی بر مدارات قابل برنامه ریزی','',4,'8101804',9,'2014-08-21 04:44:41.670404','2014-08-21 10:05:04.157798');
INSERT INTO `courses` VALUES(90,'نمونه سازی سریع','',3,'8101228',8,'2014-08-21 04:44:42.087912','2014-08-21 10:05:08.590875');
INSERT INTO `courses` VALUES(91,'شبیه سازی شیءگرای سیستمهای الکترونیکی','',3,'8101342',8,'2014-08-21 04:44:42.405593','2014-08-21 10:05:13.136731');
INSERT INTO `courses` VALUES(92,'مدیریت استراتژیک فناوری اطلاعات','',3,'8101701',9,'2014-08-21 04:44:42.948290','2014-08-21 10:05:53.328473');
INSERT INTO `courses` VALUES(93,'طراحی واسط کاربر','',3,'8101503',9,'2014-08-21 04:44:43.114789','2014-08-21 10:05:59.998320');
INSERT INTO `courses` VALUES(94,'اصول سیستمهای رادیولوژی','',3,'8101707',8,'2014-08-21 04:44:43.486055','2014-08-21 10:06:19.927153');
INSERT INTO `courses` VALUES(95,'اندازه گیری الکتریکی','',3,'8101105',8,'2014-08-21 04:44:43.796354','2014-08-21 10:06:25.450110');
INSERT INTO `courses` VALUES(96,'ساختمان داده در مهندسی برق','',3,'8101139',8,'2014-08-21 04:44:44.256289','2014-08-21 10:06:30.262442');
INSERT INTO `courses` VALUES(97,'شبیه سازی کامپیوتری','',3,'8101426',9,'2014-08-21 04:44:44.569127','2014-08-21 10:06:35.679076');
INSERT INTO `courses` VALUES(98,'آنتن (1)','',3,'8101103',8,'2014-08-21 04:44:44.885385','2014-08-21 10:06:52.189602');
INSERT INTO `courses` VALUES(99,'امنیت شبکه','',3,'8101608',9,'2014-08-21 05:28:12.168191','2014-08-21 10:06:56.350541');
INSERT INTO `courses` VALUES(100,'آمار و احتمالات',NULL,3,'8120017',2,'2014-08-21 08:40:24.212894','2014-08-21 08:40:24.212894');
INSERT INTO `courses` VALUES(101,'برنامه نویسی کامپیوترc++',NULL,3,'8120025',2,'2014-08-21 08:40:24.703513','2014-08-21 08:40:24.703513');
INSERT INTO `courses` VALUES(102,'برنامه نویسی کامپیوتر Fortranعمران ',NULL,3,'8120025',2,'2014-08-21 08:40:25.305691','2014-08-21 08:40:25.305691');
INSERT INTO `courses` VALUES(103,'روشهای محاسبات عددی',NULL,3,'8120041',2,'2014-08-21 08:40:25.606992','2014-08-21 08:40:25.606992');
INSERT INTO `courses` VALUES(104,'ریاضیات مهندسی ',NULL,3,'8120047',2,'2014-08-21 08:40:25.902096','2014-08-21 08:40:25.902096');
INSERT INTO `courses` VALUES(105,'شیمی عمومی 1',NULL,3,'8120063',2,'2014-08-21 08:40:26.745069','2014-08-21 08:40:26.745069');
INSERT INTO `courses` VALUES(106,'مبانی  کامپیوتر و برنامه  سازی',NULL,4,'8101347',2,'2014-08-21 08:40:28.231785','2014-08-21 08:40:28.231785');
INSERT INTO `courses` VALUES(107,'محاسبات عددی ',NULL,2,'8120096',2,'2014-08-21 08:40:28.604730','2014-08-21 08:40:28.604730');
INSERT INTO `courses` VALUES(108,'معادلات دیفرانسیل',NULL,3,'8120097',2,'2014-08-21 08:40:29.604163','2014-08-21 08:40:29.604163');
INSERT INTO `courses` VALUES(109,'نقشه کشی صنعتی برق',NULL,1,'8120105',2,'2014-08-21 08:40:30.603710','2014-08-21 08:40:30.603710');
INSERT INTO `courses` VALUES(110,'نقشه کشی صنعتی برق ',NULL,1,'8120105',2,'2014-08-21 08:40:31.194469','2014-08-21 08:40:31.194469');
INSERT INTO `courses` VALUES(111,'نقشه کشی صنعتی 1 ',NULL,2,'8120106',2,'2014-08-21 08:40:31.755075','2014-08-21 08:40:31.755075');
INSERT INTO `courses` VALUES(112,'نقشه کشی صنعتی 1 (عمران)',NULL,2,'8120106',2,'2014-08-21 08:40:32.051243','2014-08-21 08:40:32.051243');
INSERT INTO `courses` VALUES(113,'نقشه کشی صنعتی1 (مکانیک)',NULL,2,'8120106',2,'2014-08-21 08:40:32.440433','2014-08-21 08:40:32.440433');
INSERT INTO `courses` VALUES(114,'نقشه کشی صنعتی 1 (مکانیک)',NULL,2,'8120106',2,'2014-08-21 08:40:32.718314','2014-08-21 08:40:32.718314');
INSERT INTO `courses` VALUES(115,'شیمی عمومی',NULL,3,'8120113',2,'2014-08-21 08:40:33.824732','2014-08-21 08:40:33.824732');
INSERT INTO `courses` VALUES(116,'شیمی عمومی ',NULL,3,'8120113',2,'2014-08-21 08:40:34.373209','2014-08-21 08:40:34.373209');
INSERT INTO `courses` VALUES(117,'فیزیک 1',NULL,3,'8120115',2,'2014-08-21 08:40:34.984190','2014-08-21 08:40:34.984190');
INSERT INTO `courses` VALUES(118,'فیزیک 1 ',NULL,3,'8120115',2,'2014-08-21 08:40:36.372385','2014-08-21 08:40:36.372385');
INSERT INTO `courses` VALUES(119,'فیزیک 2 ',NULL,3,'8120116',2,'2014-08-21 08:40:37.642544','2014-08-21 08:40:37.642544');
INSERT INTO `courses` VALUES(120,'ریاضی 1',NULL,3,'8120121',2,'2014-08-21 08:40:38.743761','2014-08-21 08:40:38.743761');
INSERT INTO `courses` VALUES(121,'ریاضی 1',NULL,3,'8120122',2,'2014-08-21 08:40:40.739198','2014-08-21 08:40:40.739198');
INSERT INTO `courses` VALUES(122,'ریاضی 2',NULL,3,'8120122',2,'2014-08-21 08:40:41.364806','2014-08-21 08:40:41.364806');
INSERT INTO `courses` VALUES(123,'آز شیمی عمومی 1 ',NULL,1,'8120007',2,'2014-08-21 08:40:41.833766','2014-08-21 08:40:41.833766');
INSERT INTO `courses` VALUES(124,'آز شیمی عمومی  1',NULL,1,'8120007',2,'2014-08-21 08:40:42.026268','2014-08-21 08:40:42.026268');
INSERT INTO `courses` VALUES(125,'آز شیمی عمومی 1',NULL,1,'8120007',2,'2014-08-21 08:40:42.321657','2014-08-21 08:40:42.321657');
INSERT INTO `courses` VALUES(126,'آز شیمی عمومی1',NULL,1,'8120007',2,'2014-08-21 08:40:42.515632','2014-08-21 08:40:42.515632');
INSERT INTO `courses` VALUES(127,'آز فیزیک 1',NULL,1,'8120012',2,'2014-08-21 08:40:43.477356','2014-08-21 08:40:43.477356');
INSERT INTO `courses` VALUES(128,'آز فیزیک 2',NULL,1,'8120013',2,'2014-08-21 08:40:48.377743','2014-08-21 08:40:48.377743');
INSERT INTO `courses` VALUES(129,'زبان انگلیسی ',NULL,3,'8120053',3,'2014-08-21 08:41:01.376618','2014-08-21 08:41:01.376618');
INSERT INTO `courses` VALUES(130,'زبان انگلیسی',NULL,3,'8120053',3,'2014-08-21 08:41:02.630238','2014-08-21 08:41:02.630238');
INSERT INTO `courses` VALUES(131,'فارسی ',NULL,3,'8120071',3,'2014-08-21 08:41:03.086102','2014-08-21 08:41:03.086102');
INSERT INTO `courses` VALUES(132,'فارسی',NULL,3,'8120071',3,'2014-08-21 08:41:04.086875','2014-08-21 08:41:04.086875');
INSERT INTO `courses` VALUES(133,'اندیشه اسلامی 2 ',NULL,2,'8120118',3,'2014-08-21 08:41:04.900916','2014-08-21 08:41:04.900916');
INSERT INTO `courses` VALUES(134,'اندیشه اسلامی 2',NULL,2,'8120118',3,'2014-08-21 08:41:06.314693','2014-08-21 08:41:06.314693');
INSERT INTO `courses` VALUES(135,'اندیشه اسلامی2',NULL,2,'8120118',3,'2014-08-21 08:41:06.632452','2014-08-21 08:41:06.632452');
INSERT INTO `courses` VALUES(136,'اخلاق اسلامی ',NULL,2,'8120119',3,'2014-08-21 08:41:06.868235','2014-08-21 08:41:06.868235');
INSERT INTO `courses` VALUES(137,'اخلاق اسلامی',NULL,2,'8120119',3,'2014-08-21 08:41:07.758521','2014-08-21 08:41:07.758521');
INSERT INTO `courses` VALUES(138,'جمعیت و دانش خانواده',NULL,2,'8120136',3,'2014-08-21 08:41:08.287795','2014-08-21 08:41:08.287795');
INSERT INTO `courses` VALUES(139,'جمعیت و دانش  خانواده ',NULL,2,'8120136',3,'2014-08-21 08:41:08.505835','2014-08-21 08:41:08.505835');
INSERT INTO `courses` VALUES(140,'جمعیت و دانش خانواده ',NULL,2,'8120136',3,'2014-08-21 08:41:08.805788','2014-08-21 08:41:08.805788');
INSERT INTO `courses` VALUES(141,'جمعیت ودانش خانواده',NULL,2,'8120136',3,'2014-08-21 08:41:09.028674','2014-08-21 08:41:09.028674');
INSERT INTO `courses` VALUES(142,'انقلاب اسلامی ',NULL,2,'8120126',3,'2014-08-21 08:41:09.342280','2014-08-21 08:41:09.342280');
INSERT INTO `courses` VALUES(143,'انقلاب اسلامی',NULL,2,'8120126',3,'2014-08-21 08:41:10.335790','2014-08-21 08:41:10.335790');
INSERT INTO `courses` VALUES(144,'انقلاب اسلامی',NULL,0,'8120126',3,'2014-08-21 08:41:10.630336','2014-08-21 08:41:10.630336');
INSERT INTO `courses` VALUES(145,'اندیشه اسلامی 1',NULL,2,'8120133',3,'2014-08-21 08:41:10.822384','2014-08-21 08:41:10.822384');
INSERT INTO `courses` VALUES(146,'اندیشه اسلامی1',NULL,2,'8120133',3,'2014-08-21 08:41:11.338712','2014-08-21 08:41:11.338712');
INSERT INTO `courses` VALUES(147,'تاریخ تحلیلی صدر اسلام',NULL,2,'8120134',3,'2014-08-21 08:41:12.292918','2014-08-21 08:41:12.292918');
INSERT INTO `courses` VALUES(148,'تاریخ تحلیلی صدر اسلام ',NULL,2,'8120134',3,'2014-08-21 08:41:12.811150','2014-08-21 08:41:12.811150');
INSERT INTO `courses` VALUES(149,'تاریخ تحلیلی صدر اسلام',NULL,0,'8120134',3,'2014-08-21 08:41:13.488278','2014-08-21 08:41:13.488278');
INSERT INTO `courses` VALUES(150,'تفسیر موضوعی قرآن',NULL,2,'8120135',3,'2014-08-21 08:41:13.717219','2014-08-21 08:41:13.717219');
INSERT INTO `courses` VALUES(151,'تفسیر موضوعی قرآن ',NULL,2,'8120135',3,'2014-08-21 08:41:14.876066','2014-08-21 08:41:14.876066');
INSERT INTO `courses` VALUES(152,'مديريت استراتژيک فناوری اطلاعات','',3,'8101701',9,'2014-08-21 18:34:26.470070','2014-08-21 18:34:26.470070');
CREATE TABLE `data_files` (`id` INTEGER PRIMARY KEY AUTO_INCREMENT NOT NULL, `upload` varchar(255), `created_at` datetime, `updated_at` datetime);
CREATE TABLE `fields` (`id` INTEGER PRIMARY KEY AUTO_INCREMENT NOT NULL, `title` varchar(255), `created_at` datetime, `updated_at` datetime);
INSERT INTO `fields` VALUES(1,'نرم‌افزار','2014-08-21 04:43:27.493275','2014-08-21 04:43:27.493275');
INSERT INTO `fields` VALUES(2,'سخت‌افزار','2014-08-21 04:43:32.899839','2014-08-21 04:43:32.899839');
INSERT INTO `fields` VALUES(3,'فن‌آوری اطلاعات','2014-08-21 04:43:37.099291','2014-08-21 04:43:37.099291');
INSERT INTO `fields` VALUES(4,'برق','2014-08-21 18:54:55.537093','2014-08-21 18:54:55.537093');
CREATE TABLE `majors` (`id` INTEGER PRIMARY KEY AUTO_INCREMENT NOT NULL, `title` varchar(255), `code` varchar(255), `created_at` datetime, `updated_at` datetime);
INSERT INTO `majors` VALUES(2,'علوم پایه','1236','2014-08-21 08:27:26.034208','2014-08-21 08:27:26.034208');
INSERT INTO `majors` VALUES(3,'عمومی','1235','2014-08-21 08:27:36.447626','2014-08-21 08:27:36.447626');
INSERT INTO `majors` VALUES(7,'برق-کامپیوتر','1246','2014-08-21 09:40:27.673943','2014-08-21 09:40:27.673943');
INSERT INTO `majors` VALUES(8,'برق','1243','2014-08-21 09:40:38.756249','2014-08-21 09:40:38.756249');
INSERT INTO `majors` VALUES(9,'کامپیوتر','1244','2014-08-21 09:46:41.922711','2014-08-21 09:46:41.922711');
CREATE TABLE `plans` (`id` INTEGER PRIMARY KEY AUTO_INCREMENT NOT NULL, `title` varchar(255), `content` text, `shared` boolean, `score` integer, `term_id` integer, `user_id` integer, `field_id` integer, `created_at` datetime, `updated_at` datetime);
INSERT INTO `plans` VALUES(1,'اولین برنامه','برنامه‌ی خوبی است','0',NULL,1,1,1,'2014-08-21 04:47:15.886494','2014-08-21 04:47:15.886494');
INSERT INTO `plans` VALUES(2,'برنامه‌ی پژمان','pejmoon','0',NULL,1,2,3,'2014-08-21 04:59:14.619394','2014-08-21 04:59:14.619394');
INSERT INTO `plans` VALUES(3,'برنامه۱','','0',NULL,1,3,1,'2014-08-21 05:07:21.549214','2014-08-21 05:07:21.549214');
INSERT INTO `plans` VALUES(4,'انتخاب واحد','','0',NULL,1,4,1,'2014-08-21 05:22:50.734623','2014-08-21 05:22:50.734623');
INSERT INTO `plans` VALUES(5,'۱','','0',NULL,1,5,1,'2014-08-21 05:31:43.247675','2014-08-21 05:31:43.247675');
INSERT INTO `plans` VALUES(6,'۲','','0',NULL,1,5,1,'2014-08-21 05:33:27.689565','2014-08-21 05:33:27.689565');
INSERT INTO `plans` VALUES(7,'برنامه‌ی جدید','123456','1',NULL,1,6,1,'2014-08-21 05:45:12.236647','2014-08-21 05:45:12.236647');
INSERT INTO `plans` VALUES(8,'دومین برنامه','این برنامه‌ی دوم است','0',NULL,1,1,1,'2014-08-21 06:03:40.288936','2014-08-21 06:03:40.288936');
INSERT INTO `plans` VALUES(9,'یاسمن ۱','','0',NULL,1,1,1,'2014-08-21 06:26:51.274193','2014-08-21 06:26:51.274193');
INSERT INTO `plans` VALUES(10,'پژمان','','0',NULL,1,1,3,'2014-08-21 07:34:20.933447','2014-08-21 07:34:20.933447');
INSERT INTO `plans` VALUES(11,'دشوار','','0',NULL,1,8,1,'2014-08-21 07:58:29.625435','2014-08-21 07:58:29.625435');
INSERT INTO `plans` VALUES(12,'انتخاب واحد','','0',NULL,1,7,1,'2014-08-21 08:03:11.039632','2014-08-21 08:03:11.039632');
INSERT INTO `plans` VALUES(13,'ترم ۷','','0',NULL,1,9,3,'2014-08-21 08:51:39.242512','2014-08-21 08:51:39.242512');
INSERT INTO `plans` VALUES(14,'تست','ستس','0',NULL,1,1,1,'2014-08-21 08:57:20.397782','2014-08-21 08:57:20.397782');
INSERT INTO `plans` VALUES(15,'sda','sdadasda','1',NULL,1,10,1,'2014-08-21 08:59:11.362525','2014-08-21 08:59:11.362525');
INSERT INTO `plans` VALUES(16,'d','','0',NULL,1,12,1,'2014-08-21 09:07:48.391817','2014-08-21 09:07:48.391817');
INSERT INTO `plans` VALUES(17,'پلن شماره یک ','برای خودم ','1',NULL,1,12,1,'2014-08-21 09:20:40.770586','2014-08-21 09:20:40.770586');
INSERT INTO `plans` VALUES(18,'برنامه ی خفن','برنامه ی من','0',NULL,1,6,3,'2014-08-21 09:35:26.248670','2014-08-21 14:04:19.521790');
INSERT INTO `plans` VALUES(19,'سس','سس','0',NULL,1,6,1,'2014-08-21 09:42:20.776169','2014-08-21 09:42:20.776169');
INSERT INTO `plans` VALUES(21,'ترم 7','','0',NULL,1,13,3,'2014-08-21 09:52:23.825754','2014-08-21 09:52:23.825754');
INSERT INTO `plans` VALUES(22,'یاسمن۲','','0',NULL,1,1,1,'2014-08-21 09:55:15.094051','2014-08-21 09:55:15.094051');
INSERT INTO `plans` VALUES(23,'new plan','','0',NULL,1,14,1,'2014-08-21 10:19:38.787193','2014-08-21 10:19:38.787193');
INSERT INTO `plans` VALUES(24,'اولین','','1',NULL,1,15,3,'2014-08-21 10:27:03.073841','2014-08-21 10:27:03.073841');
INSERT INTO `plans` VALUES(25,'انتخاب واحد 2','','0',NULL,1,7,1,'2014-08-21 11:35:47.881660','2014-08-21 11:35:47.881660');
INSERT INTO `plans` VALUES(26,'93-1','','0',NULL,1,16,2,'2014-08-21 13:57:04.905954','2014-08-21 13:57:04.905954');
INSERT INTO `plans` VALUES(27,'اسون','تست برنامه','0',NULL,1,8,1,'2014-08-21 15:20:35.758010','2014-08-21 15:20:35.758010');
INSERT INTO `plans` VALUES(28,'plan 1','','0',NULL,1,17,1,'2014-08-21 18:16:03.373872','2014-08-21 18:16:03.373872');
INSERT INTO `plans` VALUES(29,'plan 2 ','','0',NULL,1,17,1,'2014-08-21 18:30:18.992755','2014-08-21 18:30:18.992755');
INSERT INTO `plans` VALUES(30,'ترم هفت','','0',NULL,1,18,1,'2014-08-21 18:32:03.181951','2014-08-21 18:32:03.181951');
INSERT INTO `plans` VALUES(31,'دوباره تست','سfdsd','0',NULL,1,1,1,'2014-08-21 18:53:57.105385','2014-08-21 18:53:57.105385');
INSERT INTO `plans` VALUES(32,'۳','','0',NULL,1,5,1,'2014-08-21 19:16:28.825435','2014-08-21 19:16:28.825435');
INSERT INTO `plans` VALUES(33,'خر','خر','0',NULL,1,19,2,'2014-08-21 19:28:59.492054','2014-08-21 19:28:59.492054');
INSERT INTO `plans` VALUES(34,'afas','','0',NULL,1,17,1,'2014-08-21 19:34:27.527106','2014-08-21 19:34:27.527106');
INSERT INTO `plans` VALUES(35,'۹۳','','0',NULL,1,20,2,'2014-08-21 19:47:36.456271','2014-08-21 19:47:36.456271');
INSERT INTO `plans` VALUES(36,'1','','0',NULL,1,21,1,'2014-08-21 20:22:00.850027','2014-08-21 20:22:00.850027');
CREATE TABLE `plans_units` (`plan_id` integer, `unit_id` integer);
INSERT INTO `plans_units` VALUES(1,125);
INSERT INTO `plans_units` VALUES(1,124);
INSERT INTO `plans_units` VALUES(1,78);
INSERT INTO `plans_units` VALUES(1,52);
INSERT INTO `plans_units` VALUES(1,61);
INSERT INTO `plans_units` VALUES(1,60);
INSERT INTO `plans_units` VALUES(2,45);
INSERT INTO `plans_units` VALUES(2,41);
INSERT INTO `plans_units` VALUES(2,101);
INSERT INTO `plans_units` VALUES(2,61);
INSERT INTO `plans_units` VALUES(2,86);
INSERT INTO `plans_units` VALUES(2,141);
INSERT INTO `plans_units` VALUES(5,113);
INSERT INTO `plans_units` VALUES(4,124);
INSERT INTO `plans_units` VALUES(5,110);
INSERT INTO `plans_units` VALUES(4,125);
INSERT INTO `plans_units` VALUES(7,138);
INSERT INTO `plans_units` VALUES(7,137);
INSERT INTO `plans_units` VALUES(7,86);
INSERT INTO `plans_units` VALUES(7,57);
INSERT INTO `plans_units` VALUES(7,130);
INSERT INTO `plans_units` VALUES(8,125);
INSERT INTO `plans_units` VALUES(8,124);
INSERT INTO `plans_units` VALUES(8,52);
INSERT INTO `plans_units` VALUES(4,41);
INSERT INTO `plans_units` VALUES(9,125);
INSERT INTO `plans_units` VALUES(9,124);
INSERT INTO `plans_units` VALUES(9,52);
INSERT INTO `plans_units` VALUES(9,89);
INSERT INTO `plans_units` VALUES(9,60);
INSERT INTO `plans_units` VALUES(4,89);
INSERT INTO `plans_units` VALUES(4,27);
INSERT INTO `plans_units` VALUES(4,55);
INSERT INTO `plans_units` VALUES(8,89);
INSERT INTO `plans_units` VALUES(8,60);
INSERT INTO `plans_units` VALUES(5,34);
INSERT INTO `plans_units` VALUES(9,143);
INSERT INTO `plans_units` VALUES(4,135);
INSERT INTO `plans_units` VALUES(10,141);
INSERT INTO `plans_units` VALUES(10,41);
INSERT INTO `plans_units` VALUES(10,45);
INSERT INTO `plans_units` VALUES(10,86);
INSERT INTO `plans_units` VALUES(10,143);
INSERT INTO `plans_units` VALUES(10,61);
INSERT INTO `plans_units` VALUES(10,101);
INSERT INTO `plans_units` VALUES(2,143);
INSERT INTO `plans_units` VALUES(11,25);
INSERT INTO `plans_units` VALUES(11,139);
INSERT INTO `plans_units` VALUES(11,125);
INSERT INTO `plans_units` VALUES(11,123);
INSERT INTO `plans_units` VALUES(11,103);
INSERT INTO `plans_units` VALUES(11,85);
INSERT INTO `plans_units` VALUES(7,81);
INSERT INTO `plans_units` VALUES(12,41);
INSERT INTO `plans_units` VALUES(7,126);
INSERT INTO `plans_units` VALUES(12,90);
INSERT INTO `plans_units` VALUES(7,96);
INSERT INTO `plans_units` VALUES(12,124);
INSERT INTO `plans_units` VALUES(12,125);
INSERT INTO `plans_units` VALUES(12,135);
INSERT INTO `plans_units` VALUES(12,40);
INSERT INTO `plans_units` VALUES(12,55);
INSERT INTO `plans_units` VALUES(12,89);
INSERT INTO `plans_units` VALUES(9,263);
INSERT INTO `plans_units` VALUES(7,241);
INSERT INTO `plans_units` VALUES(7,391);
INSERT INTO `plans_units` VALUES(13,64);
INSERT INTO `plans_units` VALUES(14,81);
INSERT INTO `plans_units` VALUES(15,81);
INSERT INTO `plans_units` VALUES(14,64);
INSERT INTO `plans_units` VALUES(13,81);
INSERT INTO `plans_units` VALUES(13,141);
INSERT INTO `plans_units` VALUES(13,41);
INSERT INTO `plans_units` VALUES(13,111);
INSERT INTO `plans_units` VALUES(13,26);
INSERT INTO `plans_units` VALUES(4,252);
INSERT INTO `plans_units` VALUES(4,327);
INSERT INTO `plans_units` VALUES(18,116);
INSERT INTO `plans_units` VALUES(18,108);
INSERT INTO `plans_units` VALUES(18,86);
INSERT INTO `plans_units` VALUES(18,104);
INSERT INTO `plans_units` VALUES(18,315);
INSERT INTO `plans_units` VALUES(18,327);
INSERT INTO `plans_units` VALUES(18,71);
INSERT INTO `plans_units` VALUES(18,301);
INSERT INTO `plans_units` VALUES(18,378);
INSERT INTO `plans_units` VALUES(21,45);
INSERT INTO `plans_units` VALUES(18,382);
INSERT INTO `plans_units` VALUES(21,86);
INSERT INTO `plans_units` VALUES(21,89);
INSERT INTO `plans_units` VALUES(21,101);
INSERT INTO `plans_units` VALUES(22,125);
INSERT INTO `plans_units` VALUES(21,52);
INSERT INTO `plans_units` VALUES(22,265);
INSERT INTO `plans_units` VALUES(22,52);
INSERT INTO `plans_units` VALUES(22,141);
INSERT INTO `plans_units` VALUES(22,124);
INSERT INTO `plans_units` VALUES(22,60);
INSERT INTO `plans_units` VALUES(22,89);
INSERT INTO `plans_units` VALUES(22,41);
INSERT INTO `plans_units` VALUES(8,85);
INSERT INTO `plans_units` VALUES(23,176);
INSERT INTO `plans_units` VALUES(23,138);
INSERT INTO `plans_units` VALUES(24,104);
INSERT INTO `plans_units` VALUES(19,99);
INSERT INTO `plans_units` VALUES(19,127);
INSERT INTO `plans_units` VALUES(17,70);
INSERT INTO `plans_units` VALUES(26,113);
INSERT INTO `plans_units` VALUES(26,90);
INSERT INTO `plans_units` VALUES(26,114);
INSERT INTO `plans_units` VALUES(26,106);
INSERT INTO `plans_units` VALUES(5,61);
INSERT INTO `plans_units` VALUES(5,65);
INSERT INTO `plans_units` VALUES(5,123);
INSERT INTO `plans_units` VALUES(27,304);
INSERT INTO `plans_units` VALUES(27,126);
INSERT INTO `plans_units` VALUES(27,71);
INSERT INTO `plans_units` VALUES(28,116);
INSERT INTO `plans_units` VALUES(28,103);
INSERT INTO `plans_units` VALUES(28,108);
INSERT INTO `plans_units` VALUES(28,172);
INSERT INTO `plans_units` VALUES(28,312);
INSERT INTO `plans_units` VALUES(28,311);
INSERT INTO `plans_units` VALUES(31,39);
INSERT INTO `plans_units` VALUES(31,43);
INSERT INTO `plans_units` VALUES(31,52);
INSERT INTO `plans_units` VALUES(6,146);
INSERT INTO `plans_units` VALUES(6,202);
INSERT INTO `plans_units` VALUES(6,196);
INSERT INTO `plans_units` VALUES(6,108);
INSERT INTO `plans_units` VALUES(32,70);
INSERT INTO `plans_units` VALUES(32,149);
INSERT INTO `plans_units` VALUES(32,10);
INSERT INTO `plans_units` VALUES(32,17);
INSERT INTO `plans_units` VALUES(32,98);
INSERT INTO `plans_units` VALUES(5,242);
INSERT INTO `plans_units` VALUES(33,61);
INSERT INTO `plans_units` VALUES(34,70);
INSERT INTO `plans_units` VALUES(34,163);
INSERT INTO `plans_units` VALUES(34,169);
INSERT INTO `plans_units` VALUES(34,229);
INSERT INTO `plans_units` VALUES(34,240);
INSERT INTO `plans_units` VALUES(34,36);
INSERT INTO `plans_units` VALUES(34,394);
INSERT INTO `plans_units` VALUES(35,172);
INSERT INTO `plans_units` VALUES(35,205);
INSERT INTO `plans_units` VALUES(35,223);
INSERT INTO `plans_units` VALUES(36,71);
INSERT INTO `plans_units` VALUES(36,335);
INSERT INTO `plans_units` VALUES(36,388);
CREATE TABLE `prerequisite_connections` (`course_a_id` integer, `course_b_id` integer);
CREATE TABLE `professors` (`id` INTEGER PRIMARY KEY AUTO_INCREMENT NOT NULL, `name` varchar(255), `created_at` datetime, `updated_at` datetime);
INSERT INTO `professors` VALUES(1,'دكتر عباسيان','2014-08-21 04:44:01.066900','2014-08-21 04:44:01.066900');
INSERT INTO `professors` VALUES(2,'دكتر لساني','2014-08-21 04:44:02.683559','2014-08-21 04:44:02.683559');
INSERT INTO `professors` VALUES(3,'دكتر فرهنگي','2014-08-21 04:44:04.003491','2014-08-21 04:44:04.003491');
INSERT INTO `professors` VALUES(4,'مهندس خودکاری','2014-08-21 04:44:04.451409','2014-08-21 04:44:04.451409');
INSERT INTO `professors` VALUES(5,'مهندس رمضانی تبار','2014-08-21 04:44:04.864180','2014-08-21 04:44:04.864180');
INSERT INTO `professors` VALUES(6,'دكتر آشتياني','2014-08-21 04:44:05.264367','2014-08-21 04:44:05.264367');
INSERT INTO `professors` VALUES(7,'دکتر شیخایی','2014-08-21 04:44:05.737434','2014-08-21 04:44:05.737434');
INSERT INTO `professors` VALUES(8,'دكتر محسني','2014-08-21 04:44:06.028982','2014-08-21 04:44:06.028982');
INSERT INTO `professors` VALUES(9,'دكتر كمره‌اي','2014-08-21 04:44:06.630846','2014-08-21 04:44:06.630846');
INSERT INTO `professors` VALUES(10,'دكتر نوابي','2014-08-21 04:44:07.329504','2014-08-21 04:44:07.329504');
INSERT INTO `professors` VALUES(11,'دكتر فاطمي','2014-08-21 04:44:08.431184','2014-08-21 04:44:08.431184');
INSERT INTO `professors` VALUES(12,'دكتر ایمان عینی','2014-08-21 04:44:08.930848','2014-08-21 04:44:08.930848');
INSERT INTO `professors` VALUES(13,'مهندس رضایی','2014-08-21 04:44:09.133463','2014-08-21 04:44:09.133463');
INSERT INTO `professors` VALUES(14,'مهندس رضايي','2014-08-21 04:44:09.428693','2014-08-21 04:44:09.428693');
INSERT INTO `professors` VALUES(15,'دكتر افشارنيا','2014-08-21 04:44:10.104710','2014-08-21 04:44:10.104710');
INSERT INTO `professors` VALUES(16,'دكتر لاهوتي','2014-08-21 04:44:10.573980','2014-08-21 04:44:10.573980');
INSERT INTO `professors` VALUES(17,'دكتر صفري','2014-08-21 04:44:10.904900','2014-08-21 04:44:10.904900');
INSERT INTO `professors` VALUES(18,'مهندس عمادی','2014-08-21 04:44:11.320142','2014-08-21 04:44:11.320142');
INSERT INTO `professors` VALUES(19,'دكتر کارگهی+ مهندس ابراهيمیان','2014-08-21 04:44:11.615475','2014-08-21 04:44:11.615475');
INSERT INTO `professors` VALUES(20,'دكتر تقي‌ياره','2014-08-21 04:44:11.904690','2014-08-21 04:44:11.904690');
INSERT INTO `professors` VALUES(21,'دكتر شایگانی ','2014-08-21 04:44:12.199738','2014-08-21 04:44:12.199738');
INSERT INTO `professors` VALUES(22,'دكتر هاشمي','2014-08-21 04:44:12.596397','2014-08-21 04:44:12.596397');
INSERT INTO `professors` VALUES(23,'دكتر آسایی','2014-08-21 04:44:12.886398','2014-08-21 04:44:12.886398');
INSERT INTO `professors` VALUES(24,'دكتر بهرامي','2014-08-21 04:44:13.843188','2014-08-21 04:44:13.843188');
INSERT INTO `professors` VALUES(25,'دكتر خونساري','2014-08-21 04:44:14.259672','2014-08-21 04:44:14.259672');
INSERT INTO `professors` VALUES(26,'دکتر راشدمحصل','2014-08-21 04:44:14.686956','2014-08-21 04:44:14.686956');
INSERT INTO `professors` VALUES(27,'دكتر فخرايي','2014-08-21 04:44:15.009795','2014-08-21 04:44:15.009795');
INSERT INTO `professors` VALUES(28,'مهندس حسینی','2014-08-21 04:44:16.408782','2014-08-21 04:44:16.408782');
INSERT INTO `professors` VALUES(29,'دکتر شاه آبادی','2014-08-21 04:44:16.703920','2014-08-21 04:44:16.703920');
INSERT INTO `professors` VALUES(30,'دكتر ايمان‌عيني','2014-08-21 04:44:17.197833','2014-08-21 04:44:17.197833');
INSERT INTO `professors` VALUES(31,'دكتر مهاجرزاده','2014-08-21 04:44:17.709476','2014-08-21 04:44:17.709476');
INSERT INTO `professors` VALUES(32,'دكتر سنائی','2014-08-21 04:44:17.918683','2014-08-21 04:44:17.918683');
INSERT INTO `professors` VALUES(33,'دكتر كلاهدوز','2014-08-21 04:44:18.328018','2014-08-21 04:44:18.328018');
INSERT INTO `professors` VALUES(34,'دكتر آشتیانی','2014-08-21 04:44:18.625867','2014-08-21 04:44:18.625867');
INSERT INTO `professors` VALUES(35,'دكتر شیخایی','2014-08-21 04:44:18.845839','2014-08-21 04:44:18.845839');
INSERT INTO `professors` VALUES(36,'دكتر شعاعی','2014-08-21 04:44:19.167027','2014-08-21 04:44:19.167027');
INSERT INTO `professors` VALUES(37,'دكتر شاه منصوری','2014-08-21 04:44:19.715440','2014-08-21 04:44:19.715440');
INSERT INTO `professors` VALUES(38,'دكتر منصف','2014-08-21 04:44:20.546673','2014-08-21 04:44:20.546673');
INSERT INTO `professors` VALUES(39,'دكتر قاسمی','2014-08-21 04:44:20.784952','2014-08-21 04:44:20.784952');
INSERT INTO `professors` VALUES(40,'دکتر افشارنیا','2014-08-21 04:44:21.142429','2014-08-21 04:44:21.142429');
INSERT INTO `professors` VALUES(41,'دكتر خسروي','2014-08-21 04:44:21.473535','2014-08-21 04:44:21.473535');
INSERT INTO `professors` VALUES(42,'اساتيد دانشكده','2014-08-21 04:44:21.985637','2014-08-21 04:44:21.985637');
INSERT INTO `professors` VALUES(43,'دكتر آسائي','2014-08-21 04:44:22.196269','2014-08-21 04:44:22.196269');
INSERT INTO `professors` VALUES(44,'دکتر صباغيان','2014-08-21 04:44:22.718626','2014-08-21 04:44:22.718626');
INSERT INTO `professors` VALUES(45,'دکتر عباسفر','2014-08-21 04:44:22.946917','2014-08-21 04:44:22.946917');
INSERT INTO `professors` VALUES(46,'دكتر رحيمي‌كيان','2014-08-21 04:44:23.262577','2014-08-21 04:44:23.262577');
INSERT INTO `professors` VALUES(47,'دکتر منصف','2014-08-21 04:44:23.587163','2014-08-21 04:44:23.587163');
INSERT INTO `professors` VALUES(48,'دكتر محمدطاهری','2014-08-21 04:44:24.026847','2014-08-21 04:44:24.026847');
INSERT INTO `professors` VALUES(49,'دكتر راشدمحصل','2014-08-21 04:44:24.253100','2014-08-21 04:44:24.253100');
INSERT INTO `professors` VALUES(50,'دكتر','2014-08-21 04:44:24.571430','2014-08-21 04:44:24.571430');
INSERT INTO `professors` VALUES(51,'خانم فاطمي','2014-08-21 04:44:24.965604','2014-08-21 04:44:24.965604');
INSERT INTO `professors` VALUES(52,'دکتر بهرامی','2014-08-21 04:44:25.820690','2014-08-21 04:44:25.820690');
INSERT INTO `professors` VALUES(53,'دكتر تقی یاره','2014-08-21 04:44:26.758473','2014-08-21 04:44:26.758473');
INSERT INTO `professors` VALUES(54,'دکتر فاطمی','2014-08-21 04:44:27.173957','2014-08-21 04:44:27.173957');
INSERT INTO `professors` VALUES(55,'دكتر عبدالاحد','2014-08-21 04:44:27.709648','2014-08-21 04:44:27.709648');
INSERT INTO `professors` VALUES(56,'دكتراصل سلیمانی','2014-08-21 04:44:28.017168','2014-08-21 04:44:28.017168');
INSERT INTO `professors` VALUES(57,'دكتر آيتی','2014-08-21 04:44:28.333074','2014-08-21 04:44:28.333074');
INSERT INTO `professors` VALUES(58,'دکتر داورپناه','2014-08-21 04:44:28.657617','2014-08-21 04:44:28.657617');
INSERT INTO `professors` VALUES(59,'مهندس نبوی','2014-08-21 04:44:28.874008','2014-08-21 04:44:28.874008');
INSERT INTO `professors` VALUES(60,'دكتر مرادي','2014-08-21 04:44:29.699919','2014-08-21 04:44:29.699919');
INSERT INTO `professors` VALUES(61,'دكتر الفت','2014-08-21 04:44:30.330994','2014-08-21 04:44:30.330994');
INSERT INTO `professors` VALUES(62,'دکتر محمدطاهری','2014-08-21 04:44:30.653928','2014-08-21 04:44:30.653928');
INSERT INTO `professors` VALUES(63,'دكتر ايمان عينی','2014-08-21 04:44:30.963067','2014-08-21 04:44:30.963067');
INSERT INTO `professors` VALUES(64,'دكتر امینی فر','2014-08-21 04:44:31.213718','2014-08-21 04:44:31.213718');
INSERT INTO `professors` VALUES(65,'دكتر راشد محصل','2014-08-21 04:44:31.468218','2014-08-21 04:44:31.468218');
INSERT INTO `professors` VALUES(66,'دكتر ربیعی','2014-08-21 04:44:31.913284','2014-08-21 04:44:31.913284');
INSERT INTO `professors` VALUES(67,'دكتر شایگانی','2014-08-21 04:44:32.221193','2014-08-21 04:44:32.221193');
INSERT INTO `professors` VALUES(68,'دكتر مدرسي','2014-08-21 04:44:32.985397','2014-08-21 04:44:32.985397');
INSERT INTO `professors` VALUES(69,'دكتر مرادی','2014-08-21 04:44:33.335088','2014-08-21 04:44:33.335088');
INSERT INTO `professors` VALUES(70,'دكتر يزدانی','2014-08-21 04:44:33.887612','2014-08-21 04:44:33.887612');
INSERT INTO `professors` VALUES(71,'دکتر فولادی','2014-08-21 04:44:34.733888','2014-08-21 04:44:34.733888');
INSERT INTO `professors` VALUES(72,'دكتر اسدپور','2014-08-21 04:44:35.050435','2014-08-21 04:44:35.050435');
INSERT INTO `professors` VALUES(73,'دکتر لسانی','2014-08-21 04:44:35.367737','2014-08-21 04:44:35.367737');
INSERT INTO `professors` VALUES(74,'دكتر فيلي','2014-08-21 04:44:35.810268','2014-08-21 04:44:35.810268');
INSERT INTO `professors` VALUES(75,'دکتر فیض','2014-08-21 04:44:36.113274','2014-08-21 04:44:36.113274');
INSERT INTO `professors` VALUES(76,'دكتر كارگهي','2014-08-21 04:44:36.881923','2014-08-21 04:44:36.881923');
INSERT INTO `professors` VALUES(77,'مهندس محققی','2014-08-21 04:44:37.227306','2014-08-21 04:44:37.227306');
INSERT INTO `professors` VALUES(78,'دكتر افضلی کوشا','2014-08-21 04:44:37.596613','2014-08-21 04:44:37.596613');
INSERT INTO `professors` VALUES(79,'دکتر كبريايي','2014-08-21 04:44:37.917020','2014-08-21 04:44:37.917020');
INSERT INTO `professors` VALUES(80,'دكتر شاکری','2014-08-21 04:44:38.244868','2014-08-21 04:44:38.244868');
INSERT INTO `professors` VALUES(81,'دكتر صبوری','2014-08-21 04:44:38.570359','2014-08-21 04:44:38.570359');
INSERT INTO `professors` VALUES(82,'دكتر رحیمی کلاهدوز','2014-08-21 04:44:38.888522','2014-08-21 04:44:38.888522');
INSERT INTO `professors` VALUES(83,'دکتر محمدی','2014-08-21 04:44:39.321677','2014-08-21 04:44:39.321677');
INSERT INTO `professors` VALUES(84,'دكتر شريفي','2014-08-21 04:44:40.007396','2014-08-21 04:44:40.007396');
INSERT INTO `professors` VALUES(85,'مهندس خراط','2014-08-21 04:44:40.322732','2014-08-21 04:44:40.322732');
INSERT INTO `professors` VALUES(86,'دكتر اربابی','2014-08-21 04:44:40.702184','2014-08-21 04:44:40.702184');
INSERT INTO `professors` VALUES(87,'دكتر ظروفي','2014-08-21 04:44:41.024177','2014-08-21 04:44:41.024177');
INSERT INTO `professors` VALUES(88,'دكتر رئوفی','2014-08-21 04:44:41.459878','2014-08-21 04:44:41.459878');
INSERT INTO `professors` VALUES(89,'دکتر علیزاده','2014-08-21 04:44:41.778830','2014-08-21 04:44:41.778830');
INSERT INTO `professors` VALUES(90,'دکتر ارسالی صالحی نسب','2014-08-21 04:44:42.185204','2014-08-21 04:44:42.185204');
INSERT INTO `professors` VALUES(91,'دکتر نوابی','2014-08-21 04:44:42.504280','2014-08-21 04:44:42.504280');
INSERT INTO `professors` VALUES(92,'دکتر رهگذر','2014-08-21 04:44:43.257944','2014-08-21 04:44:43.257944');
INSERT INTO `professors` VALUES(93,'دکتر ','2014-08-21 04:44:43.580222','2014-08-21 04:44:43.580222');
INSERT INTO `professors` VALUES(94,'مهندس ','2014-08-21 04:44:43.959501','2014-08-21 04:44:43.959501');
INSERT INTO `professors` VALUES(95,'دکتر کمال','2014-08-21 04:44:44.352897','2014-08-21 04:44:44.352897');
INSERT INTO `professors` VALUES(96,'دکتر خونساری','2014-08-21 04:44:44.669200','2014-08-21 04:44:44.669200');
INSERT INTO `professors` VALUES(97,'دکتر يوسفی','2014-08-21 04:44:44.985089','2014-08-21 04:44:44.985089');
INSERT INTO `professors` VALUES(98,'دکتر دری','2014-08-21 05:28:12.253713','2014-08-21 05:28:12.253713');
INSERT INTO `professors` VALUES(99,'نامشخص','2014-08-21 07:07:17.382588','2014-08-21 07:07:17.382588');
INSERT INTO `professors` VALUES(100,'دكتر طاهري ','2014-08-21 08:40:24.310603','2014-08-21 08:40:24.310603');
INSERT INTO `professors` VALUES(101,'دكتر خزعلي ','2014-08-21 08:40:24.799634','2014-08-21 08:40:24.799634');
INSERT INTO `professors` VALUES(102,'دكتر خزعلي  ','2014-08-21 08:40:25.051376','2014-08-21 08:40:25.051376');
INSERT INTO `professors` VALUES(103,'دكتر وهداني ','2014-08-21 08:40:25.420299','2014-08-21 08:40:25.420299');
INSERT INTO `professors` VALUES(104,'دكتر محمودي داريان ','2014-08-21 08:40:25.697692','2014-08-21 08:40:25.697692');
INSERT INTO `professors` VALUES(105,'دكتر رحامي ','2014-08-21 08:40:25.996610','2014-08-21 08:40:25.996610');
INSERT INTO `professors` VALUES(106,'دكتر فيض ديزجي ','2014-08-21 08:40:26.505587','2014-08-21 08:40:26.505587');
INSERT INTO `professors` VALUES(107,'دكتر بايندري مقدم ','2014-08-21 08:40:26.835568','2014-08-21 08:40:26.835568');
INSERT INTO `professors` VALUES(108,'دكتر حسينيان ','2014-08-21 08:40:27.047747','2014-08-21 08:40:27.047747');
INSERT INTO `professors` VALUES(109,'دكتر حسينيان','2014-08-21 08:40:27.456729','2014-08-21 08:40:27.456729');
INSERT INTO `professors` VALUES(110,'دكتر مرادي ','2014-08-21 08:40:27.817698','2014-08-21 08:40:27.817698');
INSERT INTO `professors` VALUES(111,'دكتر هاشمي ','2014-08-21 08:40:28.021912','2014-08-21 08:40:28.021912');
INSERT INTO `professors` VALUES(112,'دكترخزعلي ','2014-08-21 08:40:28.327021','2014-08-21 08:40:28.327021');
INSERT INTO `professors` VALUES(113,'دكتر صالحي ','2014-08-21 08:40:28.701156','2014-08-21 08:40:28.701156');
INSERT INTO `professors` VALUES(114,'دكتر صالحي','2014-08-21 08:40:28.894808','2014-08-21 08:40:28.894808');
INSERT INTO `professors` VALUES(115,'دكتر عابديان ','2014-08-21 08:40:29.093812','2014-08-21 08:40:29.093812');
INSERT INTO `professors` VALUES(116,'دكتر عابديان','2014-08-21 08:40:29.412524','2014-08-21 08:40:29.412524');
INSERT INTO `professors` VALUES(117,'دكتر معظمي ','2014-08-21 08:40:29.700423','2014-08-21 08:40:29.700423');
INSERT INTO `professors` VALUES(118,'دكتر غرقاني ','2014-08-21 08:40:29.918369','2014-08-21 08:40:29.918369');
INSERT INTO `professors` VALUES(119,'دكتر غفاري ','2014-08-21 08:40:30.105420','2014-08-21 08:40:30.105420');
INSERT INTO `professors` VALUES(120,'دكتر مهاجر','2014-08-21 08:40:30.406556','2014-08-21 08:40:30.406556');
INSERT INTO `professors` VALUES(121,'مهندس صالحي ','2014-08-21 08:40:30.688331','2014-08-21 08:40:30.688331');
INSERT INTO `professors` VALUES(122,'مهندس ايمان ','2014-08-21 08:40:31.279743','2014-08-21 08:40:31.279743');
INSERT INTO `professors` VALUES(123,'مهندس ايمان  ','2014-08-21 08:40:32.146355','2014-08-21 08:40:32.146355');
INSERT INTO `professors` VALUES(124,'مهندس صالحي','2014-08-21 08:40:32.808969','2014-08-21 08:40:32.808969');
INSERT INTO `professors` VALUES(125,'مهندس ايمان','2014-08-21 08:40:33.332868','2014-08-21 08:40:33.332868');
INSERT INTO `professors` VALUES(126,'دكتر بايندري مقدم','2014-08-21 08:40:34.572601','2014-08-21 08:40:34.572601');
INSERT INTO `professors` VALUES(127,'دكتر مداح ','2014-08-21 08:40:35.114320','2014-08-21 08:40:35.114320');
INSERT INTO `professors` VALUES(128,'دكتر محمودي داريان','2014-08-21 08:40:35.487924','2014-08-21 08:40:35.487924');
INSERT INTO `professors` VALUES(129,'دكتر مجد','2014-08-21 08:40:35.729462','2014-08-21 08:40:35.729462');
INSERT INTO `professors` VALUES(130,'دكتر مجد ','2014-08-21 08:40:35.963491','2014-08-21 08:40:35.963491');
INSERT INTO `professors` VALUES(131,'دكتر فهيم ','2014-08-21 08:40:36.169154','2014-08-21 08:40:36.169154');
INSERT INTO `professors` VALUES(132,'دكتر فهيم','2014-08-21 08:40:36.468919','2014-08-21 08:40:36.468919');
INSERT INTO `professors` VALUES(133,'دكتر نظري ','2014-08-21 08:40:36.699454','2014-08-21 08:40:36.699454');
INSERT INTO `professors` VALUES(134,'دكتر مداح','2014-08-21 08:40:37.135798','2014-08-21 08:40:37.135798');
INSERT INTO `professors` VALUES(135,'دكتر شاطرزاده ','2014-08-21 08:40:37.389071','2014-08-21 08:40:37.389071');
INSERT INTO `professors` VALUES(136,'دكتر اميري','2014-08-21 08:40:37.745009','2014-08-21 08:40:37.745009');
INSERT INTO `professors` VALUES(137,'دكتر شاطرزاده','2014-08-21 08:40:37.956948','2014-08-21 08:40:37.956948');
INSERT INTO `professors` VALUES(138,'دكتر آقابابا ','2014-08-21 08:40:38.158972','2014-08-21 08:40:38.158972');
INSERT INTO `professors` VALUES(139,'دكتر شاه منصوري','2014-08-21 08:40:38.546762','2014-08-21 08:40:38.546762');
INSERT INTO `professors` VALUES(140,'دكتر خجسته ','2014-08-21 08:40:38.834383','2014-08-21 08:40:38.834383');
INSERT INTO `professors` VALUES(141,'دكتر فيض ديزجي','2014-08-21 08:40:39.167233','2014-08-21 08:40:39.167233');
INSERT INTO `professors` VALUES(142,'دكتر قدوسيان ','2014-08-21 08:40:39.402349','2014-08-21 08:40:39.402349');
INSERT INTO `professors` VALUES(143,'دكتر حشمتي ','2014-08-21 08:40:39.891572','2014-08-21 08:40:39.891572');
INSERT INTO `professors` VALUES(144,'دكتر ناصح پور','2014-08-21 08:40:40.100224','2014-08-21 08:40:40.100224');
INSERT INTO `professors` VALUES(145,'دكتر شعبان خواه ','2014-08-21 08:40:40.536053','2014-08-21 08:40:40.536053');
INSERT INTO `professors` VALUES(146,'دكتر قدوسيان','2014-08-21 08:40:41.051334','2014-08-21 08:40:41.051334');
INSERT INTO `professors` VALUES(147,'مهندس صرافين','2014-08-21 08:40:42.116904','2014-08-21 08:40:42.116904');
INSERT INTO `professors` VALUES(148,'جهانديده','2014-08-21 08:40:43.561446','2014-08-21 08:40:43.561446');
INSERT INTO `professors` VALUES(149,'جهانديده ','2014-08-21 08:40:43.803371','2014-08-21 08:40:43.803371');
INSERT INTO `professors` VALUES(150,'حسيني','2014-08-21 08:40:44.002278','2014-08-21 08:40:44.002278');
INSERT INTO `professors` VALUES(151,'دكتر نظري','2014-08-21 08:40:44.189808','2014-08-21 08:40:44.189808');
INSERT INTO `professors` VALUES(152,'حسييني','2014-08-21 08:40:46.025742','2014-08-21 08:40:46.025742');
INSERT INTO `professors` VALUES(153,' دكتر فهيم ','2014-08-21 08:40:47.104183','2014-08-21 08:40:47.104183');
INSERT INTO `professors` VALUES(154,'جهانديده  ','2014-08-21 08:40:47.808513','2014-08-21 08:40:47.808513');
INSERT INTO `professors` VALUES(155,'رضايي','2014-08-21 08:40:48.493794','2014-08-21 08:40:48.493794');
INSERT INTO `professors` VALUES(156,'جلالي ','2014-08-21 08:40:48.699863','2014-08-21 08:40:48.699863');
INSERT INTO `professors` VALUES(157,'رضايي ','2014-08-21 08:40:48.911624','2014-08-21 08:40:48.911624');
INSERT INTO `professors` VALUES(158,'جلالي','2014-08-21 08:40:49.116267','2014-08-21 08:40:49.116267');
INSERT INTO `professors` VALUES(159,'دكتر آقابابا','2014-08-21 08:40:49.355406','2014-08-21 08:40:49.355406');
INSERT INTO `professors` VALUES(160,'حسيني ','2014-08-21 08:40:50.111799','2014-08-21 08:40:50.111799');
INSERT INTO `professors` VALUES(161,'دكتر شاه منصوري ','2014-08-21 08:40:50.469441','2014-08-21 08:40:50.469441');
INSERT INTO `professors` VALUES(162,'دكتر غفاري','2014-08-21 08:40:53.009985','2014-08-21 08:40:53.009985');
CREATE TABLE `requirement_connections` (`course_a_id` integer, `course_b_id` integer);
CREATE TABLE `terms` (`id` INTEGER PRIMARY KEY AUTO_INCREMENT NOT NULL, `year` integer, `section` integer, `created_at` datetime, `updated_at` datetime);
INSERT INTO `terms` VALUES(1,1393,1,'2014-08-21 04:42:46.758127','2014-08-21 04:42:46.758127');
CREATE TABLE `unit_times` (`id` INTEGER PRIMARY KEY AUTO_INCREMENT NOT NULL, `start_time` time, `end_time` time, `day` integer, `created_at` datetime, `updated_at` datetime);
INSERT INTO `unit_times` VALUES(1,'2000-02-02 13:00:00.000000','2000-02-02 16:00:00.000000',6,'2014-08-21 04:44:01.195911','2014-08-21 04:44:01.195911');
INSERT INTO `unit_times` VALUES(2,'2000-02-02 16:00:00.000000','2000-02-02 19:00:00.000000',6,'2014-08-21 04:44:01.498393','2014-08-21 04:44:01.498393');
INSERT INTO `unit_times` VALUES(3,'2000-02-02 13:00:00.000000','2000-02-02 16:00:00.000000',0,'2014-08-21 04:44:01.698150','2014-08-21 04:44:01.698150');
INSERT INTO `unit_times` VALUES(4,'2000-02-02 16:00:00.000000','2000-02-02 19:00:00.000000',0,'2014-08-21 04:44:01.900687','2014-08-21 04:44:01.900687');
INSERT INTO `unit_times` VALUES(5,'2000-02-02 16:00:00.000000','2000-02-02 19:00:00.000000',1,'2014-08-21 04:44:02.101937','2014-08-21 04:44:02.101937');
INSERT INTO `unit_times` VALUES(6,'2000-02-02 13:00:00.000000','2000-02-02 16:00:00.000000',1,'2014-08-21 04:44:02.307837','2014-08-21 04:44:02.307837');
INSERT INTO `unit_times` VALUES(7,'2000-02-02 13:00:00.000000','2000-02-02 15:30:00.000000',2,'2014-08-21 04:44:02.784101','2014-08-21 04:44:02.784101');
INSERT INTO `unit_times` VALUES(8,'2000-02-02 16:00:00.000000','2000-02-02 18:30:00.000000',2,'2014-08-21 04:44:02.992528','2014-08-21 04:44:02.992528');
INSERT INTO `unit_times` VALUES(9,'2000-02-02 16:00:00.000000','2000-02-02 18:30:00.000000',0,'2014-08-21 04:44:03.200938','2014-08-21 04:44:03.200938');
INSERT INTO `unit_times` VALUES(10,'2000-02-02 13:00:00.000000','2000-02-02 15:30:00.000000',0,'2014-08-21 04:44:03.402111','2014-08-21 04:44:03.402111');
INSERT INTO `unit_times` VALUES(11,'2000-02-02 08:00:00.000000','2000-02-02 11:00:00.000000',3,'2014-08-21 04:44:03.703627','2014-08-21 04:44:03.703627');
INSERT INTO `unit_times` VALUES(12,'2000-02-02 09:00:00.000000','2000-02-02 12:00:00.000000',3,'2014-08-21 04:44:04.103172','2014-08-21 04:44:04.103172');
INSERT INTO `unit_times` VALUES(13,'2000-02-02 13:00:00.000000','2000-02-02 16:00:00.000000',2,'2014-08-21 04:44:04.667449','2014-08-21 04:44:04.667449');
INSERT INTO `unit_times` VALUES(14,'2000-02-02 13:00:00.000000','2000-02-02 16:00:00.000000',3,'2014-08-21 04:44:04.964039','2014-08-21 04:44:04.964039');
INSERT INTO `unit_times` VALUES(15,'2000-02-02 17:30:00.000000','2000-02-02 20:00:00.000000',1,'2014-08-21 04:44:06.132233','2014-08-21 04:44:06.132233');
INSERT INTO `unit_times` VALUES(16,'2000-02-02 17:30:00.000000','2000-02-02 20:00:00.000000',2,'2014-08-21 04:44:06.331817','2014-08-21 04:44:06.331817');
INSERT INTO `unit_times` VALUES(17,'2000-02-02 07:30:00.000000','2000-02-02 10:00:00.000000',2,'2014-08-21 04:44:06.734281','2014-08-21 04:44:06.734281');
INSERT INTO `unit_times` VALUES(18,'2000-02-02 16:00:00.000000','2000-02-02 19:00:00.000000',2,'2014-08-21 04:44:07.046198','2014-08-21 04:44:07.046198');
INSERT INTO `unit_times` VALUES(19,'2000-02-02 14:00:00.000000','2000-02-02 17:00:00.000000',3,'2014-08-21 04:44:08.643605','2014-08-21 04:44:08.643605');
INSERT INTO `unit_times` VALUES(20,'2000-02-02 13:00:00.000000','2000-02-02 15:30:00.000000',1,'2014-08-21 04:44:09.233113','2014-08-21 04:44:09.233113');
INSERT INTO `unit_times` VALUES(21,'2000-02-02 08:00:00.000000','2000-02-02 10:30:00.000000',3,'2014-08-21 04:44:09.631337','2014-08-21 04:44:09.631337');
INSERT INTO `unit_times` VALUES(22,'2000-02-02 17:30:00.000000','2000-02-02 20:00:00.000000',6,'2014-08-21 04:44:10.254362','2014-08-21 04:44:10.254362');
INSERT INTO `unit_times` VALUES(23,'2000-02-02 17:30:00.000000','2000-02-02 20:00:00.000000',0,'2014-08-21 04:44:12.296676','2014-08-21 04:44:12.296676');
INSERT INTO `unit_times` VALUES(24,'2000-02-02 13:00:00.000000','2000-02-02 15:30:00.000000',6,'2014-08-21 04:44:12.977506','2014-08-21 04:44:12.977506');
INSERT INTO `unit_times` VALUES(25,'2000-02-02 15:30:00.000000','2000-02-02 18:00:00.000000',6,'2014-08-21 04:44:13.183530','2014-08-21 04:44:13.183530');
INSERT INTO `unit_times` VALUES(26,'2000-02-02 16:00:00.000000','2000-02-02 18:30:00.000000',1,'2014-08-21 04:44:13.514120','2014-08-21 04:44:13.514120');
INSERT INTO `unit_times` VALUES(27,'2000-02-02 15:30:00.000000','2000-02-02 18:30:00.000000',6,'2014-08-21 04:44:15.231874','2014-08-21 04:44:15.231874');
INSERT INTO `unit_times` VALUES(28,'2000-02-02 15:30:00.000000','2000-02-02 18:30:00.000000',1,'2014-08-21 04:44:15.643111','2014-08-21 04:44:15.643111');
INSERT INTO `unit_times` VALUES(29,'2000-02-02 13:00:00.000000','2000-02-02 15:30:00.000000',3,'2014-08-21 04:44:15.875254','2014-08-21 04:44:15.875254');
INSERT INTO `unit_times` VALUES(30,'2000-02-02 15:30:00.000000','2000-02-02 18:30:00.000000',3,'2014-08-21 04:44:16.085813','2014-08-21 04:44:16.085813');
INSERT INTO `unit_times` VALUES(31,'2000-02-02 09:00:00.000000','2000-02-02 10:30:00.000000',6,'2014-08-21 04:44:16.800766','2014-08-21 04:44:16.800766');
INSERT INTO `unit_times` VALUES(32,'2000-02-02 09:00:00.000000','2000-02-02 10:30:00.000000',1,'2014-08-21 04:44:16.899253','2014-08-21 04:44:16.899253');
INSERT INTO `unit_times` VALUES(33,'2000-02-02 14:00:00.000000','2000-02-02 15:30:00.000000',0,'2014-08-21 04:44:17.295126','2014-08-21 04:44:17.295126');
INSERT INTO `unit_times` VALUES(34,'2000-02-02 14:00:00.000000','2000-02-02 15:30:00.000000',2,'2014-08-21 04:44:17.405328','2014-08-21 04:44:17.405328');
INSERT INTO `unit_times` VALUES(35,'2000-02-02 10:30:00.000000','2000-02-02 12:00:00.000000',6,'2014-08-21 04:44:18.017985','2014-08-21 04:44:18.017985');
INSERT INTO `unit_times` VALUES(36,'2000-02-02 10:30:00.000000','2000-02-02 12:00:00.000000',1,'2014-08-21 04:44:18.121932','2014-08-21 04:44:18.121932');
INSERT INTO `unit_times` VALUES(37,'2000-02-02 09:00:00.000000','2000-02-02 10:30:00.000000',0,'2014-08-21 04:44:19.294820','2014-08-21 04:44:19.294820');
INSERT INTO `unit_times` VALUES(38,'2000-02-02 09:00:00.000000','2000-02-02 10:30:00.000000',2,'2014-08-21 04:44:19.398791','2014-08-21 04:44:19.398791');
INSERT INTO `unit_times` VALUES(39,'2000-02-02 10:30:00.000000','2000-02-02 12:00:00.000000',0,'2014-08-21 04:44:19.823611','2014-08-21 04:44:19.823611');
INSERT INTO `unit_times` VALUES(40,'2000-02-02 10:30:00.000000','2000-02-02 12:00:00.000000',2,'2014-08-21 04:44:19.928810','2014-08-21 04:44:19.928810');
INSERT INTO `unit_times` VALUES(41,'2000-02-02 14:00:00.000000','2000-02-02 15:30:00.000000',6,'2014-08-21 04:44:20.136820','2014-08-21 04:44:20.136820');
INSERT INTO `unit_times` VALUES(42,'2000-02-02 14:00:00.000000','2000-02-02 15:30:00.000000',1,'2014-08-21 04:44:20.241581','2014-08-21 04:44:20.241581');
INSERT INTO `unit_times` VALUES(43,'2000-02-02 07:30:00.000000','2000-02-02 09:00:00.000000',0,'2014-08-21 04:44:21.576828','2014-08-21 04:44:21.576828');
INSERT INTO `unit_times` VALUES(44,'2000-02-02 07:30:00.000000','2000-02-02 09:00:00.000000',2,'2014-08-21 04:44:21.680964','2014-08-21 04:44:21.680964');
INSERT INTO `unit_times` VALUES(45,'2000-02-02 16:00:00.000000','2000-02-02 17:30:00.000000',6,'2014-08-21 04:44:22.293423','2014-08-21 04:44:22.293423');
INSERT INTO `unit_times` VALUES(46,'2000-02-02 16:00:00.000000','2000-02-02 17:30:00.000000',1,'2014-08-21 04:44:22.397398','2014-08-21 04:44:22.397398');
INSERT INTO `unit_times` VALUES(47,'2000-02-02 08:00:00.000000','2000-02-02 10:00:00.000000',3,'2014-08-21 04:44:25.066262','2014-08-21 04:44:25.066262');
INSERT INTO `unit_times` VALUES(48,'2000-02-02 10:00:00.000000','2000-02-02 12:00:00.000000',3,'2014-08-21 04:44:25.290642','2014-08-21 04:44:25.290642');
INSERT INTO `unit_times` VALUES(49,'2000-02-02 13:00:00.000000','2000-02-02 15:00:00.000000',3,'2014-08-21 04:44:25.516500','2014-08-21 04:44:25.516500');
INSERT INTO `unit_times` VALUES(50,'2000-02-02 07:30:00.000000','2000-02-02 09:00:00.000000',6,'2014-08-21 04:44:26.048976','2014-08-21 04:44:26.048976');
INSERT INTO `unit_times` VALUES(51,'2000-02-02 07:30:00.000000','2000-02-02 09:00:00.000000',1,'2014-08-21 04:44:26.321801','2014-08-21 04:44:26.321801');
INSERT INTO `unit_times` VALUES(52,'2000-02-02 16:00:00.000000','2000-02-02 18:00:00.000000',2,'2014-08-21 04:44:26.867563','2014-08-21 04:44:26.867563');
INSERT INTO `unit_times` VALUES(53,'2000-02-02 07:30:00.000000','2000-02-02 18:00:00.000000',3,'2014-08-21 04:44:29.808519','2014-08-21 04:44:29.808519');
INSERT INTO `unit_times` VALUES(54,'2000-02-02 12:00:00.000000','2000-02-02 12:00:00.000000',6,'2014-08-21 04:44:31.707492','2014-08-21 04:44:31.707492');
INSERT INTO `unit_times` VALUES(55,'2000-02-02 16:00:00.000000','2000-02-02 18:30:00.000000',6,'2014-08-21 04:44:35.467854','2014-08-21 04:44:35.467854');
INSERT INTO `unit_times` VALUES(56,'2000-02-02 16:00:00.000000','2000-02-02 17:30:00.000000',0,'2014-08-21 04:44:36.222408','2014-08-21 04:44:36.222408');
INSERT INTO `unit_times` VALUES(57,'2000-02-02 16:00:00.000000','2000-02-02 17:30:00.000000',2,'2014-08-21 04:44:36.351153','2014-08-21 04:44:36.351153');
INSERT INTO `unit_times` VALUES(58,'2000-02-02 14:00:00.000000','2000-02-02 15:30:00.000000',3,'2014-08-21 04:44:39.007511','2014-08-21 04:44:39.007511');
INSERT INTO `unit_times` VALUES(59,'2000-02-02 17:00:00.000000','2000-02-02 19:00:00.000000',0,'2014-08-21 04:44:39.758942','2014-08-21 04:44:39.758942');
INSERT INTO `unit_times` VALUES(60,'2000-02-02 12:00:00.000000','2000-02-02 12:00:00.000000',1,'2014-08-21 04:44:41.879733','2014-08-21 04:44:41.879733');
INSERT INTO `unit_times` VALUES(61,'2000-02-02 09:00:00.000000','2000-02-02 10:30:00.000000',3,'2014-08-21 08:40:26.095089','2014-08-21 08:40:26.095089');
INSERT INTO `unit_times` VALUES(62,'2000-02-02 10:30:00.000000','2000-02-02 12:00:00.000000',3,'2014-08-21 08:40:26.308925','2014-08-21 08:40:26.308925');
INSERT INTO `unit_times` VALUES(63,'2000-02-02 07:30:00.000000','2000-02-02 09:00:00.000000',3,'2014-08-21 08:40:27.150670','2014-08-21 08:40:27.150670');
INSERT INTO `unit_times` VALUES(64,'2000-02-02 08:00:00.000000','2000-02-02 10:00:00.000000',6,'2014-08-21 08:40:30.786025','2014-08-21 08:40:30.786025');
INSERT INTO `unit_times` VALUES(65,'2000-02-02 08:00:00.000000','2000-02-02 10:00:00.000000',1,'2014-08-21 08:40:30.980945','2014-08-21 08:40:30.980945');
INSERT INTO `unit_times` VALUES(66,'2000-02-02 14:00:00.000000','2000-02-02 16:00:00.000000',3,'2014-08-21 08:40:31.363564','2014-08-21 08:40:31.363564');
INSERT INTO `unit_times` VALUES(67,'2000-02-02 10:00:00.000000','2000-02-02 12:00:00.000000',6,'2014-08-21 08:40:31.547501','2014-08-21 08:40:31.547501');
INSERT INTO `unit_times` VALUES(68,'2000-02-02 14:00:00.000000','2000-02-02 17:00:00.000000',6,'2014-08-21 08:40:31.853017','2014-08-21 08:40:31.853017');
INSERT INTO `unit_times` VALUES(69,'2000-02-02 08:00:00.000000','2000-02-02 11:00:00.000000',2,'2014-08-21 08:40:32.243609','2014-08-21 08:40:32.243609');
INSERT INTO `unit_times` VALUES(70,'2000-02-02 14:00:00.000000','2000-02-02 17:00:00.000000',0,'2014-08-21 08:40:32.539271','2014-08-21 08:40:32.539271');
INSERT INTO `unit_times` VALUES(71,'2000-02-02 14:00:00.000000','2000-02-02 17:00:00.000000',1,'2014-08-21 08:40:32.900365','2014-08-21 08:40:32.900365');
INSERT INTO `unit_times` VALUES(72,'2000-02-02 08:00:00.000000','2000-02-02 11:00:00.000000',0,'2014-08-21 08:40:33.489845','2014-08-21 08:40:33.489845');
INSERT INTO `unit_times` VALUES(73,'2000-02-02 16:00:00.000000','2000-02-02 17:30:00.000000',3,'2014-08-21 08:40:33.951115','2014-08-21 08:40:33.951115');
INSERT INTO `unit_times` VALUES(74,'2000-02-02 14:00:00.000000','2000-02-02 16:00:00.000000',6,'2014-08-21 08:40:42.963083','2014-08-21 08:40:42.963083');
INSERT INTO `unit_times` VALUES(75,'2000-02-02 16:00:00.000000','2000-02-02 18:00:00.000000',6,'2014-08-21 08:40:44.390369','2014-08-21 08:40:44.390369');
INSERT INTO `unit_times` VALUES(76,'2000-02-02 14:00:00.000000','2000-02-02 16:00:00.000000',0,'2014-08-21 08:40:45.160146','2014-08-21 08:40:45.160146');
INSERT INTO `unit_times` VALUES(77,'2000-02-02 16:00:00.000000','2000-02-02 18:00:00.000000',0,'2014-08-21 08:40:45.431042','2014-08-21 08:40:45.431042');
INSERT INTO `unit_times` VALUES(78,'2000-02-02 14:00:00.000000','2000-02-02 16:00:00.000000',1,'2014-08-21 08:40:46.232392','2014-08-21 08:40:46.232392');
INSERT INTO `unit_times` VALUES(79,'2000-02-02 16:00:00.000000','2000-02-02 18:00:00.000000',1,'2014-08-21 08:40:46.419199','2014-08-21 08:40:46.419199');
INSERT INTO `unit_times` VALUES(80,'2000-02-02 14:00:00.000000','2000-02-02 16:00:00.000000',2,'2014-08-21 08:40:47.200129','2014-08-21 08:40:47.200129');
INSERT INTO `unit_times` VALUES(81,'2000-02-02 16:00:00.000000','2000-02-02 18:00:00.000000',3,'2014-08-21 08:40:53.231476','2014-08-21 08:40:53.231476');
INSERT INTO `unit_times` VALUES(82,'2000-01-01 07:30:00.000000','2000-01-01 09:00:00.000000',6,'2014-08-21 08:41:01.470386','2014-08-21 10:30:37.328385');
INSERT INTO `unit_times` VALUES(83,'2000-01-01 07:30:00.000000','2000-01-01 09:00:00.000000',1,'2014-08-21 08:41:01.567635','2014-08-21 10:30:37.421946');
INSERT INTO `unit_times` VALUES(84,'2000-01-01 10:30:00.000000','2000-01-01 12:00:00.000000',6,'2014-08-21 08:41:01.877418','2014-08-21 10:30:37.524019');
INSERT INTO `unit_times` VALUES(85,'2000-01-01 10:30:00.000000','2000-01-01 12:00:00.000000',1,'2014-08-21 08:41:01.973311','2014-08-21 10:30:37.620191');
INSERT INTO `unit_times` VALUES(86,'2000-01-01 07:30:00.000000','2000-01-01 09:00:00.000000',0,'2014-08-21 08:41:04.308370','2014-08-21 10:30:37.716718');
INSERT INTO `unit_times` VALUES(87,'2000-01-01 07:30:00.000000','2000-01-01 09:00:00.000000',2,'2014-08-21 08:41:04.403862','2014-08-21 10:30:37.813270');
INSERT INTO `unit_times` VALUES(88,'2000-01-01 10:30:00.000000','2000-01-01 12:00:00.000000',0,'2014-08-21 08:41:04.597103','2014-08-21 10:30:37.999367');
INSERT INTO `unit_times` VALUES(89,'2000-01-01 10:30:00.000000','2000-01-01 12:00:00.000000',2,'2014-08-21 08:41:04.693045','2014-08-21 10:30:38.213915');
INSERT INTO `unit_times` VALUES(90,'2000-01-01 07:30:00.000000','2000-01-01 09:00:00.000000',3,'2014-08-21 08:41:05.512064','2014-08-21 10:30:38.360575');
INSERT INTO `unit_times` VALUES(91,'2000-01-01 10:30:00.000000','2000-01-01 12:00:00.000000',3,'2014-08-21 08:41:05.843234','2014-08-21 10:30:38.551866');
INSERT INTO `unit_times` VALUES(92,'2014-08-21 11:30:00.000000','2014-08-21 13:00:00.000000',6,'2014-08-21 14:17:18.443052','2014-08-21 14:17:18.443052');
INSERT INTO `unit_times` VALUES(93,'2014-08-21 11:30:00.000000','2014-08-21 13:00:00.000000',1,'2014-08-21 14:17:18.531999','2014-08-21 14:17:18.531999');
INSERT INTO `unit_times` VALUES(94,'2000-01-01 16:00:00.000000','2000-01-01 17:30:00.000000',6,'2014-08-21 14:18:22.779336','2014-08-21 19:07:20.302051');
INSERT INTO `unit_times` VALUES(95,'2000-01-01 16:00:00.000000','2000-01-01 17:30:00.000000',1,'2014-08-21 14:18:22.869689','2014-08-21 19:07:33.752103');
INSERT INTO `unit_times` VALUES(96,'2014-08-21 07:30:00.000000','2014-08-21 09:00:00.000000',1,'2014-08-21 18:36:22.103918','2014-08-21 18:36:22.103918');
INSERT INTO `unit_times` VALUES(97,'2014-08-21 07:30:00.000000','2014-08-21 09:00:00.000000',6,'2014-08-21 18:36:22.212845','2014-08-21 18:36:22.212845');
CREATE TABLE `unit_times_units` (`unit_time_id` integer NOT NULL, `unit_id` integer NOT NULL);
INSERT INTO `unit_times_units` VALUES(1,1);
INSERT INTO `unit_times_units` VALUES(2,2);
INSERT INTO `unit_times_units` VALUES(3,3);
INSERT INTO `unit_times_units` VALUES(4,4);
INSERT INTO `unit_times_units` VALUES(5,5);
INSERT INTO `unit_times_units` VALUES(6,6);
INSERT INTO `unit_times_units` VALUES(7,7);
INSERT INTO `unit_times_units` VALUES(8,8);
INSERT INTO `unit_times_units` VALUES(9,9);
INSERT INTO `unit_times_units` VALUES(10,10);
INSERT INTO `unit_times_units` VALUES(11,11);
INSERT INTO `unit_times_units` VALUES(12,12);
INSERT INTO `unit_times_units` VALUES(1,13);
INSERT INTO `unit_times_units` VALUES(13,14);
INSERT INTO `unit_times_units` VALUES(14,15);
INSERT INTO `unit_times_units` VALUES(6,16);
INSERT INTO `unit_times_units` VALUES(12,17);
INSERT INTO `unit_times_units` VALUES(10,18);
INSERT INTO `unit_times_units` VALUES(15,19);
INSERT INTO `unit_times_units` VALUES(16,20);
INSERT INTO `unit_times_units` VALUES(17,21);
INSERT INTO `unit_times_units` VALUES(7,22);
INSERT INTO `unit_times_units` VALUES(18,23);
INSERT INTO `unit_times_units` VALUES(1,24);
INSERT INTO `unit_times_units` VALUES(2,25);
INSERT INTO `unit_times_units` VALUES(3,26);
INSERT INTO `unit_times_units` VALUES(4,27);
INSERT INTO `unit_times_units` VALUES(6,28);
INSERT INTO `unit_times_units` VALUES(5,29);
INSERT INTO `unit_times_units` VALUES(11,30);
INSERT INTO `unit_times_units` VALUES(12,31);
INSERT INTO `unit_times_units` VALUES(19,32);
INSERT INTO `unit_times_units` VALUES(10,33);
INSERT INTO `unit_times_units` VALUES(20,34);
INSERT INTO `unit_times_units` VALUES(7,35);
INSERT INTO `unit_times_units` VALUES(21,36);
INSERT INTO `unit_times_units` VALUES(22,37);
INSERT INTO `unit_times_units` VALUES(11,38);
INSERT INTO `unit_times_units` VALUES(7,39);
INSERT INTO `unit_times_units` VALUES(11,40);
INSERT INTO `unit_times_units` VALUES(22,41);
INSERT INTO `unit_times_units` VALUES(15,42);
INSERT INTO `unit_times_units` VALUES(11,43);
INSERT INTO `unit_times_units` VALUES(23,44);
INSERT INTO `unit_times_units` VALUES(11,45);
INSERT INTO `unit_times_units` VALUES(24,46);
INSERT INTO `unit_times_units` VALUES(25,47);
INSERT INTO `unit_times_units` VALUES(20,48);
INSERT INTO `unit_times_units` VALUES(26,49);
INSERT INTO `unit_times_units` VALUES(24,50);
INSERT INTO `unit_times_units` VALUES(20,51);
INSERT INTO `unit_times_units` VALUES(10,52);
INSERT INTO `unit_times_units` VALUES(9,53);
INSERT INTO `unit_times_units` VALUES(22,54);
INSERT INTO `unit_times_units` VALUES(24,55);
INSERT INTO `unit_times_units` VALUES(27,56);
INSERT INTO `unit_times_units` VALUES(20,57);
INSERT INTO `unit_times_units` VALUES(28,58);
INSERT INTO `unit_times_units` VALUES(29,59);
INSERT INTO `unit_times_units` VALUES(30,60);
INSERT INTO `unit_times_units` VALUES(18,61);
INSERT INTO `unit_times_units` VALUES(31,62);
INSERT INTO `unit_times_units` VALUES(32,62);
INSERT INTO `unit_times_units` VALUES(33,63);
INSERT INTO `unit_times_units` VALUES(34,63);
INSERT INTO `unit_times_units` VALUES(31,64);
INSERT INTO `unit_times_units` VALUES(32,64);
INSERT INTO `unit_times_units` VALUES(35,65);
INSERT INTO `unit_times_units` VALUES(36,65);
INSERT INTO `unit_times_units` VALUES(35,66);
INSERT INTO `unit_times_units` VALUES(36,66);
INSERT INTO `unit_times_units` VALUES(35,67);
INSERT INTO `unit_times_units` VALUES(36,67);
INSERT INTO `unit_times_units` VALUES(35,68);
INSERT INTO `unit_times_units` VALUES(36,68);
INSERT INTO `unit_times_units` VALUES(37,69);
INSERT INTO `unit_times_units` VALUES(38,69);
INSERT INTO `unit_times_units` VALUES(39,70);
INSERT INTO `unit_times_units` VALUES(40,70);
INSERT INTO `unit_times_units` VALUES(41,71);
INSERT INTO `unit_times_units` VALUES(42,71);
INSERT INTO `unit_times_units` VALUES(39,72);
INSERT INTO `unit_times_units` VALUES(40,72);
INSERT INTO `unit_times_units` VALUES(37,73);
INSERT INTO `unit_times_units` VALUES(38,73);
INSERT INTO `unit_times_units` VALUES(31,74);
INSERT INTO `unit_times_units` VALUES(32,74);
INSERT INTO `unit_times_units` VALUES(43,75);
INSERT INTO `unit_times_units` VALUES(44,75);
INSERT INTO `unit_times_units` VALUES(45,76);
INSERT INTO `unit_times_units` VALUES(46,76);
INSERT INTO `unit_times_units` VALUES(39,77);
INSERT INTO `unit_times_units` VALUES(40,77);
INSERT INTO `unit_times_units` VALUES(37,78);
INSERT INTO `unit_times_units` VALUES(38,78);
INSERT INTO `unit_times_units` VALUES(31,79);
INSERT INTO `unit_times_units` VALUES(32,79);
INSERT INTO `unit_times_units` VALUES(33,80);
INSERT INTO `unit_times_units` VALUES(34,80);
INSERT INTO `unit_times_units` VALUES(35,81);
INSERT INTO `unit_times_units` VALUES(36,81);
INSERT INTO `unit_times_units` VALUES(35,82);
INSERT INTO `unit_times_units` VALUES(36,82);
INSERT INTO `unit_times_units` VALUES(35,83);
INSERT INTO `unit_times_units` VALUES(36,83);
INSERT INTO `unit_times_units` VALUES(47,84);
INSERT INTO `unit_times_units` VALUES(48,85);
INSERT INTO `unit_times_units` VALUES(49,86);
INSERT INTO `unit_times_units` VALUES(33,87);
INSERT INTO `unit_times_units` VALUES(34,87);
INSERT INTO `unit_times_units` VALUES(50,88);
INSERT INTO `unit_times_units` VALUES(51,88);
INSERT INTO `unit_times_units` VALUES(52,89);
INSERT INTO `unit_times_units` VALUES(31,90);
INSERT INTO `unit_times_units` VALUES(32,90);
INSERT INTO `unit_times_units` VALUES(31,91);
INSERT INTO `unit_times_units` VALUES(32,91);
INSERT INTO `unit_times_units` VALUES(37,92);
INSERT INTO `unit_times_units` VALUES(38,92);
INSERT INTO `unit_times_units` VALUES(35,93);
INSERT INTO `unit_times_units` VALUES(36,93);
INSERT INTO `unit_times_units` VALUES(37,94);
INSERT INTO `unit_times_units` VALUES(38,94);
INSERT INTO `unit_times_units` VALUES(37,95);
INSERT INTO `unit_times_units` VALUES(38,95);
INSERT INTO `unit_times_units` VALUES(39,96);
INSERT INTO `unit_times_units` VALUES(40,96);
INSERT INTO `unit_times_units` VALUES(33,97);
INSERT INTO `unit_times_units` VALUES(34,97);
INSERT INTO `unit_times_units` VALUES(50,98);
INSERT INTO `unit_times_units` VALUES(51,98);
INSERT INTO `unit_times_units` VALUES(37,99);
INSERT INTO `unit_times_units` VALUES(38,99);
INSERT INTO `unit_times_units` VALUES(53,99);
INSERT INTO `unit_times_units` VALUES(35,100);
INSERT INTO `unit_times_units` VALUES(36,100);
INSERT INTO `unit_times_units` VALUES(53,100);
INSERT INTO `unit_times_units` VALUES(39,101);
INSERT INTO `unit_times_units` VALUES(40,101);
INSERT INTO `unit_times_units` VALUES(31,102);
INSERT INTO `unit_times_units` VALUES(32,102);
INSERT INTO `unit_times_units` VALUES(43,103);
INSERT INTO `unit_times_units` VALUES(44,103);
INSERT INTO `unit_times_units` VALUES(43,104);
INSERT INTO `unit_times_units` VALUES(44,104);
INSERT INTO `unit_times_units` VALUES(33,105);
INSERT INTO `unit_times_units` VALUES(34,105);
INSERT INTO `unit_times_units` VALUES(43,106);
INSERT INTO `unit_times_units` VALUES(44,106);
INSERT INTO `unit_times_units` VALUES(35,107);
INSERT INTO `unit_times_units` VALUES(36,107);
INSERT INTO `unit_times_units` VALUES(50,108);
INSERT INTO `unit_times_units` VALUES(51,108);
INSERT INTO `unit_times_units` VALUES(31,109);
INSERT INTO `unit_times_units` VALUES(32,109);
INSERT INTO `unit_times_units` VALUES(31,110);
INSERT INTO `unit_times_units` VALUES(32,110);
INSERT INTO `unit_times_units` VALUES(37,111);
INSERT INTO `unit_times_units` VALUES(38,111);
INSERT INTO `unit_times_units` VALUES(50,112);
INSERT INTO `unit_times_units` VALUES(51,112);
INSERT INTO `unit_times_units` VALUES(33,113);
INSERT INTO `unit_times_units` VALUES(34,113);
INSERT INTO `unit_times_units` VALUES(39,114);
INSERT INTO `unit_times_units` VALUES(40,114);
INSERT INTO `unit_times_units` VALUES(55,115);
INSERT INTO `unit_times_units` VALUES(37,115);
INSERT INTO `unit_times_units` VALUES(38,115);
INSERT INTO `unit_times_units` VALUES(37,116);
INSERT INTO `unit_times_units` VALUES(38,116);
INSERT INTO `unit_times_units` VALUES(56,117);
INSERT INTO `unit_times_units` VALUES(57,117);
INSERT INTO `unit_times_units` VALUES(41,118);
INSERT INTO `unit_times_units` VALUES(42,118);
INSERT INTO `unit_times_units` VALUES(37,119);
INSERT INTO `unit_times_units` VALUES(38,119);
INSERT INTO `unit_times_units` VALUES(35,120);
INSERT INTO `unit_times_units` VALUES(36,120);
INSERT INTO `unit_times_units` VALUES(39,121);
INSERT INTO `unit_times_units` VALUES(40,121);
INSERT INTO `unit_times_units` VALUES(33,122);
INSERT INTO `unit_times_units` VALUES(34,122);
INSERT INTO `unit_times_units` VALUES(37,123);
INSERT INTO `unit_times_units` VALUES(38,123);
INSERT INTO `unit_times_units` VALUES(39,124);
INSERT INTO `unit_times_units` VALUES(40,124);
INSERT INTO `unit_times_units` VALUES(34,125);
INSERT INTO `unit_times_units` VALUES(58,125);
INSERT INTO `unit_times_units` VALUES(33,126);
INSERT INTO `unit_times_units` VALUES(34,126);
INSERT INTO `unit_times_units` VALUES(39,127);
INSERT INTO `unit_times_units` VALUES(40,127);
INSERT INTO `unit_times_units` VALUES(56,128);
INSERT INTO `unit_times_units` VALUES(57,128);
INSERT INTO `unit_times_units` VALUES(39,129);
INSERT INTO `unit_times_units` VALUES(40,129);
INSERT INTO `unit_times_units` VALUES(45,130);
INSERT INTO `unit_times_units` VALUES(46,130);
INSERT INTO `unit_times_units` VALUES(1,131);
INSERT INTO `unit_times_units` VALUES(35,133);
INSERT INTO `unit_times_units` VALUES(36,133);
INSERT INTO `unit_times_units` VALUES(43,134);
INSERT INTO `unit_times_units` VALUES(44,134);
INSERT INTO `unit_times_units` VALUES(50,135);
INSERT INTO `unit_times_units` VALUES(51,135);
INSERT INTO `unit_times_units` VALUES(37,136);
INSERT INTO `unit_times_units` VALUES(38,136);
INSERT INTO `unit_times_units` VALUES(50,137);
INSERT INTO `unit_times_units` VALUES(51,137);
INSERT INTO `unit_times_units` VALUES(56,138);
INSERT INTO `unit_times_units` VALUES(57,138);
INSERT INTO `unit_times_units` VALUES(39,139);
INSERT INTO `unit_times_units` VALUES(40,139);
INSERT INTO `unit_times_units` VALUES(33,140);
INSERT INTO `unit_times_units` VALUES(34,140);
INSERT INTO `unit_times_units` VALUES(41,141);
INSERT INTO `unit_times_units` VALUES(42,141);
INSERT INTO `unit_times_units` VALUES(31,142);
INSERT INTO `unit_times_units` VALUES(32,142);
INSERT INTO `unit_times_units` VALUES(59,143);
INSERT INTO `unit_times_units` VALUES(37,146);
INSERT INTO `unit_times_units` VALUES(38,146);
INSERT INTO `unit_times_units` VALUES(39,147);
INSERT INTO `unit_times_units` VALUES(40,147);
INSERT INTO `unit_times_units` VALUES(43,148);
INSERT INTO `unit_times_units` VALUES(44,148);
INSERT INTO `unit_times_units` VALUES(37,149);
INSERT INTO `unit_times_units` VALUES(38,149);
INSERT INTO `unit_times_units` VALUES(43,150);
INSERT INTO `unit_times_units` VALUES(44,150);
INSERT INTO `unit_times_units` VALUES(43,151);
INSERT INTO `unit_times_units` VALUES(44,151);
INSERT INTO `unit_times_units` VALUES(32,152);
INSERT INTO `unit_times_units` VALUES(61,152);
INSERT INTO `unit_times_units` VALUES(36,153);
INSERT INTO `unit_times_units` VALUES(62,153);
INSERT INTO `unit_times_units` VALUES(33,154);
INSERT INTO `unit_times_units` VALUES(34,154);
INSERT INTO `unit_times_units` VALUES(37,155);
INSERT INTO `unit_times_units` VALUES(38,155);
INSERT INTO `unit_times_units` VALUES(51,156);
INSERT INTO `unit_times_units` VALUES(63,156);
INSERT INTO `unit_times_units` VALUES(39,157);
INSERT INTO `unit_times_units` VALUES(40,157);
INSERT INTO `unit_times_units` VALUES(33,158);
INSERT INTO `unit_times_units` VALUES(34,158);
INSERT INTO `unit_times_units` VALUES(56,159);
INSERT INTO `unit_times_units` VALUES(57,159);
INSERT INTO `unit_times_units` VALUES(37,160);
INSERT INTO `unit_times_units` VALUES(38,160);
INSERT INTO `unit_times_units` VALUES(35,161);
INSERT INTO `unit_times_units` VALUES(36,161);
INSERT INTO `unit_times_units` VALUES(39,162);
INSERT INTO `unit_times_units` VALUES(40,162);
INSERT INTO `unit_times_units` VALUES(42,163);
INSERT INTO `unit_times_units` VALUES(58,164);
INSERT INTO `unit_times_units` VALUES(61,165);
INSERT INTO `unit_times_units` VALUES(62,166);
INSERT INTO `unit_times_units` VALUES(32,167);
INSERT INTO `unit_times_units` VALUES(37,168);
INSERT INTO `unit_times_units` VALUES(38,168);
INSERT INTO `unit_times_units` VALUES(36,169);
INSERT INTO `unit_times_units` VALUES(62,169);
INSERT INTO `unit_times_units` VALUES(50,170);
INSERT INTO `unit_times_units` VALUES(63,170);
INSERT INTO `unit_times_units` VALUES(35,171);
INSERT INTO `unit_times_units` VALUES(62,171);
INSERT INTO `unit_times_units` VALUES(45,172);
INSERT INTO `unit_times_units` VALUES(46,172);
INSERT INTO `unit_times_units` VALUES(64,173);
INSERT INTO `unit_times_units` VALUES(65,174);
INSERT INTO `unit_times_units` VALUES(66,175);
INSERT INTO `unit_times_units` VALUES(67,176);
INSERT INTO `unit_times_units` VALUES(68,177);
INSERT INTO `unit_times_units` VALUES(69,178);
INSERT INTO `unit_times_units` VALUES(70,179);
INSERT INTO `unit_times_units` VALUES(71,180);
INSERT INTO `unit_times_units` VALUES(11,181);
INSERT INTO `unit_times_units` VALUES(72,182);
INSERT INTO `unit_times_units` VALUES(46,183);
INSERT INTO `unit_times_units` VALUES(73,183);
INSERT INTO `unit_times_units` VALUES(33,184);
INSERT INTO `unit_times_units` VALUES(34,184);
INSERT INTO `unit_times_units` VALUES(51,185);
INSERT INTO `unit_times_units` VALUES(63,185);
INSERT INTO `unit_times_units` VALUES(43,186);
INSERT INTO `unit_times_units` VALUES(44,186);
INSERT INTO `unit_times_units` VALUES(56,187);
INSERT INTO `unit_times_units` VALUES(57,187);
INSERT INTO `unit_times_units` VALUES(32,188);
INSERT INTO `unit_times_units` VALUES(61,188);
INSERT INTO `unit_times_units` VALUES(36,189);
INSERT INTO `unit_times_units` VALUES(62,189);
INSERT INTO `unit_times_units` VALUES(51,190);
INSERT INTO `unit_times_units` VALUES(63,190);
INSERT INTO `unit_times_units` VALUES(32,191);
INSERT INTO `unit_times_units` VALUES(61,191);
INSERT INTO `unit_times_units` VALUES(37,192);
INSERT INTO `unit_times_units` VALUES(38,192);
INSERT INTO `unit_times_units` VALUES(43,193);
INSERT INTO `unit_times_units` VALUES(44,193);
INSERT INTO `unit_times_units` VALUES(37,194);
INSERT INTO `unit_times_units` VALUES(38,194);
INSERT INTO `unit_times_units` VALUES(37,195);
INSERT INTO `unit_times_units` VALUES(38,195);
INSERT INTO `unit_times_units` VALUES(39,196);
INSERT INTO `unit_times_units` VALUES(40,196);
INSERT INTO `unit_times_units` VALUES(31,197);
INSERT INTO `unit_times_units` VALUES(32,197);
INSERT INTO `unit_times_units` VALUES(35,198);
INSERT INTO `unit_times_units` VALUES(36,198);
INSERT INTO `unit_times_units` VALUES(39,199);
INSERT INTO `unit_times_units` VALUES(40,199);
INSERT INTO `unit_times_units` VALUES(36,200);
INSERT INTO `unit_times_units` VALUES(62,200);
INSERT INTO `unit_times_units` VALUES(51,201);
INSERT INTO `unit_times_units` VALUES(63,201);
INSERT INTO `unit_times_units` VALUES(32,202);
INSERT INTO `unit_times_units` VALUES(61,202);
INSERT INTO `unit_times_units` VALUES(46,203);
INSERT INTO `unit_times_units` VALUES(73,203);
INSERT INTO `unit_times_units` VALUES(37,204);
INSERT INTO `unit_times_units` VALUES(38,204);
INSERT INTO `unit_times_units` VALUES(39,205);
INSERT INTO `unit_times_units` VALUES(40,205);
INSERT INTO `unit_times_units` VALUES(56,206);
INSERT INTO `unit_times_units` VALUES(57,206);
INSERT INTO `unit_times_units` VALUES(43,207);
INSERT INTO `unit_times_units` VALUES(44,207);
INSERT INTO `unit_times_units` VALUES(37,208);
INSERT INTO `unit_times_units` VALUES(38,208);
INSERT INTO `unit_times_units` VALUES(37,209);
INSERT INTO `unit_times_units` VALUES(38,209);
INSERT INTO `unit_times_units` VALUES(39,210);
INSERT INTO `unit_times_units` VALUES(40,210);
INSERT INTO `unit_times_units` VALUES(51,211);
INSERT INTO `unit_times_units` VALUES(63,211);
INSERT INTO `unit_times_units` VALUES(32,212);
INSERT INTO `unit_times_units` VALUES(61,212);
INSERT INTO `unit_times_units` VALUES(36,213);
INSERT INTO `unit_times_units` VALUES(62,213);
INSERT INTO `unit_times_units` VALUES(32,214);
INSERT INTO `unit_times_units` VALUES(61,214);
INSERT INTO `unit_times_units` VALUES(32,215);
INSERT INTO `unit_times_units` VALUES(61,215);
INSERT INTO `unit_times_units` VALUES(36,216);
INSERT INTO `unit_times_units` VALUES(62,216);
INSERT INTO `unit_times_units` VALUES(33,217);
INSERT INTO `unit_times_units` VALUES(34,217);
INSERT INTO `unit_times_units` VALUES(39,218);
INSERT INTO `unit_times_units` VALUES(40,218);
INSERT INTO `unit_times_units` VALUES(39,219);
INSERT INTO `unit_times_units` VALUES(40,219);
INSERT INTO `unit_times_units` VALUES(33,220);
INSERT INTO `unit_times_units` VALUES(34,220);
INSERT INTO `unit_times_units` VALUES(42,221);
INSERT INTO `unit_times_units` VALUES(58,221);
INSERT INTO `unit_times_units` VALUES(39,222);
INSERT INTO `unit_times_units` VALUES(40,222);
INSERT INTO `unit_times_units` VALUES(41,223);
INSERT INTO `unit_times_units` VALUES(42,223);
INSERT INTO `unit_times_units` VALUES(50,224);
INSERT INTO `unit_times_units` VALUES(50,225);
INSERT INTO `unit_times_units` VALUES(31,226);
INSERT INTO `unit_times_units` VALUES(31,227);
INSERT INTO `unit_times_units` VALUES(35,228);
INSERT INTO `unit_times_units` VALUES(35,229);
INSERT INTO `unit_times_units` VALUES(74,230);
INSERT INTO `unit_times_units` VALUES(74,231);
INSERT INTO `unit_times_units` VALUES(66,232);
INSERT INTO `unit_times_units` VALUES(66,233);
INSERT INTO `unit_times_units` VALUES(50,234);
INSERT INTO `unit_times_units` VALUES(35,235);
INSERT INTO `unit_times_units` VALUES(74,236);
INSERT INTO `unit_times_units` VALUES(74,237);
INSERT INTO `unit_times_units` VALUES(75,238);
INSERT INTO `unit_times_units` VALUES(75,239);
INSERT INTO `unit_times_units` VALUES(43,240);
INSERT INTO `unit_times_units` VALUES(43,241);
INSERT INTO `unit_times_units` VALUES(39,242);
INSERT INTO `unit_times_units` VALUES(39,243);
INSERT INTO `unit_times_units` VALUES(76,244);
INSERT INTO `unit_times_units` VALUES(76,245);
INSERT INTO `unit_times_units` VALUES(77,246);
INSERT INTO `unit_times_units` VALUES(77,247);
INSERT INTO `unit_times_units` VALUES(51,248);
INSERT INTO `unit_times_units` VALUES(51,249);
INSERT INTO `unit_times_units` VALUES(36,250);
INSERT INTO `unit_times_units` VALUES(36,251);
INSERT INTO `unit_times_units` VALUES(78,252);
INSERT INTO `unit_times_units` VALUES(79,253);
INSERT INTO `unit_times_units` VALUES(44,254);
INSERT INTO `unit_times_units` VALUES(44,255);
INSERT INTO `unit_times_units` VALUES(40,256);
INSERT INTO `unit_times_units` VALUES(40,257);
INSERT INTO `unit_times_units` VALUES(80,258);
INSERT INTO `unit_times_units` VALUES(80,259);
INSERT INTO `unit_times_units` VALUES(52,260);
INSERT INTO `unit_times_units` VALUES(52,261);
INSERT INTO `unit_times_units` VALUES(63,262);
INSERT INTO `unit_times_units` VALUES(62,263);
INSERT INTO `unit_times_units` VALUES(78,264);
INSERT INTO `unit_times_units` VALUES(62,265);
INSERT INTO `unit_times_units` VALUES(66,266);
INSERT INTO `unit_times_units` VALUES(50,267);
INSERT INTO `unit_times_units` VALUES(50,268);
INSERT INTO `unit_times_units` VALUES(35,269);
INSERT INTO `unit_times_units` VALUES(35,270);
INSERT INTO `unit_times_units` VALUES(74,271);
INSERT INTO `unit_times_units` VALUES(74,272);
INSERT INTO `unit_times_units` VALUES(75,273);
INSERT INTO `unit_times_units` VALUES(75,274);
INSERT INTO `unit_times_units` VALUES(43,275);
INSERT INTO `unit_times_units` VALUES(39,276);
INSERT INTO `unit_times_units` VALUES(76,277);
INSERT INTO `unit_times_units` VALUES(76,278);
INSERT INTO `unit_times_units` VALUES(77,279);
INSERT INTO `unit_times_units` VALUES(77,280);
INSERT INTO `unit_times_units` VALUES(51,281);
INSERT INTO `unit_times_units` VALUES(51,282);
INSERT INTO `unit_times_units` VALUES(36,283);
INSERT INTO `unit_times_units` VALUES(36,284);
INSERT INTO `unit_times_units` VALUES(78,285);
INSERT INTO `unit_times_units` VALUES(78,286);
INSERT INTO `unit_times_units` VALUES(79,287);
INSERT INTO `unit_times_units` VALUES(79,288);
INSERT INTO `unit_times_units` VALUES(44,289);
INSERT INTO `unit_times_units` VALUES(44,290);
INSERT INTO `unit_times_units` VALUES(40,291);
INSERT INTO `unit_times_units` VALUES(40,292);
INSERT INTO `unit_times_units` VALUES(80,293);
INSERT INTO `unit_times_units` VALUES(52,294);
INSERT INTO `unit_times_units` VALUES(63,295);
INSERT INTO `unit_times_units` VALUES(62,296);
INSERT INTO `unit_times_units` VALUES(66,297);
INSERT INTO `unit_times_units` VALUES(66,298);
INSERT INTO `unit_times_units` VALUES(81,299);
INSERT INTO `unit_times_units` VALUES(81,300);
INSERT INTO `unit_times_units` VALUES(39,301);
INSERT INTO `unit_times_units` VALUES(82,302);
INSERT INTO `unit_times_units` VALUES(83,302);
INSERT INTO `unit_times_units` VALUES(31,303);
INSERT INTO `unit_times_units` VALUES(32,303);
INSERT INTO `unit_times_units` VALUES(84,304);
INSERT INTO `unit_times_units` VALUES(85,304);
INSERT INTO `unit_times_units` VALUES(42,305);
INSERT INTO `unit_times_units` VALUES(58,305);
INSERT INTO `unit_times_units` VALUES(46,306);
INSERT INTO `unit_times_units` VALUES(73,306);
INSERT INTO `unit_times_units` VALUES(33,307);
INSERT INTO `unit_times_units` VALUES(34,307);
INSERT INTO `unit_times_units` VALUES(56,308);
INSERT INTO `unit_times_units` VALUES(57,308);
INSERT INTO `unit_times_units` VALUES(41,309);
INSERT INTO `unit_times_units` VALUES(58,309);
INSERT INTO `unit_times_units` VALUES(45,310);
INSERT INTO `unit_times_units` VALUES(73,310);
INSERT INTO `unit_times_units` VALUES(33,311);
INSERT INTO `unit_times_units` VALUES(34,311);
INSERT INTO `unit_times_units` VALUES(41,312);
INSERT INTO `unit_times_units` VALUES(42,312);
INSERT INTO `unit_times_units` VALUES(45,313);
INSERT INTO `unit_times_units` VALUES(46,313);
INSERT INTO `unit_times_units` VALUES(41,314);
INSERT INTO `unit_times_units` VALUES(42,314);
INSERT INTO `unit_times_units` VALUES(45,315);
INSERT INTO `unit_times_units` VALUES(46,315);
INSERT INTO `unit_times_units` VALUES(33,316);
INSERT INTO `unit_times_units` VALUES(34,316);
INSERT INTO `unit_times_units` VALUES(56,317);
INSERT INTO `unit_times_units` VALUES(57,317);
INSERT INTO `unit_times_units` VALUES(82,318);
INSERT INTO `unit_times_units` VALUES(83,318);
INSERT INTO `unit_times_units` VALUES(56,319);
INSERT INTO `unit_times_units` VALUES(57,319);
INSERT INTO `unit_times_units` VALUES(86,320);
INSERT INTO `unit_times_units` VALUES(87,320);
INSERT INTO `unit_times_units` VALUES(88,321);
INSERT INTO `unit_times_units` VALUES(89,321);
INSERT INTO `unit_times_units` VALUES(82,322);
INSERT INTO `unit_times_units` VALUES(31,323);
INSERT INTO `unit_times_units` VALUES(41,324);
INSERT INTO `unit_times_units` VALUES(45,325);
INSERT INTO `unit_times_units` VALUES(90,326);
INSERT INTO `unit_times_units` VALUES(61,327);
INSERT INTO `unit_times_units` VALUES(91,328);
INSERT INTO `unit_times_units` VALUES(58,329);
INSERT INTO `unit_times_units` VALUES(33,330);
INSERT INTO `unit_times_units` VALUES(56,331);
INSERT INTO `unit_times_units` VALUES(41,332);
INSERT INTO `unit_times_units` VALUES(45,333);
INSERT INTO `unit_times_units` VALUES(91,334);
INSERT INTO `unit_times_units` VALUES(58,335);
INSERT INTO `unit_times_units` VALUES(73,336);
INSERT INTO `unit_times_units` VALUES(58,337);
INSERT INTO `unit_times_units` VALUES(73,338);
INSERT INTO `unit_times_units` VALUES(90,339);
INSERT INTO `unit_times_units` VALUES(61,340);
INSERT INTO `unit_times_units` VALUES(34,341);
INSERT INTO `unit_times_units` VALUES(57,342);
INSERT INTO `unit_times_units` VALUES(42,343);
INSERT INTO `unit_times_units` VALUES(46,344);
INSERT INTO `unit_times_units` VALUES(58,345);
INSERT INTO `unit_times_units` VALUES(73,346);
INSERT INTO `unit_times_units` VALUES(33,347);
INSERT INTO `unit_times_units` VALUES(56,348);
INSERT INTO `unit_times_units` VALUES(82,349);
INSERT INTO `unit_times_units` VALUES(31,350);
INSERT INTO `unit_times_units` VALUES(84,351);
INSERT INTO `unit_times_units` VALUES(33,352);
INSERT INTO `unit_times_units` VALUES(56,353);
INSERT INTO `unit_times_units` VALUES(42,354);
INSERT INTO `unit_times_units` VALUES(46,355);
INSERT INTO `unit_times_units` VALUES(87,356);
INSERT INTO `unit_times_units` VALUES(89,357);
INSERT INTO `unit_times_units` VALUES(41,358);
INSERT INTO `unit_times_units` VALUES(45,359);
INSERT INTO `unit_times_units` VALUES(82,360);
INSERT INTO `unit_times_units` VALUES(31,361);
INSERT INTO `unit_times_units` VALUES(84,362);
INSERT INTO `unit_times_units` VALUES(34,363);
INSERT INTO `unit_times_units` VALUES(57,364);
INSERT INTO `unit_times_units` VALUES(90,365);
INSERT INTO `unit_times_units` VALUES(61,366);
INSERT INTO `unit_times_units` VALUES(58,367);
INSERT INTO `unit_times_units` VALUES(73,368);
INSERT INTO `unit_times_units` VALUES(41,369);
INSERT INTO `unit_times_units` VALUES(33,370);
INSERT INTO `unit_times_units` VALUES(56,371);
INSERT INTO `unit_times_units` VALUES(82,372);
INSERT INTO `unit_times_units` VALUES(31,373);
INSERT INTO `unit_times_units` VALUES(84,374);
INSERT INTO `unit_times_units` VALUES(41,375);
INSERT INTO `unit_times_units` VALUES(45,376);
INSERT INTO `unit_times_units` VALUES(58,377);
INSERT INTO `unit_times_units` VALUES(73,378);
INSERT INTO `unit_times_units` VALUES(83,379);
INSERT INTO `unit_times_units` VALUES(32,380);
INSERT INTO `unit_times_units` VALUES(85,381);
INSERT INTO `unit_times_units` VALUES(31,382);
INSERT INTO `unit_times_units` VALUES(84,383);
INSERT INTO `unit_times_units` VALUES(41,384);
INSERT INTO `unit_times_units` VALUES(45,385);
INSERT INTO `unit_times_units` VALUES(42,386);
INSERT INTO `unit_times_units` VALUES(46,387);
INSERT INTO `unit_times_units` VALUES(34,388);
INSERT INTO `unit_times_units` VALUES(57,389);
INSERT INTO `unit_times_units` VALUES(90,390);
INSERT INTO `unit_times_units` VALUES(61,391);
INSERT INTO `unit_times_units` VALUES(91,392);
INSERT INTO `unit_times_units` VALUES(94,394);
INSERT INTO `unit_times_units` VALUES(95,394);
INSERT INTO `unit_times_units` VALUES(96,395);
INSERT INTO `unit_times_units` VALUES(97,395);
CREATE TABLE `units` (`id` INTEGER PRIMARY KEY AUTO_INCREMENT NOT NULL, `exam_date` datetime, `capacity` integer, `code` varchar(255), `course_id` integer, `professor_id` integer, `term_id` integer, `created_at` datetime, `updated_at` datetime);
INSERT INTO `units` VALUES(1,'1900-01-01 00:00:00.000000',12,'01',1,1,1,'2014-08-21 04:44:01.366522','2014-08-21 04:44:01.366522');
INSERT INTO `units` VALUES(2,'1900-01-01 00:00:00.000000',12,'02',1,1,1,'2014-08-21 04:44:01.594557','2014-08-21 04:44:01.594557');
INSERT INTO `units` VALUES(3,'1900-01-01 00:00:00.000000',12,'03',1,1,1,'2014-08-21 04:44:01.792812','2014-08-21 04:44:01.792812');
INSERT INTO `units` VALUES(4,'1900-01-01 00:00:00.000000',12,'04',1,1,1,'2014-08-21 04:44:01.997569','2014-08-21 04:44:01.997569');
INSERT INTO `units` VALUES(5,'1900-01-01 00:00:00.000000',12,'05',1,1,1,'2014-08-21 04:44:02.199320','2014-08-21 04:44:02.199320');
INSERT INTO `units` VALUES(6,'1900-01-01 00:00:00.000000',12,'06',1,1,1,'2014-08-21 04:44:02.403994','2014-08-21 04:44:02.403994');
INSERT INTO `units` VALUES(7,'1900-01-01 00:00:00.000000',15,'01',2,2,1,'2014-08-21 04:44:02.889013','2014-08-21 04:44:02.889013');
INSERT INTO `units` VALUES(8,'1900-01-01 00:00:00.000000',15,'02',2,2,1,'2014-08-21 04:44:03.096621','2014-08-21 04:44:03.096621');
INSERT INTO `units` VALUES(9,'1900-01-01 00:00:00.000000',15,'03',2,2,1,'2014-08-21 04:44:03.298579','2014-08-21 04:44:03.298579');
INSERT INTO `units` VALUES(10,'1900-01-01 00:00:00.000000',15,'04',2,2,1,'2014-08-21 04:44:03.500656','2014-08-21 04:44:03.500656');
INSERT INTO `units` VALUES(11,'1900-01-01 00:00:00.000000',15,'01',3,2,1,'2014-08-21 04:44:03.800984','2014-08-21 04:44:03.800984');
INSERT INTO `units` VALUES(12,'1900-01-01 00:00:00.000000',12,'01',4,3,1,'2014-08-21 04:44:04.235295','2014-08-21 04:44:04.235295');
INSERT INTO `units` VALUES(13,'1900-01-01 00:00:00.000000',30,'01',5,4,1,'2014-08-21 04:44:04.562224','2014-08-21 04:44:04.562224');
INSERT INTO `units` VALUES(14,'1900-01-01 00:00:00.000000',30,'02',5,4,1,'2014-08-21 04:44:04.765028','2014-08-21 04:44:04.765028');
INSERT INTO `units` VALUES(15,'1900-01-01 00:00:00.000000',30,'03',5,5,1,'2014-08-21 04:44:05.063661','2014-08-21 04:44:05.063661');
INSERT INTO `units` VALUES(16,'1900-01-01 00:00:00.000000',30,'01',6,6,1,'2014-08-21 04:44:05.371631','2014-08-21 04:44:05.371631');
INSERT INTO `units` VALUES(17,'1900-01-01 00:00:00.000000',30,'02',6,6,1,'2014-08-21 04:44:05.491487','2014-08-21 04:44:05.491487');
INSERT INTO `units` VALUES(18,'1900-01-01 00:00:00.000000',12,'01',7,7,1,'2014-08-21 04:44:05.837522','2014-08-21 04:44:05.837522');
INSERT INTO `units` VALUES(19,'1900-01-01 00:00:00.000000',12,'01',8,8,1,'2014-08-21 04:44:06.230737','2014-08-21 04:44:06.230737');
INSERT INTO `units` VALUES(20,'1900-01-01 00:00:00.000000',12,'02',8,8,1,'2014-08-21 04:44:06.429712','2014-08-21 04:44:06.429712');
INSERT INTO `units` VALUES(21,'1900-01-01 00:00:00.000000',25,'01',9,9,1,'2014-08-21 04:44:06.833345','2014-08-21 04:44:06.833345');
INSERT INTO `units` VALUES(22,'1900-01-01 00:00:00.000000',25,'02',9,9,1,'2014-08-21 04:44:06.945040','2014-08-21 04:44:06.945040');
INSERT INTO `units` VALUES(23,'1900-01-01 00:00:00.000000',25,'03',9,9,1,'2014-08-21 04:44:07.146273','2014-08-21 04:44:07.146273');
INSERT INTO `units` VALUES(24,'1900-01-01 00:00:00.000000',16,'01',10,10,1,'2014-08-21 04:44:07.451433','2014-08-21 04:44:07.451433');
INSERT INTO `units` VALUES(25,'1900-01-01 00:00:00.000000',16,'02',10,10,1,'2014-08-21 04:44:07.560983','2014-08-21 04:44:07.560983');
INSERT INTO `units` VALUES(26,'1900-01-01 00:00:00.000000',16,'03',10,10,1,'2014-08-21 04:44:07.669355','2014-08-21 04:44:07.669355');
INSERT INTO `units` VALUES(27,'1900-01-01 00:00:00.000000',16,'04',10,10,1,'2014-08-21 04:44:07.783138','2014-08-21 04:44:07.783138');
INSERT INTO `units` VALUES(28,'1900-01-01 00:00:00.000000',16,'05',10,10,1,'2014-08-21 04:44:07.897985','2014-08-21 04:44:07.897985');
INSERT INTO `units` VALUES(29,'1900-01-01 00:00:00.000000',16,'06',11,10,1,'2014-08-21 04:44:08.111428','2014-08-21 04:44:08.111428');
INSERT INTO `units` VALUES(30,'1900-01-01 00:00:00.000000',62,'07',11,10,1,'2014-08-21 04:44:08.222712','2014-08-21 04:44:08.222712');
INSERT INTO `units` VALUES(31,'1900-01-01 00:00:00.000000',16,'01',12,11,1,'2014-08-21 04:44:08.541023','2014-08-21 04:44:08.541023');
INSERT INTO `units` VALUES(32,'1900-01-01 00:00:00.000000',16,'02',12,11,1,'2014-08-21 04:44:08.741414','2014-08-21 04:44:08.741414');
INSERT INTO `units` VALUES(33,'1900-01-01 00:00:00.000000',16,'01',13,12,1,'2014-08-21 04:44:09.035529','2014-08-21 04:44:09.035529');
INSERT INTO `units` VALUES(34,'1900-01-01 00:00:00.000000',16,'02',13,13,1,'2014-08-21 04:44:09.332130','2014-08-21 04:44:09.332130');
INSERT INTO `units` VALUES(35,'1900-01-01 00:00:00.000000',16,'03',13,14,1,'2014-08-21 04:44:09.528753','2014-08-21 04:44:09.528753');
INSERT INTO `units` VALUES(36,'1900-01-01 00:00:00.000000',16,'04',13,14,1,'2014-08-21 04:44:09.824279','2014-08-21 04:44:09.824279');
INSERT INTO `units` VALUES(37,'1900-01-01 00:00:00.000000',20,'01',14,15,1,'2014-08-21 04:44:10.360388','2014-08-21 04:44:10.360388');
INSERT INTO `units` VALUES(38,'1900-01-01 00:00:00.000000',16,'01',15,16,1,'2014-08-21 04:44:10.678337','2014-08-21 04:44:10.678337');
INSERT INTO `units` VALUES(39,'1900-01-01 00:00:00.000000',18,'01',16,17,1,'2014-08-21 04:44:11.008528','2014-08-21 04:44:11.008528');
INSERT INTO `units` VALUES(40,'1900-01-01 00:00:00.000000',18,'02',16,17,1,'2014-08-21 04:44:11.118531','2014-08-21 04:44:11.118531');
INSERT INTO `units` VALUES(41,'1900-01-01 00:00:00.000000',50,'01',17,18,1,'2014-08-21 04:44:11.424067','2014-08-21 04:44:11.424067');
INSERT INTO `units` VALUES(42,'1900-01-01 00:00:00.000000',50,'01',18,19,1,'2014-08-21 04:44:11.719643','2014-08-21 04:44:11.719643');
INSERT INTO `units` VALUES(43,'1900-01-01 00:00:00.000000',12,'01',19,20,1,'2014-08-21 04:44:12.008491','2014-08-21 04:44:12.008491');
INSERT INTO `units` VALUES(44,'1900-01-01 00:00:00.000000',15,'01',20,21,1,'2014-08-21 04:44:12.395120','2014-08-21 04:44:12.395120');
INSERT INTO `units` VALUES(45,'1900-01-01 00:00:00.000000',12,'01',21,22,1,'2014-08-21 04:44:12.701448','2014-08-21 04:44:12.701448');
INSERT INTO `units` VALUES(46,'1900-01-01 00:00:00.000000',16,'01',22,23,1,'2014-08-21 04:44:13.082734','2014-08-21 04:44:13.082734');
INSERT INTO `units` VALUES(47,'1900-01-01 00:00:00.000000',16,'02',22,23,1,'2014-08-21 04:44:13.280891','2014-08-21 04:44:13.280891');
INSERT INTO `units` VALUES(48,'1900-01-01 00:00:00.000000',16,'03',22,23,1,'2014-08-21 04:44:13.394270','2014-08-21 04:44:13.394270');
INSERT INTO `units` VALUES(49,'1900-01-01 00:00:00.000000',16,'04',22,23,1,'2014-08-21 04:44:13.612309','2014-08-21 04:44:13.612309');
INSERT INTO `units` VALUES(50,'1900-01-01 00:00:00.000000',6,'01',23,24,1,'2014-08-21 04:44:13.960382','2014-08-21 04:44:13.960382');
INSERT INTO `units` VALUES(51,'1900-01-01 00:00:00.000000',6,'02',23,24,1,'2014-08-21 04:44:14.069726','2014-08-21 04:44:14.069726');
INSERT INTO `units` VALUES(52,'1900-01-01 00:00:00.000000',8,'01',24,25,1,'2014-08-21 04:44:14.369177','2014-08-21 04:44:14.369177');
INSERT INTO `units` VALUES(53,'1900-01-01 00:00:00.000000',8,'02',24,25,1,'2014-08-21 04:44:14.484012','2014-08-21 04:44:14.484012');
INSERT INTO `units` VALUES(54,'1900-01-01 00:00:00.000000',16,'01',25,26,1,'2014-08-21 04:44:14.796696','2014-08-21 04:44:14.796696');
INSERT INTO `units` VALUES(55,'1900-01-01 00:00:00.000000',15,'01',26,27,1,'2014-08-21 04:44:15.112321','2014-08-21 04:44:15.112321');
INSERT INTO `units` VALUES(56,'1900-01-01 00:00:00.000000',15,'02',26,27,1,'2014-08-21 04:44:15.328563','2014-08-21 04:44:15.328563');
INSERT INTO `units` VALUES(57,'1900-01-01 00:00:00.000000',15,'03',27,27,1,'2014-08-21 04:44:15.530598','2014-08-21 04:44:15.530598');
INSERT INTO `units` VALUES(58,'1900-01-01 00:00:00.000000',15,'04',26,27,1,'2014-08-21 04:44:15.744162','2014-08-21 04:44:15.744162');
INSERT INTO `units` VALUES(59,'1900-01-01 00:00:00.000000',15,'05',27,27,1,'2014-08-21 04:44:15.978485','2014-08-21 04:44:15.978485');
INSERT INTO `units` VALUES(60,'1900-01-01 00:00:00.000000',15,'06',27,27,1,'2014-08-21 04:44:16.178433','2014-08-21 04:44:16.178433');
INSERT INTO `units` VALUES(61,'1900-01-01 00:00:00.000000',30,'01',28,28,1,'2014-08-21 04:44:16.513016','2014-08-21 04:44:16.513016');
INSERT INTO `units` VALUES(62,'2015-01-07 16:00:00.000000',100,'01',29,29,1,'2014-08-21 04:44:16.996323','2014-08-21 05:58:55.461452');
INSERT INTO `units` VALUES(63,'2015-01-11 08:00:00.000000',50,'02',30,30,1,'2014-08-21 04:44:17.508830','2014-08-21 05:58:55.554699');
INSERT INTO `units` VALUES(64,'2015-01-10 08:00:00.000000',50,'01',31,31,1,'2014-08-21 04:44:17.814361','2014-08-21 05:58:55.696848');
INSERT INTO `units` VALUES(65,'2015-01-10 08:00:00.000000',50,'02',31,32,1,'2014-08-21 04:44:18.225702','2014-08-21 05:58:55.806989');
INSERT INTO `units` VALUES(66,'2015-01-10 08:00:00.000000',44,'03',31,33,1,'2014-08-21 04:44:18.434762','2014-08-21 05:58:55.897421');
INSERT INTO `units` VALUES(67,'2015-01-14 08:00:00.000000',50,'01',32,34,1,'2014-08-21 04:44:18.741473','2014-08-21 05:58:55.994046');
INSERT INTO `units` VALUES(68,'2015-01-14 08:00:00.000000',50,'02',32,35,1,'2014-08-21 04:44:18.965052','2014-08-21 05:58:56.102469');
INSERT INTO `units` VALUES(69,'2015-01-14 16:00:00.000000',45,'01',33,36,1,'2014-08-21 04:44:19.520527','2014-08-21 05:58:56.202922');
INSERT INTO `units` VALUES(70,'2015-01-10 08:00:00.000000',60,'01',34,37,1,'2014-08-21 04:44:20.031883','2014-08-21 05:58:56.306248');
INSERT INTO `units` VALUES(71,'2015-01-10 08:00:00.000000',60,'02',34,37,1,'2014-08-21 04:44:20.345205','2014-08-21 05:58:56.408022');
INSERT INTO `units` VALUES(72,'2015-01-10 16:00:00.000000',50,'01',35,38,1,'2014-08-21 04:44:20.681426','2014-08-21 05:58:56.511821');
INSERT INTO `units` VALUES(73,'2015-01-10 16:00:00.000000',50,'02',35,39,1,'2014-08-21 04:44:20.898153','2014-08-21 05:58:56.614284');
INSERT INTO `units` VALUES(74,'2015-01-04 08:00:00.000000',30,'01',36,40,1,'2014-08-21 04:44:21.259048','2014-08-21 05:58:56.724457');
INSERT INTO `units` VALUES(75,'2015-01-05 08:00:00.000000',50,'01',37,41,1,'2014-08-21 04:44:21.784230','2014-08-21 05:58:56.824776');
INSERT INTO `units` VALUES(76,'2015-01-13 16:00:00.000000',50,'01',39,43,1,'2014-08-21 04:44:22.513236','2014-08-21 05:58:56.925397');
INSERT INTO `units` VALUES(77,'2015-01-11 16:00:00.000000',50,'01',40,44,1,'2014-08-21 04:44:22.837991','2014-08-21 05:58:57.021789');
INSERT INTO `units` VALUES(78,'2015-01-11 16:00:00.000000',50,'02',40,45,1,'2014-08-21 04:44:23.060286','2014-08-21 05:58:57.120152');
INSERT INTO `units` VALUES(79,'2015-01-04 16:00:00.000000',50,'01',41,46,1,'2014-08-21 04:44:23.383120','2014-08-21 05:58:57.216964');
INSERT INTO `units` VALUES(80,'2015-01-11 00:00:00.000000',30,'01',42,47,1,'2014-08-21 04:44:23.741121','2014-08-21 05:58:57.312895');
INSERT INTO `units` VALUES(81,'2015-01-12 16:00:00.000000',60,'01',43,48,1,'2014-08-21 04:44:24.147189','2014-08-21 05:58:57.415824');
INSERT INTO `units` VALUES(82,'2015-01-12 16:00:00.000000',60,'02',43,49,1,'2014-08-21 04:44:24.366068','2014-08-21 05:58:57.517960');
INSERT INTO `units` VALUES(83,'2015-01-15 08:00:00.000000',30,'01',44,50,1,'2014-08-21 04:44:24.680415','2014-08-21 05:58:57.618159');
INSERT INTO `units` VALUES(84,'2015-01-11 08:00:00.000000',0,'01',45,51,1,'2014-08-21 04:44:25.176438','2014-08-21 05:58:57.714297');
INSERT INTO `units` VALUES(85,'2015-01-11 08:00:00.000000',0,'02',45,51,1,'2014-08-21 04:44:25.393560','2014-08-21 05:58:57.828815');
INSERT INTO `units` VALUES(86,'2015-01-11 08:00:00.000000',0,'03',45,51,1,'2014-08-21 04:44:25.619421','2014-08-21 05:58:57.921225');
INSERT INTO `units` VALUES(87,'2015-01-03 08:00:00.000000',60,'01',46,52,1,'2014-08-21 04:44:25.937772','2014-08-21 05:58:58.011801');
INSERT INTO `units` VALUES(88,'2015-01-03 08:00:00.000000',60,'02',46,1,1,'2014-08-21 04:44:26.464803','2014-08-21 05:58:58.114042');
INSERT INTO `units` VALUES(89,'2015-01-14 08:00:00.000000',40,'01',47,53,1,'2014-08-21 04:44:26.963208','2014-08-21 05:58:58.258779');
INSERT INTO `units` VALUES(90,'2015-01-07 08:00:00.000000',70,'01',48,54,1,'2014-08-21 04:44:27.289902','2014-08-21 05:58:58.360379');
INSERT INTO `units` VALUES(91,'2015-01-13 08:00:00.000000',30,'01',49,8,1,'2014-08-21 04:44:27.508999','2014-08-21 05:58:58.480628');
INSERT INTO `units` VALUES(92,'2015-01-06 16:00:00.000000',30,'01',50,55,1,'2014-08-21 04:44:27.819844','2014-08-21 05:58:58.578043');
INSERT INTO `units` VALUES(93,'2015-01-06 08:00:00.000000',30,'01',51,56,1,'2014-08-21 04:44:28.136058','2014-08-21 05:58:58.690012');
INSERT INTO `units` VALUES(94,'2015-01-15 08:00:00.000000',30,'01',52,57,1,'2014-08-21 04:44:28.458556','2014-08-21 05:58:58.811143');
INSERT INTO `units` VALUES(95,'2015-01-06 16:00:00.000000',50,'01',53,58,1,'2014-08-21 04:44:28.769951','2014-08-21 05:58:58.907808');
INSERT INTO `units` VALUES(96,'2015-01-06 16:00:00.000000',50,'02',53,59,1,'2014-08-21 04:44:28.998701','2014-08-21 05:58:58.998957');
INSERT INTO `units` VALUES(97,'2015-01-12 08:00:00.000000',40,'01',54,59,1,'2014-08-21 04:44:29.233937','2014-08-21 05:58:59.089863');
INSERT INTO `units` VALUES(98,'2015-01-12 08:00:00.000000',50,'01',55,9,1,'2014-08-21 04:44:29.466149','2014-08-21 05:58:59.184188');
INSERT INTO `units` VALUES(99,'2015-01-08 08:00:00.000000',150,'01',56,60,1,'2014-08-21 04:44:29.948936','2014-08-21 05:58:59.280304');
INSERT INTO `units` VALUES(100,'2015-01-08 08:00:00.000000',130,'02',56,22,1,'2014-08-21 04:44:30.131022','2014-08-21 05:58:59.376638');
INSERT INTO `units` VALUES(101,'2015-01-11 16:00:00.000000',50,'01',57,61,1,'2014-08-21 04:44:30.445036','2014-08-21 05:58:59.469222');
INSERT INTO `units` VALUES(102,'2015-01-04 08:00:00.000000',50,'01',58,62,1,'2014-08-21 04:44:30.764598','2014-08-21 05:58:59.577702');
INSERT INTO `units` VALUES(103,'2015-01-03 16:00:00.000000',80,'01',59,63,1,'2014-08-21 04:44:31.071327','2014-08-21 05:58:59.685942');
INSERT INTO `units` VALUES(104,'2015-01-03 16:00:00.000000',80,'02',59,64,1,'2014-08-21 04:44:31.326967','2014-08-21 05:58:59.800340');
INSERT INTO `units` VALUES(105,'2015-01-10 16:00:00.000000',50,'01',60,66,1,'2014-08-21 04:44:32.023242','2014-08-21 05:58:59.894776');
INSERT INTO `units` VALUES(106,'2015-01-14 16:00:00.000000',60,'01',61,67,1,'2014-08-21 04:44:32.331162','2014-08-21 05:58:59.985052');
INSERT INTO `units` VALUES(107,'2015-01-15 08:00:00.000000',50,'01',62,9,1,'2014-08-21 04:44:32.552617','2014-08-21 05:59:00.075434');
INSERT INTO `units` VALUES(108,'2015-01-07 08:00:00.000000',150,'01',63,10,1,'2014-08-21 04:44:32.776704','2014-08-21 05:59:00.165866');
INSERT INTO `units` VALUES(109,'2015-01-05 08:00:00.000000',30,'01',64,68,1,'2014-08-21 04:44:33.093730','2014-08-21 05:59:00.261263');
INSERT INTO `units` VALUES(110,'2015-01-12 08:00:00.000000',60,'01',65,69,1,'2014-08-21 04:44:33.538541','2014-08-21 05:59:00.354169');
INSERT INTO `units` VALUES(111,'2015-01-04 08:00:00.000000',60,'01',66,70,1,'2014-08-21 04:44:34.062262','2014-08-21 05:59:00.439033');
INSERT INTO `units` VALUES(112,'2015-01-03 08:00:00.000000',50,'01',67,17,1,'2014-08-21 04:44:34.478193','2014-08-21 05:59:00.529071');
INSERT INTO `units` VALUES(113,'2015-01-15 08:00:00.000000',60,'01',68,71,1,'2014-08-21 04:44:34.841017','2014-08-21 05:59:00.620412');
INSERT INTO `units` VALUES(114,'2015-01-13 08:00:00.000000',60,'01',69,72,1,'2014-08-21 04:44:35.162542','2014-08-21 05:59:00.728514');
INSERT INTO `units` VALUES(115,'2015-01-06 08:00:00.000000',45,'01',70,73,1,'2014-08-21 04:44:35.595328','2014-08-21 05:59:00.823604');
INSERT INTO `units` VALUES(116,'2015-01-05 08:00:00.000000',50,'01',71,74,1,'2014-08-21 04:44:35.912332','2014-08-21 05:59:00.937041');
INSERT INTO `units` VALUES(117,'2015-01-10 08:00:00.000000',45,'01',72,75,1,'2014-08-21 04:44:36.451797','2014-08-21 05:59:01.304504');
INSERT INTO `units` VALUES(118,'2015-01-03 16:00:00.000000',30,'01',73,58,1,'2014-08-21 04:44:36.674022','2014-08-21 05:59:01.465134');
INSERT INTO `units` VALUES(119,'2015-01-14 08:00:00.000000',50,'01',74,76,1,'2014-08-21 04:44:36.989414','2014-08-21 05:59:01.605346');
INSERT INTO `units` VALUES(120,'2015-01-04 08:00:00.000000',30,'01',75,77,1,'2014-08-21 04:44:37.338186','2014-08-21 05:59:01.718980');
INSERT INTO `units` VALUES(121,'2015-01-08 08:00:00.000000',30,'01',76,78,1,'2014-08-21 04:44:37.697996','2014-08-21 05:59:01.840705');
INSERT INTO `units` VALUES(122,'2015-01-13 16:00:00.000000',40,'01',77,79,1,'2014-08-21 04:44:38.028531','2014-08-21 05:59:01.960952');
INSERT INTO `units` VALUES(123,'2015-01-06 08:00:00.000000',50,'01',78,80,1,'2014-08-21 04:44:38.356495','2014-08-21 05:59:02.056924');
INSERT INTO `units` VALUES(124,'2015-01-14 16:00:00.000000',50,'01',79,81,1,'2014-08-21 04:44:38.673548','2014-08-21 05:59:02.147479');
INSERT INTO `units` VALUES(125,'2015-01-08 08:00:00.000000',60,'01',80,82,1,'2014-08-21 04:44:39.113928','2014-08-21 05:59:02.241742');
INSERT INTO `units` VALUES(126,'2015-01-08 08:00:00.000000',80,'01',81,83,1,'2014-08-21 04:44:39.434740','2014-08-21 05:59:02.344163');
INSERT INTO `units` VALUES(127,'2015-01-10 08:00:00.000000',30,'01',84,84,1,'2014-08-21 04:44:40.120633','2014-08-21 05:59:02.434407');
INSERT INTO `units` VALUES(128,'2015-01-14 16:00:00.000000',30,'01',85,85,1,'2014-08-21 04:44:40.432489','2014-08-21 05:59:02.524863');
INSERT INTO `units` VALUES(129,'2015-01-13 08:00:00.000000',30,'01',86,86,1,'2014-08-21 04:44:40.815311','2014-08-21 05:59:02.617102');
INSERT INTO `units` VALUES(130,'2015-01-15 08:00:00.000000',30,'01',87,87,1,'2014-08-21 04:44:41.135118','2014-08-21 05:59:02.713640');
INSERT INTO `units` VALUES(131,'2015-01-04 16:00:00.000000',30,'01',88,88,1,'2014-08-21 04:44:41.565094','2014-08-21 05:59:02.826025');
INSERT INTO `units` VALUES(133,'2015-01-05 16:00:00.000000',30,'01',90,90,1,'2014-08-21 04:44:42.298850','2014-08-21 05:59:03.045104');
INSERT INTO `units` VALUES(134,'2015-01-05 16:00:00.000000',30,'01',91,91,1,'2014-08-21 04:44:42.785874','2014-08-21 05:59:03.141402');
INSERT INTO `units` VALUES(135,'2015-01-05 16:00:00.000000',30,'01',93,92,1,'2014-08-21 04:44:43.368371','2014-08-21 05:59:03.235915');
INSERT INTO `units` VALUES(136,'2015-01-08 08:00:00.000000',30,'01',94,93,1,'2014-08-21 04:44:43.691252','2014-08-21 05:59:03.344177');
INSERT INTO `units` VALUES(137,'2015-01-04 16:00:00.000000',40,'01',95,94,1,'2014-08-21 04:44:44.124481','2014-08-21 05:59:03.434544');
INSERT INTO `units` VALUES(138,'2015-01-12 08:00:00.000000',30,'01',96,95,1,'2014-08-21 04:44:44.463411','2014-08-21 05:59:03.525167');
INSERT INTO `units` VALUES(139,'2015-01-13 16:00:00.000000',30,'01',97,96,1,'2014-08-21 04:44:44.782535','2014-08-21 05:59:03.617390');
INSERT INTO `units` VALUES(140,'2015-01-04 08:00:00.000000',50,'01',98,97,1,'2014-08-21 04:44:45.094281','2014-08-21 05:59:03.714005');
INSERT INTO `units` VALUES(141,'2015-01-10 16:00:00.000000',40,'01',99,98,1,'2014-08-21 05:28:12.372588','2014-08-21 05:59:03.804082');
INSERT INTO `units` VALUES(142,'2015-01-07 16:00:00.000000',40,'01',82,99,1,'2014-08-21 07:07:17.513636','2014-08-21 07:48:36.402754');
INSERT INTO `units` VALUES(143,'2015-01-07 08:00:00.000000',40,'01',83,99,1,'2014-08-21 07:07:17.633341','2014-08-21 07:48:42.539077');
INSERT INTO `units` VALUES(146,'2015-01-15 08:00:00.000000',40,'01',100,100,1,'2014-08-21 08:40:24.484889','2014-08-21 08:40:24.484889');
INSERT INTO `units` VALUES(147,'2015-01-15 08:00:00.000000',40,'02',100,100,1,'2014-08-21 08:40:24.604295','2014-08-21 08:40:24.604295');
INSERT INTO `units` VALUES(148,'2015-01-08 08:00:00.000000',0,'01',101,101,1,'2014-08-21 08:40:24.953050','2014-08-21 08:40:24.953050');
INSERT INTO `units` VALUES(149,'2015-01-08 08:00:00.000000',0,'02',101,102,1,'2014-08-21 08:40:25.161409','2014-08-21 08:40:25.161409');
INSERT INTO `units` VALUES(150,'2015-01-08 08:00:00.000000',0,'03',102,103,1,'2014-08-21 08:40:25.519477','2014-08-21 08:40:25.519477');
INSERT INTO `units` VALUES(151,'2015-01-08 08:00:00.000000',30,'01',103,104,1,'2014-08-21 08:40:25.802275','2014-08-21 08:40:25.802275');
INSERT INTO `units` VALUES(152,'2015-01-06 08:00:00.000000',40,'01',104,105,1,'2014-08-21 08:40:26.193288','2014-08-21 08:40:26.193288');
INSERT INTO `units` VALUES(153,'2015-01-06 08:00:00.000000',40,'02',104,105,1,'2014-08-21 08:40:26.399479','2014-08-21 08:40:26.399479');
INSERT INTO `units` VALUES(154,'2015-01-06 08:00:00.000000',40,'03',104,106,1,'2014-08-21 08:40:26.611820','2014-08-21 08:40:26.611820');
INSERT INTO `units` VALUES(155,'2015-01-15 08:00:00.000000',0,'01',105,107,1,'2014-08-21 08:40:26.940762','2014-08-21 08:40:26.940762');
INSERT INTO `units` VALUES(156,'2015-01-15 08:00:00.000000',0,'02',105,108,1,'2014-08-21 08:40:27.247029','2014-08-21 08:40:27.247029');
INSERT INTO `units` VALUES(157,'2015-01-15 08:00:00.000000',0,'03',105,107,1,'2014-08-21 08:40:27.363345','2014-08-21 08:40:27.363345');
INSERT INTO `units` VALUES(158,'2015-01-15 08:00:00.000000',0,'04',105,109,1,'2014-08-21 08:40:27.566771','2014-08-21 08:40:27.566771');
INSERT INTO `units` VALUES(159,'2015-01-15 08:00:00.000000',0,'05',105,108,1,'2014-08-21 08:40:27.731279','2014-08-21 08:40:27.731279');
INSERT INTO `units` VALUES(160,'2015-01-08 08:00:00.000000',0,'01',56,110,1,'2014-08-21 08:40:27.914773','2014-08-21 08:40:27.914773');
INSERT INTO `units` VALUES(161,'2015-01-08 08:00:00.000000',0,'02',56,111,1,'2014-08-21 08:40:28.126742','2014-08-21 08:40:28.126742');
INSERT INTO `units` VALUES(162,'2015-01-08 08:00:00.000000',0,'03',106,112,1,'2014-08-21 08:40:28.510129','2014-08-21 08:40:28.510129');
INSERT INTO `units` VALUES(163,'2015-01-08 08:00:00.000000',40,'01',107,113,1,'2014-08-21 08:40:28.805566','2014-08-21 08:40:28.805566');
INSERT INTO `units` VALUES(164,'2015-01-08 08:00:00.000000',40,'02',107,114,1,'2014-08-21 08:40:28.985876','2014-08-21 08:40:28.985876');
INSERT INTO `units` VALUES(165,'2015-01-08 08:00:00.000000',40,'03',107,115,1,'2014-08-21 08:40:29.185441','2014-08-21 08:40:29.185441');
INSERT INTO `units` VALUES(166,'2015-01-08 08:00:00.000000',40,'04',107,115,1,'2014-08-21 08:40:29.317543','2014-08-21 08:40:29.317543');
INSERT INTO `units` VALUES(167,'2015-01-08 08:00:00.000000',40,'05',107,116,1,'2014-08-21 08:40:29.510530','2014-08-21 08:40:29.510530');
INSERT INTO `units` VALUES(168,'2015-01-06 08:00:00.000000',40,'01',108,117,1,'2014-08-21 08:40:29.821941','2014-08-21 08:40:29.821941');
INSERT INTO `units` VALUES(169,'2015-01-06 08:00:00.000000',40,'02',108,118,1,'2014-08-21 08:40:30.015755','2014-08-21 08:40:30.015755');
INSERT INTO `units` VALUES(170,'2015-01-06 08:00:00.000000',40,'03',108,119,1,'2014-08-21 08:40:30.202994','2014-08-21 08:40:30.202994');
INSERT INTO `units` VALUES(171,'2015-01-06 08:00:00.000000',40,'04',108,119,1,'2014-08-21 08:40:30.308271','2014-08-21 08:40:30.308271');
INSERT INTO `units` VALUES(172,'2015-01-06 08:00:00.000000',40,'03',108,120,1,'2014-08-21 08:40:30.515803','2014-08-21 08:40:30.515803');
INSERT INTO `units` VALUES(173,'1900-01-01 00:00:00.000000',0,'01',109,121,1,'2014-08-21 08:40:30.884345','2014-08-21 08:40:30.884345');
INSERT INTO `units` VALUES(174,'1900-01-01 00:00:00.000000',0,'02',109,121,1,'2014-08-21 08:40:31.107414','2014-08-21 08:40:31.107414');
INSERT INTO `units` VALUES(175,'1900-01-01 00:00:00.000000',0,'03',110,122,1,'2014-08-21 08:40:31.454648','2014-08-21 08:40:31.454648');
INSERT INTO `units` VALUES(176,'1900-01-01 00:00:00.000000',0,'04',110,121,1,'2014-08-21 08:40:31.668013','2014-08-21 08:40:31.668013');
INSERT INTO `units` VALUES(177,'1900-01-01 00:00:00.000000',0,'01',111,121,1,'2014-08-21 08:40:31.951599','2014-08-21 08:40:31.951599');
INSERT INTO `units` VALUES(178,'1900-01-01 00:00:00.000000',0,'02',112,123,1,'2014-08-21 08:40:32.342099','2014-08-21 08:40:32.342099');
INSERT INTO `units` VALUES(179,'1900-01-01 00:00:00.000000',0,'03',113,122,1,'2014-08-21 08:40:32.631362','2014-08-21 08:40:32.631362');
INSERT INTO `units` VALUES(180,'1900-01-01 00:00:00.000000',0,'04',114,124,1,'2014-08-21 08:40:32.993049','2014-08-21 08:40:32.993049');
INSERT INTO `units` VALUES(181,'1900-01-01 00:00:00.000000',0,'05',112,122,1,'2014-08-21 08:40:33.096771','2014-08-21 08:40:33.096771');
INSERT INTO `units` VALUES(182,'1900-01-01 00:00:00.000000',0,'06',112,125,1,'2014-08-21 08:40:33.689747','2014-08-21 08:40:33.689747');
INSERT INTO `units` VALUES(183,'2015-01-15 08:00:00.000000',0,'01',115,108,1,'2014-08-21 08:40:34.044353','2014-08-21 08:40:34.044353');
INSERT INTO `units` VALUES(184,'2015-01-15 08:00:00.000000',0,'02',115,107,1,'2014-08-21 08:40:34.168409','2014-08-21 08:40:34.168409');
INSERT INTO `units` VALUES(185,'2015-01-15 08:00:00.000000',0,'03',115,107,1,'2014-08-21 08:40:34.277140','2014-08-21 08:40:34.277140');
INSERT INTO `units` VALUES(186,'2015-01-15 08:00:00.000000',0,'04',116,107,1,'2014-08-21 08:40:34.480477','2014-08-21 08:40:34.480477');
INSERT INTO `units` VALUES(187,'2015-01-15 08:00:00.000000',0,'05',115,126,1,'2014-08-21 08:40:34.671601','2014-08-21 08:40:34.671601');
INSERT INTO `units` VALUES(188,'2015-01-15 08:00:00.000000',0,'06',116,109,1,'2014-08-21 08:40:34.780726','2014-08-21 08:40:34.780726');
INSERT INTO `units` VALUES(189,'2015-01-15 08:00:00.000000',0,'07',116,109,1,'2014-08-21 08:40:34.889285','2014-08-21 08:40:34.889285');
INSERT INTO `units` VALUES(190,'2015-01-11 08:00:00.000000',0,'01',117,127,1,'2014-08-21 08:40:35.245300','2014-08-21 08:40:35.245300');
INSERT INTO `units` VALUES(191,'2015-01-11 08:00:00.000000',0,'02',117,127,1,'2014-08-21 08:40:35.380013','2014-08-21 08:40:35.380013');
INSERT INTO `units` VALUES(192,'2015-01-11 08:00:00.000000',0,'03',117,128,1,'2014-08-21 08:40:35.612315','2014-08-21 08:40:35.612315');
INSERT INTO `units` VALUES(193,'2015-01-11 08:00:00.000000',0,'04',117,129,1,'2014-08-21 08:40:35.838449','2014-08-21 08:40:35.838449');
INSERT INTO `units` VALUES(194,'2015-01-11 08:00:00.000000',0,'05',117,130,1,'2014-08-21 08:40:36.071090','2014-08-21 08:40:36.071090');
INSERT INTO `units` VALUES(195,'2015-01-11 08:00:00.000000',0,'06',117,131,1,'2014-08-21 08:40:36.278357','2014-08-21 08:40:36.278357');
INSERT INTO `units` VALUES(196,'2015-01-11 08:00:00.000000',0,'07',118,132,1,'2014-08-21 08:40:36.597645','2014-08-21 08:40:36.597645');
INSERT INTO `units` VALUES(197,'2015-01-11 08:00:00.000000',0,'08',117,133,1,'2014-08-21 08:40:36.808452','2014-08-21 08:40:36.808452');
INSERT INTO `units` VALUES(198,'2015-01-11 08:00:00.000000',0,'09',117,133,1,'2014-08-21 08:40:36.923436','2014-08-21 08:40:36.923436');
INSERT INTO `units` VALUES(199,'2015-01-11 08:00:00.000000',0,'10',117,128,1,'2014-08-21 08:40:37.036940','2014-08-21 08:40:37.036940');
INSERT INTO `units` VALUES(200,'2015-01-11 08:00:00.000000',0,'11',117,134,1,'2014-08-21 08:40:37.244585','2014-08-21 08:40:37.244585');
INSERT INTO `units` VALUES(201,'2015-01-11 08:00:00.000000',0,'12',117,135,1,'2014-08-21 08:40:37.494072','2014-08-21 08:40:37.494072');
INSERT INTO `units` VALUES(202,'2015-01-11 11:00:00.000000',40,'01',119,136,1,'2014-08-21 08:40:37.855151','2014-08-21 08:40:37.855151');
INSERT INTO `units` VALUES(203,'2015-01-11 11:00:00.000000',40,'02',119,137,1,'2014-08-21 08:40:38.065998','2014-08-21 08:40:38.065998');
INSERT INTO `units` VALUES(204,'2015-01-11 11:00:00.000000',40,'03',119,138,1,'2014-08-21 08:40:38.285711','2014-08-21 08:40:38.285711');
INSERT INTO `units` VALUES(205,'2015-01-11 11:00:00.000000',40,'04',119,138,1,'2014-08-21 08:40:38.439615','2014-08-21 08:40:38.439615');
INSERT INTO `units` VALUES(206,'2015-01-11 11:00:00.000000',40,'05',119,139,1,'2014-08-21 08:40:38.652940','2014-08-21 08:40:38.652940');
INSERT INTO `units` VALUES(207,'2015-01-04 08:00:00.000000',0,'01',120,140,1,'2014-08-21 08:40:38.946274','2014-08-21 08:40:38.946274');
INSERT INTO `units` VALUES(208,'2015-01-04 08:00:00.000000',0,'02',120,140,1,'2014-08-21 08:40:39.062412','2014-08-21 08:40:39.062412');
INSERT INTO `units` VALUES(209,'2015-01-04 08:00:00.000000',0,'03',120,141,1,'2014-08-21 08:40:39.300388','2014-08-21 08:40:39.300388');
INSERT INTO `units` VALUES(210,'2015-01-04 08:00:00.000000',0,'04',120,142,1,'2014-08-21 08:40:39.518842','2014-08-21 08:40:39.518842');
INSERT INTO `units` VALUES(211,'2015-01-04 08:00:00.000000',0,'05',120,105,1,'2014-08-21 08:40:39.633993','2014-08-21 08:40:39.633993');
INSERT INTO `units` VALUES(212,'2015-01-04 08:00:00.000000',0,'06',120,118,1,'2014-08-21 08:40:39.753040','2014-08-21 08:40:39.753040');
INSERT INTO `units` VALUES(213,'2015-01-04 08:00:00.000000',0,'07',120,143,1,'2014-08-21 08:40:39.998795','2014-08-21 08:40:39.998795');
INSERT INTO `units` VALUES(214,'2015-01-04 08:00:00.000000',0,'08',120,144,1,'2014-08-21 08:40:40.211661','2014-08-21 08:40:40.211661');
INSERT INTO `units` VALUES(215,'2015-01-04 08:00:00.000000',0,'09',120,114,1,'2014-08-21 08:40:40.327710','2014-08-21 08:40:40.327710');
INSERT INTO `units` VALUES(216,'2015-01-04 08:00:00.000000',0,'10',120,114,1,'2014-08-21 08:40:40.436873','2014-08-21 08:40:40.436873');
INSERT INTO `units` VALUES(217,'2015-01-04 08:00:00.000000',0,'11',120,145,1,'2014-08-21 08:40:40.645764','2014-08-21 08:40:40.645764');
INSERT INTO `units` VALUES(218,'2015-01-04 08:00:00.000000',0,'12',121,145,1,'2014-08-21 08:40:40.844499','2014-08-21 08:40:40.844499');
INSERT INTO `units` VALUES(219,'2015-01-04 08:00:00.000000',0,'13',120,141,1,'2014-08-21 08:40:40.954623','2014-08-21 08:40:40.954623');
INSERT INTO `units` VALUES(220,'2015-01-04 08:00:00.000000',0,'14',120,146,1,'2014-08-21 08:40:41.155370','2014-08-21 08:40:41.155370');
INSERT INTO `units` VALUES(221,'2015-01-04 08:00:00.000000',0,'15',120,144,1,'2014-08-21 08:40:41.267281','2014-08-21 08:40:41.267281');
INSERT INTO `units` VALUES(222,'2015-01-13 08:00:00.000000',40,'01',122,140,1,'2014-08-21 08:40:41.560514','2014-08-21 08:40:41.560514');
INSERT INTO `units` VALUES(223,'2015-01-13 08:00:00.000000',40,'03',122,120,1,'2014-08-21 08:40:41.735357','2014-08-21 08:40:41.735357');
INSERT INTO `units` VALUES(224,'1900-01-01 00:00:00.000000',0,'01',123,108,1,'2014-08-21 08:40:41.933054','2014-08-21 08:40:41.933054');
INSERT INTO `units` VALUES(225,'1900-01-01 00:00:00.000000',0,'02',124,147,1,'2014-08-21 08:40:42.215237','2014-08-21 08:40:42.215237');
INSERT INTO `units` VALUES(226,'1900-01-01 00:00:00.000000',0,'03',125,108,1,'2014-08-21 08:40:42.419649','2014-08-21 08:40:42.419649');
INSERT INTO `units` VALUES(227,'1900-01-01 00:00:00.000000',0,'04',126,147,1,'2014-08-21 08:40:42.626103','2014-08-21 08:40:42.626103');
INSERT INTO `units` VALUES(228,'1900-01-01 00:00:00.000000',0,'05',126,108,1,'2014-08-21 08:40:42.753064','2014-08-21 08:40:42.753064');
INSERT INTO `units` VALUES(229,'1900-01-01 00:00:00.000000',0,'06',125,147,1,'2014-08-21 08:40:42.855306','2014-08-21 08:40:42.855306');
INSERT INTO `units` VALUES(230,'1900-01-01 00:00:00.000000',0,'07',125,108,1,'2014-08-21 08:40:43.063898','2014-08-21 08:40:43.063898');
INSERT INTO `units` VALUES(231,'1900-01-01 00:00:00.000000',0,'08',125,147,1,'2014-08-21 08:40:43.162898','2014-08-21 08:40:43.162898');
INSERT INTO `units` VALUES(232,'1900-01-01 00:00:00.000000',0,'09',125,108,1,'2014-08-21 08:40:43.265711','2014-08-21 08:40:43.265711');
INSERT INTO `units` VALUES(233,'1900-01-01 00:00:00.000000',0,'10',125,147,1,'2014-08-21 08:40:43.367325','2014-08-21 08:40:43.367325');
INSERT INTO `units` VALUES(234,'1900-01-01 00:00:00.000000',0,'01',127,148,1,'2014-08-21 08:40:43.708262','2014-08-21 08:40:43.708262');
INSERT INTO `units` VALUES(235,'1900-01-01 00:00:00.000000',0,'02',127,149,1,'2014-08-21 08:40:43.907128','2014-08-21 08:40:43.907128');
INSERT INTO `units` VALUES(236,'1900-01-01 00:00:00.000000',0,'03',127,150,1,'2014-08-21 08:40:44.100221','2014-08-21 08:40:44.100221');
INSERT INTO `units` VALUES(237,'1900-01-01 00:00:00.000000',0,'04',127,151,1,'2014-08-21 08:40:44.280466','2014-08-21 08:40:44.280466');
INSERT INTO `units` VALUES(238,'1900-01-01 00:00:00.000000',0,'05',127,150,1,'2014-08-21 08:40:44.499018','2014-08-21 08:40:44.499018');
INSERT INTO `units` VALUES(239,'1900-01-01 00:00:00.000000',0,'06',127,133,1,'2014-08-21 08:40:44.604431','2014-08-21 08:40:44.604431');
INSERT INTO `units` VALUES(240,'1900-01-01 00:00:00.000000',0,'07',127,148,1,'2014-08-21 08:40:44.723107','2014-08-21 08:40:44.723107');
INSERT INTO `units` VALUES(241,'1900-01-01 00:00:00.000000',0,'08',127,148,1,'2014-08-21 08:40:44.826487','2014-08-21 08:40:44.826487');
INSERT INTO `units` VALUES(242,'1900-01-01 00:00:00.000000',0,'09',127,149,1,'2014-08-21 08:40:44.935807','2014-08-21 08:40:44.935807');
INSERT INTO `units` VALUES(243,'1900-01-01 00:00:00.000000',0,'10',127,129,1,'2014-08-21 08:40:45.058503','2014-08-21 08:40:45.058503');
INSERT INTO `units` VALUES(244,'1900-01-01 00:00:00.000000',0,'11',127,128,1,'2014-08-21 08:40:45.244855','2014-08-21 08:40:45.244855');
INSERT INTO `units` VALUES(245,'1900-01-01 00:00:00.000000',0,'12',127,131,1,'2014-08-21 08:40:45.341423','2014-08-21 08:40:45.341423');
INSERT INTO `units` VALUES(246,'1900-01-01 00:00:00.000000',0,'13',127,104,1,'2014-08-21 08:40:45.528231','2014-08-21 08:40:45.528231');
INSERT INTO `units` VALUES(247,'1900-01-01 00:00:00.000000',0,'14',127,131,1,'2014-08-21 08:40:45.625021','2014-08-21 08:40:45.625021');
INSERT INTO `units` VALUES(248,'1900-01-01 00:00:00.000000',0,'15',127,149,1,'2014-08-21 08:40:45.727428','2014-08-21 08:40:45.727428');
INSERT INTO `units` VALUES(249,'1900-01-01 00:00:00.000000',0,'16',127,150,1,'2014-08-21 08:40:45.829519','2014-08-21 08:40:45.829519');
INSERT INTO `units` VALUES(250,'1900-01-01 00:00:00.000000',0,'17',127,149,1,'2014-08-21 08:40:45.931725','2014-08-21 08:40:45.931725');
INSERT INTO `units` VALUES(251,'1900-01-01 00:00:00.000000',0,'18',127,152,1,'2014-08-21 08:40:46.128639','2014-08-21 08:40:46.128639');
INSERT INTO `units` VALUES(252,'1900-01-01 00:00:00.000000',0,'19',127,133,1,'2014-08-21 08:40:46.329127','2014-08-21 08:40:46.329127');
INSERT INTO `units` VALUES(253,'1900-01-01 00:00:00.000000',0,'20',127,133,1,'2014-08-21 08:40:46.527427','2014-08-21 08:40:46.527427');
INSERT INTO `units` VALUES(254,'1900-01-01 00:00:00.000000',0,'26',127,148,1,'2014-08-21 08:40:46.625282','2014-08-21 08:40:46.625282');
INSERT INTO `units` VALUES(255,'1900-01-01 00:00:00.000000',0,'27',127,137,1,'2014-08-21 08:40:46.745958','2014-08-21 08:40:46.745958');
INSERT INTO `units` VALUES(256,'1900-01-01 00:00:00.000000',0,'28',127,148,1,'2014-08-21 08:40:46.901922','2014-08-21 08:40:46.901922');
INSERT INTO `units` VALUES(257,'1900-01-01 00:00:00.000000',0,'29',127,135,1,'2014-08-21 08:40:47.004580','2014-08-21 08:40:47.004580');
INSERT INTO `units` VALUES(258,'1900-01-01 00:00:00.000000',0,'30',127,153,1,'2014-08-21 08:40:47.298322','2014-08-21 08:40:47.298322');
INSERT INTO `units` VALUES(259,'1900-01-01 00:00:00.000000',0,'31',127,104,1,'2014-08-21 08:40:47.419155','2014-08-21 08:40:47.419155');
INSERT INTO `units` VALUES(260,'1900-01-01 00:00:00.000000',0,'32',127,131,1,'2014-08-21 08:40:47.521646','2014-08-21 08:40:47.521646');
INSERT INTO `units` VALUES(261,'1900-01-01 00:00:00.000000',0,'33',127,128,1,'2014-08-21 08:40:47.618026','2014-08-21 08:40:47.618026');
INSERT INTO `units` VALUES(262,'1900-01-01 00:00:00.000000',0,'34',127,149,1,'2014-08-21 08:40:47.719462','2014-08-21 08:40:47.719462');
INSERT INTO `units` VALUES(263,'1900-01-01 00:00:00.000000',0,'35',127,154,1,'2014-08-21 08:40:47.912297','2014-08-21 08:40:47.912297');
INSERT INTO `units` VALUES(264,'1900-01-01 00:00:00.000000',0,'36',127,137,1,'2014-08-21 08:40:48.016711','2014-08-21 08:40:48.016711');
INSERT INTO `units` VALUES(265,'1900-01-01 00:00:00.000000',0,'37',127,135,1,'2014-08-21 08:40:48.125118','2014-08-21 08:40:48.125118');
INSERT INTO `units` VALUES(266,'1900-01-01 00:00:00.000000',0,'38',127,135,1,'2014-08-21 08:40:48.233293','2014-08-21 08:40:48.233293');
INSERT INTO `units` VALUES(267,'1900-01-01 00:00:00.000000',10,'01',128,155,1,'2014-08-21 08:40:48.602537','2014-08-21 08:40:48.602537');
INSERT INTO `units` VALUES(268,'1900-01-01 00:00:00.000000',10,'02',128,156,1,'2014-08-21 08:40:48.791165','2014-08-21 08:40:48.791165');
INSERT INTO `units` VALUES(269,'1900-01-01 00:00:00.000000',10,'03',128,157,1,'2014-08-21 08:40:49.018717','2014-08-21 08:40:49.018717');
INSERT INTO `units` VALUES(270,'1900-01-01 00:00:00.000000',10,'04',128,158,1,'2014-08-21 08:40:49.222402','2014-08-21 08:40:49.222402');
INSERT INTO `units` VALUES(271,'1900-01-01 00:00:00.000000',10,'05',128,159,1,'2014-08-21 08:40:49.461428','2014-08-21 08:40:49.461428');
INSERT INTO `units` VALUES(272,'1900-01-01 00:00:00.000000',10,'06',128,155,1,'2014-08-21 08:40:49.572430','2014-08-21 08:40:49.572430');
INSERT INTO `units` VALUES(273,'1900-01-01 00:00:00.000000',10,'07',128,159,1,'2014-08-21 08:40:49.679275','2014-08-21 08:40:49.679275');
INSERT INTO `units` VALUES(274,'1900-01-01 00:00:00.000000',10,'08',128,156,1,'2014-08-21 08:40:49.972664','2014-08-21 08:40:49.972664');
INSERT INTO `units` VALUES(275,'1900-01-01 00:00:00.000000',10,'09',128,160,1,'2014-08-21 08:40:50.245240','2014-08-21 08:40:50.245240');
INSERT INTO `units` VALUES(276,'1900-01-01 00:00:00.000000',10,'10',128,150,1,'2014-08-21 08:40:50.352140','2014-08-21 08:40:50.352140');
INSERT INTO `units` VALUES(277,'1900-01-01 00:00:00.000000',10,'11',128,161,1,'2014-08-21 08:40:50.578113','2014-08-21 08:40:50.578113');
INSERT INTO `units` VALUES(278,'1900-01-01 00:00:00.000000',10,'12',128,160,1,'2014-08-21 08:40:50.682586','2014-08-21 08:40:50.682586');
INSERT INTO `units` VALUES(279,'1900-01-01 00:00:00.000000',10,'13',128,130,1,'2014-08-21 08:40:50.791731','2014-08-21 08:40:50.791731');
INSERT INTO `units` VALUES(280,'1900-01-01 00:00:00.000000',10,'14',128,150,1,'2014-08-21 08:40:50.923444','2014-08-21 08:40:50.923444');
INSERT INTO `units` VALUES(281,'1900-01-01 00:00:00.000000',10,'15',128,155,1,'2014-08-21 08:40:51.031356','2014-08-21 08:40:51.031356');
INSERT INTO `units` VALUES(282,'1900-01-01 00:00:00.000000',10,'16',128,156,1,'2014-08-21 08:40:51.144191','2014-08-21 08:40:51.144191');
INSERT INTO `units` VALUES(283,'1900-01-01 00:00:00.000000',10,'17',128,155,1,'2014-08-21 08:40:51.251898','2014-08-21 08:40:51.251898');
INSERT INTO `units` VALUES(284,'1900-01-01 00:00:00.000000',10,'18',128,158,1,'2014-08-21 08:40:51.360873','2014-08-21 08:40:51.360873');
INSERT INTO `units` VALUES(285,'1900-01-01 00:00:00.000000',10,'19',128,155,1,'2014-08-21 08:40:51.467065','2014-08-21 08:40:51.467065');
INSERT INTO `units` VALUES(286,'1900-01-01 00:00:00.000000',10,'20',128,150,1,'2014-08-21 08:40:51.593661','2014-08-21 08:40:51.593661');
INSERT INTO `units` VALUES(287,'1900-01-01 00:00:00.000000',10,'26',128,156,1,'2014-08-21 08:40:51.701914','2014-08-21 08:40:51.701914');
INSERT INTO `units` VALUES(288,'1900-01-01 00:00:00.000000',10,'27',128,150,1,'2014-08-21 08:40:51.808702','2014-08-21 08:40:51.808702');
INSERT INTO `units` VALUES(289,'1900-01-01 00:00:00.000000',10,'28',128,156,1,'2014-08-21 08:40:51.918508','2014-08-21 08:40:51.918508');
INSERT INTO `units` VALUES(290,'1900-01-01 00:00:00.000000',10,'29',128,136,1,'2014-08-21 08:40:52.026151','2014-08-21 08:40:52.026151');
INSERT INTO `units` VALUES(291,'1900-01-01 00:00:00.000000',10,'30',128,156,1,'2014-08-21 08:40:52.136436','2014-08-21 08:40:52.136436');
INSERT INTO `units` VALUES(292,'1900-01-01 00:00:00.000000',10,'31',128,136,1,'2014-08-21 08:40:52.255135','2014-08-21 08:40:52.255135');
INSERT INTO `units` VALUES(293,'1900-01-01 00:00:00.000000',10,'32',128,156,1,'2014-08-21 08:40:52.373981','2014-08-21 08:40:52.373981');
INSERT INTO `units` VALUES(294,'1900-01-01 00:00:00.000000',10,'33',128,156,1,'2014-08-21 08:40:52.499937','2014-08-21 08:40:52.499937');
INSERT INTO `units` VALUES(295,'1900-01-01 00:00:00.000000',10,'34',128,155,1,'2014-08-21 08:40:52.650391','2014-08-21 08:40:52.650391');
INSERT INTO `units` VALUES(296,'1900-01-01 00:00:00.000000',10,'35',128,155,1,'2014-08-21 08:40:52.754543','2014-08-21 08:40:52.754543');
INSERT INTO `units` VALUES(297,'1900-01-01 00:00:00.000000',10,'36',128,155,1,'2014-08-21 08:40:52.873796','2014-08-21 08:40:52.873796');
INSERT INTO `units` VALUES(298,'1900-01-01 00:00:00.000000',10,'37',128,162,1,'2014-08-21 08:40:53.132957','2014-08-21 08:40:53.132957');
INSERT INTO `units` VALUES(299,'1900-01-01 00:00:00.000000',10,'38',128,150,1,'2014-08-21 08:40:53.328020','2014-08-21 08:40:53.328020');
INSERT INTO `units` VALUES(300,'1900-01-01 00:00:00.000000',10,'39',128,119,1,'2014-08-21 08:40:53.437255','2014-08-21 08:40:53.437255');
INSERT INTO `units` VALUES(301,'1900-01-01 00:00:00.000000',10,'40',128,139,1,'2014-08-21 08:40:53.582945','2014-08-21 08:40:53.582945');
INSERT INTO `units` VALUES(302,'2015-01-08 00:00:00.000000',2,'01',129,99,1,'2014-08-21 08:41:01.665237','2014-08-21 08:41:01.665237');
INSERT INTO `units` VALUES(303,'2015-01-08 00:00:00.000000',2,'02',129,99,1,'2014-08-21 08:41:01.780395','2014-08-21 08:41:01.780395');
INSERT INTO `units` VALUES(304,'2015-01-08 00:00:00.000000',2,'03',129,99,1,'2014-08-21 08:41:02.070551','2014-08-21 08:41:02.070551');
INSERT INTO `units` VALUES(305,'2015-01-08 00:00:00.000000',2,'04',129,99,1,'2014-08-21 08:41:02.185643','2014-08-21 08:41:02.185643');
INSERT INTO `units` VALUES(306,'2015-01-08 00:00:00.000000',2,'05',129,99,1,'2014-08-21 08:41:02.301080','2014-08-21 08:41:02.301080');
INSERT INTO `units` VALUES(307,'2015-01-08 00:00:00.000000',2,'06',129,99,1,'2014-08-21 08:41:02.415555','2014-08-21 08:41:02.415555');
INSERT INTO `units` VALUES(308,'2015-01-08 00:00:00.000000',2,'07',129,99,1,'2014-08-21 08:41:02.536761','2014-08-21 08:41:02.536761');
INSERT INTO `units` VALUES(309,'2015-01-08 00:00:00.000000',0,'08',130,99,1,'2014-08-21 08:41:02.737529','2014-08-21 08:41:02.737529');
INSERT INTO `units` VALUES(310,'2015-01-08 00:00:00.000000',0,'09',130,99,1,'2014-08-21 08:41:02.866878','2014-08-21 08:41:02.866878');
INSERT INTO `units` VALUES(311,'2015-01-08 00:00:00.000000',0,'10',130,99,1,'2014-08-21 08:41:02.983821','2014-08-21 08:41:02.983821');
INSERT INTO `units` VALUES(312,'2015-01-15 11:00:00.000000',2,'01',131,99,1,'2014-08-21 08:41:03.223633','2014-08-21 08:41:03.223633');
INSERT INTO `units` VALUES(313,'2015-01-15 11:00:00.000000',2,'02',131,99,1,'2014-08-21 08:41:03.336041','2014-08-21 08:41:03.336041');
INSERT INTO `units` VALUES(314,'2015-01-15 11:00:00.000000',2,'03',131,99,1,'2014-08-21 08:41:03.508465','2014-08-21 08:41:03.508465');
INSERT INTO `units` VALUES(315,'2015-01-15 11:00:00.000000',2,'04',131,99,1,'2014-08-21 08:41:03.642227','2014-08-21 08:41:03.642227');
INSERT INTO `units` VALUES(316,'2015-01-15 11:00:00.000000',2,'05',131,99,1,'2014-08-21 08:41:03.756135','2014-08-21 08:41:03.756135');
INSERT INTO `units` VALUES(317,'2015-01-15 11:00:00.000000',2,'06',131,99,1,'2014-08-21 08:41:03.870466','2014-08-21 08:41:03.870466');
INSERT INTO `units` VALUES(318,'2015-01-15 11:00:00.000000',0,'07',131,99,1,'2014-08-21 08:41:03.988905','2014-08-21 08:41:03.988905');
INSERT INTO `units` VALUES(319,'2015-01-15 11:00:00.000000',0,'08',132,99,1,'2014-08-21 08:41:04.218669','2014-08-21 08:41:04.218669');
INSERT INTO `units` VALUES(320,'2015-01-15 11:00:00.000000',0,'09',131,99,1,'2014-08-21 08:41:04.501565','2014-08-21 08:41:04.501565');
INSERT INTO `units` VALUES(321,'2015-01-15 11:00:00.000000',0,'10',132,99,1,'2014-08-21 08:41:04.796722','2014-08-21 08:41:04.796722');
INSERT INTO `units` VALUES(322,'2015-01-06 14:00:00.000000',2,'01',133,99,1,'2014-08-21 08:41:05.005309','2014-08-21 08:41:05.005309');
INSERT INTO `units` VALUES(323,'2015-01-06 14:00:00.000000',2,'02',133,99,1,'2014-08-21 08:41:05.205119','2014-08-21 08:41:05.205119');
INSERT INTO `units` VALUES(324,'2015-01-06 14:00:00.000000',2,'03',133,99,1,'2014-08-21 08:41:05.314028','2014-08-21 08:41:05.314028');
INSERT INTO `units` VALUES(325,'2015-01-06 14:00:00.000000',2,'04',133,99,1,'2014-08-21 08:41:05.416868','2014-08-21 08:41:05.416868');
INSERT INTO `units` VALUES(326,'2015-01-06 14:00:00.000000',2,'05',133,99,1,'2014-08-21 08:41:05.618151','2014-08-21 08:41:05.618151');
INSERT INTO `units` VALUES(327,'2015-01-06 14:00:00.000000',2,'06',133,99,1,'2014-08-21 08:41:05.724510','2014-08-21 08:41:05.724510');
INSERT INTO `units` VALUES(328,'2015-01-06 14:00:00.000000',2,'07',133,99,1,'2014-08-21 08:41:05.943677','2014-08-21 08:41:05.943677');
INSERT INTO `units` VALUES(329,'2015-01-06 14:00:00.000000',2,'08',133,99,1,'2014-08-21 08:41:06.048697','2014-08-21 08:41:06.048697');
INSERT INTO `units` VALUES(330,'2015-01-06 14:00:00.000000',0,'09',134,99,1,'2014-08-21 08:41:06.467909','2014-08-21 08:41:06.467909');
INSERT INTO `units` VALUES(331,'2015-01-06 14:00:00.000000',0,'10',135,99,1,'2014-08-21 08:41:06.780317','2014-08-21 08:41:06.780317');
INSERT INTO `units` VALUES(332,'2015-01-11 14:00:00.000000',2,'01',136,99,1,'2014-08-21 08:41:06.966825','2014-08-21 08:41:06.966825');
INSERT INTO `units` VALUES(333,'2015-01-11 14:00:00.000000',2,'02',136,99,1,'2014-08-21 08:41:07.075268','2014-08-21 08:41:07.075268');
INSERT INTO `units` VALUES(334,'2015-01-11 14:00:00.000000',2,'03',136,99,1,'2014-08-21 08:41:07.192321','2014-08-21 08:41:07.192321');
INSERT INTO `units` VALUES(335,'2015-01-11 14:00:00.000000',2,'04',136,99,1,'2014-08-21 08:41:07.299427','2014-08-21 08:41:07.299427');
INSERT INTO `units` VALUES(336,'2015-01-11 14:00:00.000000',2,'05',136,99,1,'2014-08-21 08:41:07.401677','2014-08-21 08:41:07.401677');
INSERT INTO `units` VALUES(337,'2015-01-11 14:00:00.000000',2,'06',136,99,1,'2014-08-21 08:41:07.558411','2014-08-21 08:41:07.558411');
INSERT INTO `units` VALUES(338,'2015-01-11 14:00:00.000000',2,'07',136,99,1,'2014-08-21 08:41:07.667546','2014-08-21 08:41:07.667546');
INSERT INTO `units` VALUES(339,'2015-01-11 14:00:00.000000',0,'08',137,99,1,'2014-08-21 08:41:07.869682','2014-08-21 08:41:07.869682');
INSERT INTO `units` VALUES(340,'2015-01-11 14:00:00.000000',0,'09',137,99,1,'2014-08-21 08:41:07.983196','2014-08-21 08:41:07.983196');
INSERT INTO `units` VALUES(341,'2015-01-11 14:00:00.000000',0,'10',137,99,1,'2014-08-21 08:41:08.071896','2014-08-21 08:41:08.071896');
INSERT INTO `units` VALUES(342,'2015-01-11 14:00:00.000000',0,'11',137,99,1,'2014-08-21 08:41:08.176517','2014-08-21 08:41:08.176517');
INSERT INTO `units` VALUES(343,'2015-01-04 14:00:00.000000',0,'01',138,99,1,'2014-08-21 08:41:08.406810','2014-08-21 08:41:08.406810');
INSERT INTO `units` VALUES(344,'2015-01-04 14:00:00.000000',0,'02',139,99,1,'2014-08-21 08:41:08.616449','2014-08-21 08:41:08.616449');
INSERT INTO `units` VALUES(345,'2015-01-04 14:00:00.000000',0,'03',138,99,1,'2014-08-21 08:41:08.716707','2014-08-21 08:41:08.716707');
INSERT INTO `units` VALUES(346,'2015-01-04 14:00:00.000000',0,'04',140,99,1,'2014-08-21 08:41:08.941245','2014-08-21 08:41:08.941245');
INSERT INTO `units` VALUES(347,'2015-01-04 14:00:00.000000',0,'05',141,99,1,'2014-08-21 08:41:09.121799','2014-08-21 08:41:09.121799');
INSERT INTO `units` VALUES(348,'2015-01-04 14:00:00.000000',0,'06',141,99,1,'2014-08-21 08:41:09.225236','2014-08-21 08:41:09.225236');
INSERT INTO `units` VALUES(349,'2015-01-13 11:00:00.000000',2,'01',142,99,1,'2014-08-21 08:41:09.442280','2014-08-21 08:41:09.442280');
INSERT INTO `units` VALUES(350,'2015-01-13 11:00:00.000000',2,'02',142,99,1,'2014-08-21 08:41:09.545217','2014-08-21 08:41:09.545217');
INSERT INTO `units` VALUES(351,'2015-01-13 11:00:00.000000',2,'03',142,99,1,'2014-08-21 08:41:09.667611','2014-08-21 08:41:09.667611');
INSERT INTO `units` VALUES(352,'2015-01-13 11:00:00.000000',2,'04',142,99,1,'2014-08-21 08:41:09.778175','2014-08-21 08:41:09.778175');
INSERT INTO `units` VALUES(353,'2015-01-13 11:00:00.000000',2,'05',142,99,1,'2014-08-21 08:41:09.879194','2014-08-21 08:41:09.879194');
INSERT INTO `units` VALUES(354,'2015-01-13 11:00:00.000000',2,'06',142,99,1,'2014-08-21 08:41:09.983218','2014-08-21 08:41:09.983218');
INSERT INTO `units` VALUES(355,'2015-01-13 11:00:00.000000',2,'07',142,99,1,'2014-08-21 08:41:10.079565','2014-08-21 08:41:10.079565');
INSERT INTO `units` VALUES(356,'2015-01-13 11:00:00.000000',2,'08',142,99,1,'2014-08-21 08:41:10.199120','2014-08-21 08:41:10.199120');
INSERT INTO `units` VALUES(357,'2015-01-13 11:00:00.000000',0,'10',143,99,1,'2014-08-21 08:41:10.431936','2014-08-21 08:41:10.431936');
INSERT INTO `units` VALUES(358,'2015-01-13 11:00:00.000000',0,'11',143,99,1,'2014-08-21 08:41:10.535278','2014-08-21 08:41:10.535278');
INSERT INTO `units` VALUES(359,'2015-01-13 11:00:00.000000',0,'12',144,99,1,'2014-08-21 08:41:10.727706','2014-08-21 08:41:10.727706');
INSERT INTO `units` VALUES(360,'2015-01-06 11:00:00.000000',2,'01',145,99,1,'2014-08-21 08:41:10.946441','2014-08-21 08:41:10.946441');
INSERT INTO `units` VALUES(361,'2015-01-06 11:00:00.000000',2,'02',145,99,1,'2014-08-21 08:41:11.043815','2014-08-21 08:41:11.043815');
INSERT INTO `units` VALUES(362,'2015-01-06 11:00:00.000000',2,'03',145,99,1,'2014-08-21 08:41:11.149903','2014-08-21 08:41:11.149903');
INSERT INTO `units` VALUES(363,'2015-01-06 11:00:00.000000',2,'04',145,99,1,'2014-08-21 08:41:11.246076','2014-08-21 08:41:11.246076');
INSERT INTO `units` VALUES(364,'2015-01-06 11:00:00.000000',0,'05',146,99,1,'2014-08-21 08:41:11.438476','2014-08-21 08:41:11.438476');
INSERT INTO `units` VALUES(365,'2015-01-06 11:00:00.000000',0,'06',146,99,1,'2014-08-21 08:41:11.553582','2014-08-21 08:41:11.553582');
INSERT INTO `units` VALUES(366,'2015-01-06 11:00:00.000000',0,'07',145,99,1,'2014-08-21 08:41:11.668202','2014-08-21 08:41:11.668202');
INSERT INTO `units` VALUES(367,'2015-01-06 11:00:00.000000',0,'08',145,99,1,'2014-08-21 08:41:11.770296','2014-08-21 08:41:11.770296');
INSERT INTO `units` VALUES(368,'2015-01-06 11:00:00.000000',0,'09',145,99,1,'2014-08-21 08:41:11.874866','2014-08-21 08:41:11.874866');
INSERT INTO `units` VALUES(369,'2015-01-06 11:00:00.000000',0,'10',145,99,1,'2014-08-21 08:41:11.981511','2014-08-21 08:41:11.981511');
INSERT INTO `units` VALUES(370,'2015-01-06 11:00:00.000000',0,'11',145,99,1,'2014-08-21 08:41:12.086008','2014-08-21 08:41:12.086008');
INSERT INTO `units` VALUES(371,'2015-01-06 11:00:00.000000',0,'12',145,99,1,'2014-08-21 08:41:12.198720','2014-08-21 08:41:12.198720');
INSERT INTO `units` VALUES(372,'2015-01-13 11:00:00.000000',2,'01',147,99,1,'2014-08-21 08:41:12.391210','2014-08-21 08:41:12.391210');
INSERT INTO `units` VALUES(373,'2015-01-13 11:00:00.000000',2,'02',147,99,1,'2014-08-21 08:41:12.496236','2014-08-21 08:41:12.496236');
INSERT INTO `units` VALUES(374,'2015-01-13 11:00:00.000000',2,'03',147,99,1,'2014-08-21 08:41:12.605137','2014-08-21 08:41:12.605137');
INSERT INTO `units` VALUES(375,'2015-01-13 11:00:00.000000',2,'06',147,99,1,'2014-08-21 08:41:12.718087','2014-08-21 08:41:12.718087');
INSERT INTO `units` VALUES(376,'2015-01-13 11:00:00.000000',0,'07',148,99,1,'2014-08-21 08:41:12.932125','2014-08-21 08:41:12.932125');
INSERT INTO `units` VALUES(377,'2015-01-13 11:00:00.000000',0,'08',147,99,1,'2014-08-21 08:41:13.052953','2014-08-21 08:41:13.052953');
INSERT INTO `units` VALUES(378,'2015-01-13 11:00:00.000000',0,'09',147,99,1,'2014-08-21 08:41:13.174061','2014-08-21 08:41:13.174061');
INSERT INTO `units` VALUES(379,'2015-01-13 11:00:00.000000',0,'10',147,99,1,'2014-08-21 08:41:13.288246','2014-08-21 08:41:13.288246');
INSERT INTO `units` VALUES(380,'2015-01-13 11:00:00.000000',0,'11',148,99,1,'2014-08-21 08:41:13.395916','2014-08-21 08:41:13.395916');
INSERT INTO `units` VALUES(381,'2015-01-13 11:00:00.000000',0,'12',149,99,1,'2014-08-21 08:41:13.594446','2014-08-21 08:41:13.594446');
INSERT INTO `units` VALUES(382,'2015-01-04 11:00:00.000000',2,'01',150,99,1,'2014-08-21 08:41:13.822613','2014-08-21 08:41:13.822613');
INSERT INTO `units` VALUES(383,'2015-01-04 11:00:00.000000',2,'02',150,99,1,'2014-08-21 08:41:13.925926','2014-08-21 08:41:13.925926');
INSERT INTO `units` VALUES(384,'2015-01-04 11:00:00.000000',2,'03',150,99,1,'2014-08-21 08:41:14.029660','2014-08-21 08:41:14.029660');
INSERT INTO `units` VALUES(385,'2015-01-04 11:00:00.000000',2,'04',150,99,1,'2014-08-21 08:41:14.136915','2014-08-21 08:41:14.136915');
INSERT INTO `units` VALUES(386,'2015-01-04 11:00:00.000000',2,'05',150,99,1,'2014-08-21 08:41:14.245680','2014-08-21 08:41:14.245680');
INSERT INTO `units` VALUES(387,'2015-01-04 11:00:00.000000',2,'06',150,99,1,'2014-08-21 08:41:14.461632','2014-08-21 08:41:14.461632');
INSERT INTO `units` VALUES(388,'2015-01-04 11:00:00.000000',2,'07',150,99,1,'2014-08-21 08:41:14.569877','2014-08-21 08:41:14.569877');
INSERT INTO `units` VALUES(389,'2015-01-04 11:00:00.000000',2,'08',150,99,1,'2014-08-21 08:41:14.673033','2014-08-21 08:41:14.673033');
INSERT INTO `units` VALUES(390,'2015-01-04 11:00:00.000000',2,'09',150,99,1,'2014-08-21 08:41:14.777716','2014-08-21 08:41:14.777716');
INSERT INTO `units` VALUES(391,'2015-01-04 11:00:00.000000',0,'10',151,99,1,'2014-08-21 08:41:14.991146','2014-08-21 08:41:14.991146');
INSERT INTO `units` VALUES(392,'2015-01-04 11:00:00.000000',0,'11',151,99,1,'2014-08-21 08:41:15.097876','2014-08-21 08:41:15.097876');
INSERT INTO `units` VALUES(394,'2015-01-12 16:00:00.000000',15,'01',89,89,1,'2014-08-21 14:18:22.959776','2014-08-21 14:18:22.959776');
INSERT INTO `units` VALUES(395,'2015-01-04 14:00:00.000000',40,'01',152,99,1,'2014-08-21 18:36:22.333377','2014-08-21 18:36:22.333377');
CREATE TABLE `users` (`id` INTEGER PRIMARY KEY AUTO_INCREMENT NOT NULL, `email` varchar(255) DEFAULT '' NOT NULL, `encrypted_password` varchar(255) DEFAULT '' NOT NULL, `reset_password_token` varchar(255), `reset_password_sent_at` datetime, `remember_created_at` datetime, `sign_in_count` integer DEFAULT 0 NOT NULL, `current_sign_in_at` datetime, `last_sign_in_at` datetime, `current_sign_in_ip` varchar(255), `last_sign_in_ip` varchar(255), `created_at` datetime, `updated_at` datetime);
INSERT INTO `users` VALUES(1,'navid.saleh.n@gmail.com','$2a$10$vTRd0V2GA3Dcy2xAyDoPu.t617T37VNXnz.nz6Hc5pUNR6wab/tT.',NULL,NULL,NULL,9,'2014-08-21 19:36:49.295320','2014-08-21 18:08:53.753244','91.99.51.119','37.63.141.70','2014-08-21 04:46:21.711798','2014-08-21 19:36:49.296262');
INSERT INTO `users` VALUES(2,'pejman.invincible19@gmail.com','$2a$10$S.0aqBQUGv7wVlda3wAAk.NaDzxPflfaNeKL4s3eIbMcAToeSpdv.',NULL,NULL,NULL,7,'2014-08-21 18:57:35.860383','2014-08-21 16:12:12.577302','37.63.141.70','37.63.141.70','2014-08-21 04:55:48.804371','2014-08-21 18:57:35.863010');
INSERT INTO `users` VALUES(3,'razeghiyasaman@yahoo.com','$2a$10$73Ji5bijcWYSKmWH9UlW4O3szztnd0uc/w.Lj51uS4qREH4YUU0o6',NULL,NULL,NULL,1,'2014-08-21 05:06:42.103447','2014-08-21 05:06:42.103447','188.245.136.130','188.245.136.130','2014-08-21 05:06:42.011028','2014-08-21 05:06:42.105286');
INSERT INTO `users` VALUES(4,'maryam.younesi00@gmail.com','$2a$10$S3JxWnoAmpXB8YwHyqUyQuJ14j7vRhUlUgJDXzDxHW6vGiV.dDCta',NULL,NULL,NULL,2,'2014-08-21 11:20:22.006376','2014-08-21 05:17:41.312785','2.190.252.97','2.190.252.97','2014-08-21 05:17:41.049866','2014-08-21 11:20:22.008422');
INSERT INTO `users` VALUES(5,'rezaamir2006@gmail.com','$2a$10$UGactuhEYUYfMZ/8xlWta.fBky28AZNTxgA6mRWFKU9hqJmIvg2Mu',NULL,NULL,NULL,4,'2014-08-21 14:52:07.540396','2014-08-21 14:21:49.499480','85.9.115.90','85.9.115.90','2014-08-21 05:31:14.050606','2014-08-21 14:52:07.541697');
INSERT INTO `users` VALUES(6,'a@b.c','$2a$10$4qVj1A3Gwhtu7pXn1xKaquash4PI91zttA6CEfsHVKuQ3f9lN5c92',NULL,NULL,NULL,6,'2014-08-21 20:00:25.621790','2014-08-21 19:39:58.657697','2.176.211.31','2.176.211.31','2014-08-21 05:45:02.212542','2014-08-21 20:00:25.623177');
INSERT INTO `users` VALUES(7,'n.naderian71@gmail.com','$2a$10$FAfMEjt6x4gqvm2bf4uWoumLeUy6zoXc8kcPoI/xnW9p3f7Rn6ZQK',NULL,NULL,NULL,2,'2014-08-21 14:13:16.150441','2014-08-21 07:57:53.619529','151.242.189.12','151.243.42.151','2014-08-21 07:57:53.523776','2014-08-21 14:13:16.151832');
INSERT INTO `users` VALUES(8,'ghafaria@ymail.com','$2a$10$Obz0mvlBrHknRiaqngRE1.vZJKCs4LLY3AG/gTaV6tHsghbUvBs56',NULL,NULL,NULL,4,'2014-08-21 19:15:54.413961','2014-08-21 15:20:04.553040','2.177.89.207','2.177.19.21','2014-08-21 07:57:56.090598','2014-08-21 19:15:54.416399');
INSERT INTO `users` VALUES(9,'mohammad.mdoust@gmail.com','$2a$10$.GAksL.uhhsSIAcE50uZIet7qdchhks045pN9RJzxB0AHO0sc9VQ6',NULL,NULL,NULL,1,'2014-08-21 08:51:05.995755','2014-08-21 08:51:05.995755','172.16.32.51','172.16.32.51','2014-08-21 08:51:05.904723','2014-08-21 08:51:05.997751');
INSERT INTO `users` VALUES(10,'test@test.com','$2a$10$Ag2Gpw929iMKF.IdBbIbU.D6Y8MhtuohWzFcX5yOkTtcwwTUS1ENK',NULL,NULL,NULL,1,'2014-08-21 08:58:45.847615','2014-08-21 08:58:45.847615','172.17.115.247','172.17.115.247','2014-08-21 08:58:45.741089','2014-08-21 08:58:45.849530');
INSERT INTO `users` VALUES(11,'navid_saleh@yahoo.com','$2a$10$MdqB/ABERt6/e9oZ4ZpY8.c1GTc86aPJwZJMGC9nOb.r4p8LeXaWu',NULL,NULL,NULL,1,'2014-08-21 09:01:46.267040','2014-08-21 09:01:46.267040','37.63.135.159','37.63.135.159','2014-08-21 09:01:46.176266','2014-08-21 09:01:46.268934');
INSERT INTO `users` VALUES(12,'alikgs19@gmaill.com','$2a$10$xkjlI4ErwMeWUpp2pWDp3Ojd6uVy7KRqZwKOoIXKtAKm5tT3BrWeO',NULL,NULL,NULL,1,'2014-08-21 09:07:36.722861','2014-08-21 09:07:36.722861','5.9.131.152','5.9.131.152','2014-08-21 09:07:36.631125','2014-08-21 09:07:36.724834');
INSERT INTO `users` VALUES(13,'rgf7112@yahoo.co.uk','$2a$10$qEFyoJP5rXjBVUnumO5.iOKHUClCI5.OgnR69vkabGCHv8rufgH4y',NULL,NULL,NULL,1,'2014-08-21 09:51:47.942277','2014-08-21 09:51:47.942277','91.133.217.80','91.133.217.80','2014-08-21 09:51:47.855289','2014-08-21 09:51:47.943927');
INSERT INTO `users` VALUES(14,'md.ut@ut.ir','$2a$10$I9X1jDmec.Cworw9X31Q3ukWUywmFRe1UP.Mqrl8SmjPCzTiKqDWK',NULL,NULL,NULL,1,'2014-08-21 10:18:43.238115','2014-08-21 10:18:43.238115','172.16.147.67','172.16.147.67','2014-08-21 10:18:43.131920','2014-08-21 10:18:43.240077');
INSERT INTO `users` VALUES(15,'sara@gmail.com','$2a$10$twSMDMtUdtIgPifNRn68u.bcsg8DgdtY.RQhV5LbnrgK5WbB0l38i',NULL,NULL,NULL,1,'2014-08-21 10:24:40.353488','2014-08-21 10:24:40.353488','91.99.18.35','91.99.18.35','2014-08-21 10:24:40.248851','2014-08-21 10:24:40.355355');
INSERT INTO `users` VALUES(16,'jmohsenm@gmail.com','$2a$10$I.hnJXXPQHVjLJoErjkbguI4wzWl/QBJRo79Yuq.HcqLqO3bZndgi',NULL,NULL,NULL,4,'2014-08-21 14:47:28.204641','2014-08-21 14:46:14.603909','85.9.115.90','85.9.115.90','2014-08-21 13:56:21.971168','2014-08-21 14:47:28.205513');
INSERT INTO `users` VALUES(17,'a@a.a','$2a$10$6cWLKJy4QQO467kqxQDZB.pS02XQAiTgohD0M1QSwvYBCTJRQp8Fy',NULL,NULL,NULL,3,'2014-08-21 19:34:19.245798','2014-08-21 19:11:26.880864','151.243.5.193','151.243.5.193','2014-08-21 18:15:56.322400','2014-08-21 19:34:19.246759');
INSERT INTO `users` VALUES(18,'ms.shahshahani@gmail.com','$2a$10$v4l11jKsCeAsyy38a7iLUOqBhmDEGw5ijuUrqocqMr3paJMQUXhlG',NULL,NULL,NULL,1,'2014-08-21 18:31:13.187342','2014-08-21 18:31:13.187342','109.122.251.61','109.122.251.61','2014-08-21 18:31:13.046247','2014-08-21 18:31:13.188160');
INSERT INTO `users` VALUES(19,'alirezam2006@gmail.com','$2a$10$2FhxkWFtn13PJf3enNtrE.9LjVK37RPBpJokb9zYMxYAx.ZOUGQTy',NULL,NULL,NULL,1,'2014-08-21 19:25:28.414175','2014-08-21 19:25:28.414175','206.190.135.212','206.190.135.212','2014-08-21 19:25:28.319349','2014-08-21 19:25:28.414713');
INSERT INTO `users` VALUES(20,'mk.parhizkar@ut.ac.ir','$2a$10$u4tK5NhOpKF2KmfcteFZUOYXAWnNyTi2tkm8bcC6AqI0HzQmN4KFa',NULL,NULL,NULL,1,'2014-08-21 19:45:35.297253','2014-08-21 19:45:35.297253','64.40.147.235','64.40.147.235','2014-08-21 19:45:35.201336','2014-08-21 19:45:35.297909');
INSERT INTO `users` VALUES(21,'sara.sarnv95@gmail.com','$2a$10$RV7i3.kjFZZzQvgrB07V/.Ib2/6hbS98sUjW.UVppPRw.iaSiG9Ya',NULL,NULL,NULL,2,'2014-08-21 20:23:23.209557','2014-08-21 20:21:35.562776','91.99.18.35','91.99.18.35','2014-08-21 20:21:35.473819','2014-08-21 20:23:23.210520');
CREATE TABLE `schema_migrations` (`version` varchar(255) NOT NULL);
INSERT INTO `schema_migrations` VALUES('20140818104649');
INSERT INTO `schema_migrations` VALUES('20140817121134');
INSERT INTO `schema_migrations` VALUES('20140817121053');
INSERT INTO `schema_migrations` VALUES('20140817121228');
INSERT INTO `schema_migrations` VALUES('20140817120855');
INSERT INTO `schema_migrations` VALUES('20140817121701');
INSERT INTO `schema_migrations` VALUES('20140817123840');
INSERT INTO `schema_migrations` VALUES('20140817123932');
INSERT INTO `schema_migrations` VALUES('20140817124146');
INSERT INTO `schema_migrations` VALUES('20140817123616');
INSERT INTO `schema_migrations` VALUES('20140817144920');
INSERT INTO `schema_migrations` VALUES('20140817120924');
INSERT INTO `schema_migrations` VALUES('20140817155813');
INSERT INTO `schema_migrations` VALUES('20140818050017');
INSERT INTO `schema_migrations` VALUES('20140817120745');
CREATE UNIQUE INDEX `index_admins_on_email` ON `admins` (`email`);
CREATE UNIQUE INDEX `index_admins_on_reset_password_token` ON `admins` (`reset_password_token`);
CREATE UNIQUE INDEX `index_admins_on_unlock_token` ON `admins` (`unlock_token`);
CREATE UNIQUE INDEX `index_users_on_email` ON `users` (`email`);
CREATE UNIQUE INDEX `index_users_on_reset_password_token` ON `users` (`reset_password_token`);
CREATE UNIQUE INDEX `unique_schema_migrations` ON `schema_migrations` (`version`);
